INFO:     192.168.20.92:54628 - "POST /check-actual-password HTTP/1.1" 200 OK
INFO:     192.168.17.90:54670 - "POST /check-actual-password HTTP/1.1" 200 OK
INFO:     192.168.20.126:54437 - "POST /authenticate HTTP/1.1" 200 OK
INFO:     192.168.17.109:54905 - "GET /files/py/packages/list/ HTTP/1.1" 200 OK
INFO:     192.168.17.109:54908 - "GET / HTTP/1.1" 200 OK
INFO:     192.168.17.109:54909 - "GET /files/project-cust/hash/ HTTP/1.1" 200 OK
INFO:     192.168.20.126:54443 - "POST /authenticate HTTP/1.1" 200 OK
INFO:     192.168.17.42:50690 - "GET /files/py/packages/list/ HTTP/1.1" 200 OK
INFO:     192.168.17.42:50694 - "GET / HTTP/1.1" 200 OK
INFO:     192.168.17.42:50695 - "GET /files/project-cust/hash/ HTTP/1.1" 200 OK
INFO:     IS_TEST_BASE: '0'
INFO:     [bitrix24.РаспоряжениеНаДоставку.СинхронизацияТабличнойЧасти] Ответ успешно принят: {'title': '000008088 от 27.08.2026',
 'ufCrm18CountSpots': 1,
 'ufCrm18Customer': 'Пауэрз',
 'ufCrm18DateShipment': '28.08.2026',
 'ufCrm18DimensionsSpots': '200x200x200',
 'ufCrm18GrossWeight': 1.0,
 'ufCrm18Info': 'груз небольшой - Саша\n36 комплеков щеток',
 'ufCrm18Insurance': 0.0,
 'ufCrm18NetWeigth': 1.0,
 'ufCrm18PackingType': 'коробка',
 'ufCrm18Payment': 'Организация',
 'ufCrm18Products': ' Щетки угольные AEG 4931428732 (см. описание) - 39 компл',
 'ufCrm18Recipient': 'Пауэрз, ИНН ',
 'ufCrm18RecipientAddress': '173526, Новгородская обл, р-н Новгородский, рп '
                            'Панковка, ул Индустриальная, д. 19',
 'ufCrm18RecipientContact': 'Шаляпина Марина Сергеевна, +7+79210250050',
 'ufCrm18Shipper': 'ООО "ПАУЭРЗ"',
 'ufCrm18Shipper2': 'ИНТЕРНЕТ РЕШЕНИЯ ООО поставщик',
 'ufCrm18ShipperContact': 'интернет магазин менеджера нет, +78002347000',
 'ufCrm18ShippingAddress': '',
 'ufCrm18ShippingAddress2': 'Панковка, Строительная ул., 17',
 'ufCrm18ShippingMethod': 'На усмотрение транспортной службы',
 'ufCrm18Volume': 0.008,
 'xmlId': '361d26c1-a1ef-11f1-a4b9-30e1716be59e'}
INFO:     192.168.100.50:52103 - "POST /hs/mes/exchange/v1/order-delivery/ HTTP/1.1" 200 OK
INFO:     192.168.20.126:54445 - "POST /authenticate HTTP/1.1" 200 OK
INFO:     192.168.17.42:50765 - "POST /authenticate HTTP/1.1" 200 OK
INFO:     192.168.17.42:50768 - "POST /check-actual-password HTTP/1.1" 200 OK
INFO:root:zp_etaps: obj_full_name='ДокументОбъект.ЭтапПроизводства2_2' GUID=UUID('9e8b92a2-a822-11f1-a4ba-30e1716be59f') action_type='MES.ERP/ЗП.Этапы.КонтрольИзменений' is_test=False status='Начат' is_deleted=False timestamp=1788775375
INFO:root:Запись завершена, результат: 1200914
INFO:     192.168.100.50:52228 - "POST /hs/mes/exchange/v1/zp_etaps/changes/ HTTP/1.1" 200 OK
INFO:     192.168.20.126:54461 - "POST /check-actual-password HTTP/1.1" 200 OK
INFO:     IS_TEST_BASE: '0'
INFO:     [bitrix24.ЗаказПоставщику.СинхронизацияЗаказа/ТабличнойЧасти] Ответ успешно принят: {'DeletionMark': False,
 'Ref_Key': '86bb5b34-8661-11f1-a4b1-30e1716be59f',
 'data_version': 'AAAAAATeRbc=',
 'description': 'КЭ00-001382 от 22.07.2026',
 'products': [{'Ref_Key': 'afecfb78-7199-11ee-84d0-00d861dd2b4a',
               'count': 1.0,
               'description': 'Контекстная реклама в интернете',
               'measure_code': 'NULL',
               'measure_code_nomen': 'Штука',
               'measure_code_pos': 'NULL',
               'price': 9474.89,
               'ratio_for_report': 1.0},
              {'Ref_Key': 'afecfb78-7199-11ee-84d0-00d861dd2b4a',
               'count': 1.0,
               'description': 'Контекстная реклама в интернете',
               'measure_code': 'NULL',
               'measure_code_nomen': 'Штука',
               'measure_code_pos': 'NULL',
               'price': 39705.44,
               'ratio_for_report': 1.0}],
 'status': 'Закрыт'}
INFO:     192.168.100.50:52264 - "POST /hs/mes/exchange/v1/order-supplier/ HTTP/1.1" 200 OK
INFO:     192.168.20.126:54467 - "POST /authenticate HTTP/1.1" 200 OK
INFO:     192.168.20.126:54472 - "POST /authenticate HTTP/1.1" 200 OK
INFO:     192.168.17.48:55470 - "POST /authenticate HTTP/1.1" 200 OK
INFO:     192.168.17.97:57748 - "POST /authenticate HTTP/1.1" 200 OK
INFO:root:zp_etaps: obj_full_name='ДокументОбъект.ЗаказНаПроизводство2_2' GUID=UUID('93e1ba4a-a16d-11f1-a4b9-30e1716be59e') action_type='MES.ERP/ЗП.Этапы.КонтрольИзменений' is_test=False status='' is_deleted=False timestamp=None
INFO:root:Запись завершена, результат: 1200917
INFO:     192.168.100.50:52372 - "POST /hs/mes/exchange/v1/zp_etaps/changes/ HTTP/1.1" 200 OK
INFO:     IS_TEST_BASE: '0'
INFO:     [bitrix24.Сделка/ОбновлениеСтатуса] Ответ успешно принят: {'UF_CRM_1737711083528': '',
 'UF_CRM_1737727925': '',
 'forced': False,
 'id': 17969,
 'status_code': 'C1:5'}
INFO:     192.168.100.50:52379 - "POST /hs/mes/exchange/v1/deal/status/ HTTP/1.1" 200 OK
INFO:     192.168.17.97:57751 - "POST /check-actual-password HTTP/1.1" 200 OK
INFO:     192.168.17.48:55487 - "POST /authenticate HTTP/1.1" 200 OK
INFO:root:zp_etaps: obj_full_name='ДокументОбъект.ЭтапПроизводства2_2' GUID=UUID('744ecb7f-dbfa-11f0-a483-30e1716be59f') action_type='MES.ERP/ЗП.Этапы.КонтрольИзменений' is_test=False status='Начат' is_deleted=False timestamp=1788775542
INFO:root:Запись завершена, результат: 1200919
INFO:     192.168.100.50:52536 - "POST /hs/mes/exchange/v1/zp_etaps/changes/ HTTP/1.1" 200 OK
INFO:     192.168.17.48:55501 - "POST /authenticate HTTP/1.1" 200 OK
INFO:     192.168.17.48:55507 - "POST /authenticate HTTP/1.1" 200 OK
INFO:     192.168.17.109:55047 - "GET /files/py/packages/list/ HTTP/1.1" 200 OK
INFO:     192.168.17.109:55052 - "GET / HTTP/1.1" 200 OK
INFO:     192.168.17.109:55053 - "GET /files/project-cust/hash/ HTTP/1.1" 200 OK
INFO:     192.168.17.109:55064 - "POST /authenticate HTTP/1.1" 200 OK
INFO:     192.168.17.109:55065 - "POST /check-actual-password HTTP/1.1" 200 OK
INFO:     192.168.19.249:56440 - "GET /files/py/packages/list/ HTTP/1.1" 200 OK
INFO:     IS_TEST_BASE: '0'
INFO:     [bitrix24.РаспоряжениеНаДоставку.СинхронизацияТабличнойЧасти] Ответ успешно принят: {'title': '000008088 от 27.08.2026',
 'ufCrm18CountSpots': 1,
 'ufCrm18Customer': 'Пауэрз',
 'ufCrm18DateShipment': '28.08.2026',
 'ufCrm18DimensionsSpots': '200x200x200',
 'ufCrm18GrossWeight': 1.0,
 'ufCrm18Info': 'груз небольшой - Саша\n36 комплеков щеток',
 'ufCrm18Insurance': 0.0,
 'ufCrm18NetWeigth': 1.0,
 'ufCrm18PackingType': 'коробка',
 'ufCrm18Payment': 'Организация',
 'ufCrm18Products': ' Щетки угольные AEG 4931428732 (см. описание) - 39 компл',
 'ufCrm18Recipient': 'Пауэрз, ИНН ',
 'ufCrm18RecipientAddress': '173526, Новгородская обл, р-н Новгородский, рп '
                            'Панковка, ул Индустриальная, д. 19',
 'ufCrm18RecipientContact': 'Шаляпина Марина Сергеевна, +7+79210250050',
 'ufCrm18Shipper': 'ООО "ПАУЭРЗ"',
 'ufCrm18Shipper2': 'ИНТЕРНЕТ РЕШЕНИЯ ООО поставщик',
 'ufCrm18ShipperContact': 'интернет магазин менеджера нет, +78002347000',
 'ufCrm18ShippingAddress': '',
 'ufCrm18ShippingAddress2': 'Панковка, Строительная ул., 17',
 'ufCrm18ShippingMethod': 'На усмотрение транспортной службы',
 'ufCrm18Volume': 0.008,
 'xmlId': '361d26c1-a1ef-11f1-a4b9-30e1716be59e'}
INFO:     192.168.100.50:52691 - "POST /hs/mes/exchange/v1/order-delivery/ HTTP/1.1" 200 OK
INFO:     IS_TEST_BASE: '0'
INFO:     [bitrix24.ЗаказПоставщику.СинхронизацияЗаказа/ТабличнойЧасти] Ответ успешно принят: {'DeletionMark': False,
 'Ref_Key': '4fdd7ee6-8a58-11f1-a4b3-30e1716be59e',
 'data_version': 'AAAAAATeRcU=',
 'description': 'КЭ00-001404 от 28.07.2026',
 'products': [{'Ref_Key': 'fd9d31ff-2b21-11eb-8455-00d861dd2b4a',
               'count': 1.0,
               'description': 'услуга для организации доставки груза',
               'measure_code': 'NULL',
               'measure_code_nomen': 'Штука',
               'measure_code_pos': 'NULL',
               'price': 111621.12,
               'ratio_for_report': 1.0}],
 'status': 'Подтвержден'}
INFO:     192.168.100.50:52694 - "POST /hs/mes/exchange/v1/order-supplier/ HTTP/1.1" 200 OK

{'ok': True, 'accepted': True, 'task_id': 1200899, 'is_test_base': '0', 'queue': 'MES.ERP/ЗП.Этапы.КонтрольИзменений', 'detail': 'Событие принято.'}
2026-09-07 09:53:43 Load req
"
            SELECT id, key, queue, finished, message_status, chat_accepted, is_test
            FROM exchange
            WHERE queue = ? AND key = ?
            ORDER BY id DESC
            LIMIT 1;
            "
 from db: 0.402447 secs.

2026-09-07 09:53:43 Load req
"
            INSERT INTO exchange(key, queue, data, finished, is_test)
            VALUES (?, ?, ?, 0, ?)
            RETURNING id;
            "
 from db: 0.020083 secs.

{'ok': True, 'accepted': True, 'task_id': 1200900, 'is_test_base': '0', 'queue': 'MES.ERP/ЗП.Этапы.КонтрольИзменений', 'detail': 'Событие принято.'}
2026-09-07 09:53:45 Load req
"
            SELECT id, key, queue, finished, message_status, chat_accepted, is_test
            FROM exchange
            WHERE queue = ? AND key = ?
            ORDER BY id DESC
            LIMIT 1;
            "
 from db: 0.492256 secs.

2026-09-07 09:53:45 Load req
"
            INSERT INTO exchange(key, queue, data, finished, is_test)
            VALUES (?, ?, ?, 0, ?)
            RETURNING id;
            "
 from db: 0.01855 secs.

{'ok': True, 'accepted': True, 'task_id': 1200901, 'is_test_base': '0', 'queue': 'MES.ERP/ЗП.Этапы.КонтрольИзменений', 'detail': 'Событие принято.'}
2026-09-07 09:55:45 Load req
"
            SELECT id, key, queue, finished, message_status, chat_accepted, is_test
            FROM exchange
            WHERE queue = ? AND key = ?
            ORDER BY id DESC
            LIMIT 1;
            "
 from db: 0.3619 secs.

2026-09-07 09:55:45 Load req
"
            INSERT INTO exchange(key, queue, data, finished, is_test)
            VALUES (?, ?, ?, 0, ?)
            RETURNING id;
            "
 from db: 0.011473 secs.

{'ok': True, 'accepted': True, 'task_id': 1200902, 'is_test_base': '0', 'queue': 'MES.ERP/ЗП.Этапы.КонтрольИзменений', 'detail': 'Событие принято.'}
2026-09-07 09:56:22 Load req
"
            SELECT id, key, queue, finished, message_status, chat_accepted, is_test
            FROM exchange
            WHERE queue = ? AND key = ?
            ORDER BY id DESC
            LIMIT 1;
            "
 from db: 0.375442 secs.

2026-09-07 09:56:22 Load req
"
            INSERT INTO exchange(key, queue, data, finished, is_test)
            VALUES (?, ?, ?, 0, ?)
            RETURNING id;
            "
 from db: 0.024101 secs.

{'ok': True, 'accepted': True, 'task_id': 1200903, 'is_test_base': '0', 'queue': 'MES.ERP/ЗП.Этапы.КонтрольИзменений', 'detail': 'Событие принято.'}
2026-09-07 09:57:01 Load req
"INSERT INTO exchange(key, queue, data, is_test) VALUES (?, ?, ?, ?)"
 from db: 0.027977 secs.

2026-09-07 09:58:17 Load req
"
            SELECT id, key, queue, finished, message_status, chat_accepted, is_test
            FROM exchange
            WHERE queue = ? AND key = ?
            ORDER BY id DESC
            LIMIT 1;
            "
 from db: 0.385522 secs.

2026-09-07 09:58:17 Load req
"
            INSERT INTO exchange(key, queue, data, finished, is_test)
            VALUES (?, ?, ?, 0, ?)
            RETURNING id;
            "
 from db: 0.020563 secs.

{'ok': True, 'accepted': True, 'task_id': 1200905, 'is_test_base': '0', 'queue': 'MES.ERP/ЗП.Этапы.КонтрольИзменений', 'detail': 'Событие принято.'}
2026-09-07 09:58:46 Load req
"
            SELECT id, key, queue, finished, message_status, chat_accepted, is_test
            FROM exchange
            WHERE queue = ? AND key = ?
            ORDER BY id DESC
            LIMIT 1;
            "
 from db: 0.377867 secs.

2026-09-07 09:58:46 Load req
"
            INSERT INTO exchange(key, queue, data, finished, is_test)
            VALUES (?, ?, ?, 0, ?)
            RETURNING id;
            "
 from db: 0.02295 secs.

{'ok': True, 'accepted': True, 'task_id': 1200906, 'is_test_base': '0', 'queue': 'MES.ERP/ЗП.Этапы.КонтрольИзменений', 'detail': 'Событие принято.'}
2026-09-07 09:59:43 Load req
"
            SELECT id, key, queue, finished, message_status, chat_accepted, is_test
            FROM exchange
            WHERE queue = ? AND key = ?
            ORDER BY id DESC
            LIMIT 1;
            "
 from db: 0.36329 secs.

2026-09-07 09:59:43 Load req
"
            INSERT INTO exchange(key, queue, data, finished, is_test)
            VALUES (?, ?, ?, 0, ?)
            RETURNING id;
            "
 from db: 0.010296 secs.

{'ok': True, 'accepted': True, 'task_id': 1200907, 'is_test_base': '0', 'queue': 'MES.ERP/ЗП.Этапы.КонтрольИзменений', 'detail': 'Событие принято.'}
2026-09-07 09:59:58 Load req
"INSERT INTO exchange(key, queue, data, is_test) VALUES (?, ?, ?, ?)"
 from db: 0.03354 secs.

2026-09-07 10:00:13 Load req
"INSERT INTO exchange(key, queue, data, is_test) VALUES (?, ?, ?, ?)"
 from db: 0.012111 secs.

/ping ошибка:  name 'for_1c' is not defined
/ping ошибка:  name 'for_1c' is not defined
2026-09-07 10:02:01 Load req
"INSERT INTO exchange(key, queue, data, is_test) VALUES (?, ?, ?, ?)"
 from db: 0.022734 secs.

2026-09-07 10:02:56 Load req
"
            SELECT id, key, queue, finished, message_status, chat_accepted, is_test
            FROM exchange
            WHERE queue = ? AND key = ?
            ORDER BY id DESC
            LIMIT 1;
            "
 from db: 0.396061 secs.

2026-09-07 10:02:56 Load req
"
            INSERT INTO exchange(key, queue, data, finished, is_test)
            VALUES (?, ?, ?, 0, ?)
            RETURNING id;
            "
 from db: 0.021001 secs.

{'ok': True, 'accepted': True, 'task_id': 1200914, 'is_test_base': '0', 'queue': 'MES.ERP/ЗП.Этапы.КонтрольИзменений', 'detail': 'Событие принято.'}
2026-09-07 10:03:07 Load req
"INSERT INTO exchange(key, queue, data, is_test) VALUES (?, ?, ?, ?)"
 from db: 0.030235 secs.

2026-09-07 10:04:15 Load req
"
            SELECT id, key, queue, finished, message_status, chat_accepted, is_test
            FROM exchange
            WHERE queue = ? AND key = ?
            ORDER BY id DESC
            LIMIT 1;
            "
 from db: 0.364327 secs.

2026-09-07 10:04:15 Load req
"
            INSERT INTO exchange(key, queue, data, finished, is_test)
            VALUES (?, ?, ?, 0, ?)
            RETURNING id;
            "
 from db: 0.012595 secs.

{'ok': True, 'accepted': True, 'task_id': 1200917, 'is_test_base': '0', 'queue': 'MES.ERP/ЗП.Этапы.КонтрольИзменений', 'detail': 'Событие принято.'}
2026-09-07 10:04:16 Load req
"INSERT INTO exchange(key, queue, data, is_test) VALUES (?, ?, ?, ?)"
 from db: 0.030118 secs.

2026-09-07 10:05:42 Load req
"
            SELECT id, key, queue, finished, message_status, chat_accepted, is_test
            FROM exchange
            WHERE queue = ? AND key = ?
            ORDER BY id DESC
            LIMIT 1;
            "
 from db: 0.379275 secs.

2026-09-07 10:05:42 Load req
"
            INSERT INTO exchange(key, queue, data, finished, is_test)
            VALUES (?, ?, ?, 0, ?)
            RETURNING id;
            "
 from db: 0.021522 secs.

{'ok': True, 'accepted': True, 'task_id': 1200919, 'is_test_base': '0', 'queue': 'MES.ERP/ЗП.Этапы.КонтрольИзменений', 'detail': 'Событие принято.'}
/ping ошибка:  name 'for_1c' is not defined
2026-09-07 10:07:01 Load req
"INSERT INTO exchange(key, queue, data, is_test) VALUES (?, ?, ?, ?)"
 from db: 0.027988 secs.

2026-09-07 10:07:02 Load req
"INSERT INTO exchange(key, queue, data, is_test) VALUES (?, ?, ?, ?)"
 from db: 0.030912 secs.

/ping ошибка: INFO:     192.168.19.249:56449 - "GET / HTTP/1.1" 200 OK
INFO:     192.168.19.249:56451 - "GET /files/project-cust/hash/ HTTP/1.1" 200 OK
INFO:     IS_TEST_BASE: '0'
INFO:     [bitrix24.ЗаказПоставщику.СинхронизацияЗаказа/ТабличнойЧасти] Ответ успешно принят: {'DeletionMark': False,
 'Ref_Key': '383f7b1f-a1ec-11f1-a4b9-30e1716be59e',
 'data_version': 'AAAAAATeRcY=',
 'description': 'КЭ00-001592 от 27.08.2026',
 'products': [{'Ref_Key': '44565c58-c4ab-11e7-80cb-4ccc6a67082d',
               'count': 1.0,
               'description': 'Страхование груза при доставке',
               'measure_code': 'NULL',
               'measure_code_nomen': 'Штука',
               'measure_code_pos': 'NULL',
               'price': 1100.0,
               'ratio_for_report': 1.0}],
 'status': 'Подтвержден'}
INFO:     192.168.100.50:52732 - "POST /hs/mes/exchange/v1/order-supplier/ HTTP/1.1" 200 OK
INFO:root:zp_etaps: obj_full_name='ДокументОбъект.ЭтапПроизводства2_2' GUID=UUID('744ecb7b-dbfa-11f0-a483-30e1716be59f') action_type='MES.ERP/ЗП.Этапы.КонтрольИзменений' is_test=False status='Начат' is_deleted=False timestamp=1788775660
INFO:root:Запись завершена, результат: 1200923
INFO:     192.168.100.50:52771 - "POST /hs/mes/exchange/v1/zp_etaps/changes/ HTTP/1.1" 200 OK
INFO:     IS_TEST_BASE: '0'
INFO:     [bitrix24.ЗаказПоставщику.СинхронизацияЗаказа/ТабличнойЧасти] Ответ успешно принят: {'DeletionMark': False,
 'Ref_Key': '8056672e-7b86-11f1-a4af-30e1716be59f',
 'data_version': 'AAAAAATeRc4=',
 'description': 'КЭ00-001314 от 07.07.2026',
 'products': [{'Ref_Key': 'abd35e94-d3fa-11ee-850b-00d861dd2b4a',
               'count': 1.0,
               'description': 'Добровольный сертификат соответствия с '
                              'протоколом испытаний',
               'measure_code': 'NULL',
               'measure_code_nomen': 'Штука',
               'measure_code_pos': 'NULL',
               'price': 58500.0,
               'ratio_for_report': 1.0}],
 'status': 'Подтвержден'}
INFO:     192.168.100.50:52976 - "POST /hs/mes/exchange/v1/order-supplier/ HTTP/1.1" 200 OK
INFO:     IS_TEST_BASE: '0'
INFO:     [bitrix24.ЗаказПоставщику.СинхронизацияЗаказа/ТабличнойЧасти] Ответ успешно принят: {'DeletionMark': False,
 'Ref_Key': '2f7b268b-85b9-11f1-a4b1-30e1716be59f',
 'data_version': 'AAAAAATeRc8=',
 'description': 'КЭ00-001377 от 16.07.2026',
 'products': [{'Ref_Key': '33c9ab6e-f4a3-11e9-80e9-4ccc6a67082d',
               'count': 1.0,
               'description': 'Декларация Соответствия',
               'measure_code': 'NULL',
               'measure_code_nomen': 'Штука',
               'measure_code_pos': 'NULL',
               'price': 32000.0,
               'ratio_for_report': 1.0}],
 'status': 'Подтвержден'}
INFO:     192.168.100.50:53009 - "POST /hs/mes/exchange/v1/order-supplier/ HTTP/1.1" 200 OK
INFO:     IS_TEST_BASE: '0'
INFO:     [bitrix24.РаспоряжениеНаДоставку.СинхронизацияТабличнойЧасти] Ответ успешно принят: {'title': '000008144 от 07.09.2026',
 'ufCrm18CountSpots': 0,
 'ufCrm18Customer': 'Келаст',
 'ufCrm18DateShipment': '08.09.2026',
 'ufCrm18DimensionsSpots': '',
 'ufCrm18GrossWeight': 0.0,
 'ufCrm18Info': 'Заявка на 3 компании:\n'
                'Келаст:\n'
                '2608-160135-30061 - 3 кг\n'
                'Таткуз:\n'
                '2608-189487-35152 - 15 кг\n'
                '2608-181357-51686 - 1 кг\n'
                'Пауэрз:\n'
                '2609-180075-06324 - 2 кг\n'
                '2609-180088-54095 - 64 кг\n'
                '2609-184318-05733 - 0,2 кг\n'
                '2608-189777-79859 - 2 кг\n',
 'ufCrm18Insurance': 0.0,
 'ufCrm18NetWeigth': 0.0,
 'ufCrm18PackingType': '',
 'ufCrm18Payment': 'Организация',
 'ufCrm18Products': ' Ремень стяжной с храповым механизмом 6м, 2т - 2 Штука',
 'ufCrm18Recipient': 'Келаст, ИНН ',
 'ufCrm18RecipientAddress': '173526, Новгородская обл, р-н Новгородский, рп '
                            'Панковка, ул Индустриальная, д. 18А, офис 1',
 'ufCrm18RecipientContact': 'Шаляпина Марина Сергеевна, +7+79210250050',
 'ufCrm18Shipper': 'ООО "КЕЛАСТ"',
 'ufCrm18Shipper2': 'ВСЕИНСТРУМЕНТЫ.РУ ООО',
 'ufCrm18ShipperContact': 'Зотова Екатерина Николаевна, 8005503770',
 'ufCrm18ShippingAddress': '',
 'ufCrm18ShippingAddress2': 'В. Новгород, ул. Б.Санкт-Петербургская, д. 39 '
                            'Режим работы: 10-20 ПН-ВС',
 'ufCrm18ShippingMethod': 'На усмотрение транспортной службы',
 'ufCrm18Volume': 0.0,
 'xmlId': '21285c15-aa8b-11f1-a4bb-30e1716be59f'}
INFO:     192.168.100.50:53022 - "POST /hs/mes/exchange/v1/order-delivery/ HTTP/1.1" 200 OK
INFO:root:zp_etaps: obj_full_name='ДокументОбъект.ЭтапПроизводства2_2' GUID=UUID('9e8b92ac-a822-11f1-a4ba-30e1716be59f') action_type='MES.ERP/ЗП.Этапы.КонтрольИзменений' is_test=False status='Начат' is_deleted=False timestamp=1788775824
INFO:     IS_TEST_BASE: '0'
INFO:     [bitrix24.ЗаказПоставщику.СинхронизацияЗаказа/ТабличнойЧасти] Ответ успешно принят: {'DeletionMark': False,
 'Ref_Key': '108dfabc-7c59-11f1-a4af-30e1716be59f',
 'data_version': 'AAAAAATeRdM=',
 'description': 'КЭ00-001325 от 10.07.2026',
 'products': [{'Ref_Key': '623e9a0a-1c92-11e8-80ce-4ccc6a67082d',
               'count': 6.0,
               'description': 'Проживание',
               'measure_code': 'NULL',
               'measure_code_nomen': 'Штука',
               'measure_code_pos': 'NULL',
               'price': 5000.0,
               'ratio_for_report': 1.0}],
 'status': 'Подтвержден'}
INFO:     192.168.100.50:53071 - "POST /hs/mes/exchange/v1/order-supplier/ HTTP/1.1" 200 OK
INFO:root:Запись завершена, результат: 1200929
INFO:     192.168.100.50:53069 - "POST /hs/mes/exchange/v1/zp_etaps/changes/ HTTP/1.1" 200 OK
INFO:     192.168.20.126:54523 - "POST /authenticate HTTP/1.1" 200 OK
INFO:     192.168.20.126:54527 - "POST /check-actual-password HTTP/1.1" 200 OK
INFO:root:zp_etaps: obj_full_name='ДокументОбъект.ЭтапПроизводства2_2' GUID=UUID('744ecb79-dbfa-11f0-a483-30e1716be59f') action_type='MES.ERP/ЗП.Этапы.КонтрольИзменений' is_test=False status='Начат' is_deleted=False timestamp=1788775862
INFO:root:Запись завершена, результат: 1200930
INFO:     192.168.100.50:53142 - "POST /hs/mes/exchange/v1/zp_etaps/changes/ HTTP/1.1" 200 OK
INFO:     192.168.20.126:54530 - "POST /authenticate HTTP/1.1" 200 OK
INFO:     192.168.20.126:54532 - "POST /check-actual-password HTTP/1.1" 200 OK
INFO:     192.168.20.126:54533 - "POST /authenticate HTTP/1.1" 200 OK
INFO:     192.168.20.126:54534 - "POST /check-actual-password HTTP/1.1" 200 OK
INFO:     192.168.20.126:54536 - "POST /authenticate HTTP/1.1" 200 OK
INFO:     192.168.20.126:54539 - "POST /check-actual-password HTTP/1.1" 200 OK
INFO:     IS_TEST_BASE: '0'
INFO:     [bitrix24.РаспоряжениеНаДоставку.СинхронизацияТабличнойЧасти] Ответ успешно принят: {'title': '000008088 от 27.08.2026',
 'ufCrm18CountSpots': 1,
 'ufCrm18Customer': 'Пауэрз',
 'ufCrm18DateShipment': '28.08.2026',
 'ufCrm18DimensionsSpots': '200x200x200',
 'ufCrm18GrossWeight': 1.0,
 'ufCrm18Info': 'груз небольшой - Саша\n36 комплеков щеток',
 'ufCrm18Insurance': 0.0,
 'ufCrm18NetWeigth': 1.0,
 'ufCrm18PackingType': 'коробка',
 'ufCrm18Payment': 'Организация',
 'ufCrm18Products': ' Щетки угольные AEG 4931428732 (см. описание) - 39 компл',
 'ufCrm18Recipient': 'Пауэрз, ИНН ',
 'ufCrm18RecipientAddress': '173526, Новгородская обл, р-н Новгородский, рп '
                            'Панковка, ул Индустриальная, д. 19',
 'ufCrm18RecipientContact': 'Шаляпина Марина Сергеевна, +7+79210250050',
 'ufCrm18Shipper': 'ООО "ПАУЭРЗ"',
 'ufCrm18Shipper2': 'ИНТЕРНЕТ РЕШЕНИЯ ООО поставщик',
 'ufCrm18ShipperContact': 'интернет магазин менеджера нет, +78002347000',
 'ufCrm18ShippingAddress': '',
 'ufCrm18ShippingAddress2': 'Панковка, Строительная ул., 17',
 'ufCrm18ShippingMethod': 'На усмотрение транспортной службы',
 'ufCrm18Volume': 0.008,
 'xmlId': '361d26c1-a1ef-11f1-a4b9-30e1716be59e'}
INFO:     192.168.100.50:53246 - "POST /hs/mes/exchange/v1/order-delivery/ HTTP/1.1" 200 OK
INFO:root:zp_etaps: obj_full_name='ДокументОбъект.ЭтапПроизводства2_2' GUID=UUID('22783d18-aa89-11f1-a4bb-30e1716be59f') action_type='MES.ERP/ЗП.Этапы.КонтрольИзменений' is_test=False status='Сформирован' is_deleted=False timestamp=1788775946
INFO:root:Запись завершена, результат: 1200932
INFO:     192.168.100.50:53287 - "POST /hs/mes/exchange/v1/zp_etaps/changes/ HTTP/1.1" 200 OK
INFO:     192.168.53.21:51175 - "GET /files/py/packages/list/ HTTP/1.1" 200 OK
INFO:     192.168.53.21:51181 - "GET / HTTP/1.1" 200 OK
INFO:     192.168.53.21:51183 - "GET /files/project-cust/hash/ HTTP/1.1" 200 OK
INFO:root:zp_etaps: obj_full_name='ДокументОбъект.ЭтапПроизводства2_2' GUID=UUID('d1644f6d-a203-11f1-a4b9-30e1716be59e') action_type='MES.ERP/ЗП.Этапы.КонтрольИзменений' is_test=False status='Завершен' is_deleted=False timestamp=1788775996
INFO:root:Запись завершена, результат: 1200933
INFO:     192.168.100.50:53391 - "POST /hs/mes/exchange/v1/zp_etaps/changes/ HTTP/1.1" 200 OK
INFO:root:zp_etaps: obj_full_name='ДокументОбъект.ЭтапПроизводства2_2' GUID=UUID('91c9bb51-aa8b-11f1-a4bb-30e1716be59f') action_type='MES.ERP/ЗП.Этапы.КонтрольИзменений' is_test=False status='Формируется' is_deleted=False timestamp=1788776004
INFO:root:Запись завершена, результат: 1200934
INFO:     192.168.100.50:53416 - "POST /hs/mes/exchange/v1/zp_etaps/changes/ HTTP/1.1" 200 OK
INFO:root:zp_etaps: obj_full_name='ДокументОбъект.ЭтапПроизводства2_2' GUID=UUID('91c9bb53-aa8b-11f1-a4bb-30e1716be59f') action_type='MES.ERP/ЗП.Этапы.КонтрольИзменений' is_test=False status='Формируется' is_deleted=False timestamp=1788776005
INFO:root:Запись завершена, результат: 1200935
INFO:     192.168.100.50:53420 - "POST /hs/mes/exchange/v1/zp_etaps/changes/ HTTP/1.1" 200 OK
INFO:root:zp_etaps: obj_full_name='ДокументОбъект.ЭтапПроизводства2_2' GUID=UUID('91c9bb55-aa8b-11f1-a4bb-30e1716be59f') action_type='MES.ERP/ЗП.Этапы.КонтрольИзменений' is_test=False status='Формируется' is_deleted=False timestamp=1788776007
INFO:root:Запись завершена, результат: 1200936
INFO:     192.168.100.50:53427 - "POST /hs/mes/exchange/v1/zp_etaps/changes/ HTTP/1.1" 200 OK
INFO:root:zp_etaps: obj_full_name='ДокументОбъект.ЭтапПроизводства2_2' GUID=UUID('91c9bb57-aa8b-11f1-a4bb-30e1716be59f') action_type='MES.ERP/ЗП.Этапы.КонтрольИзменений' is_test=False status='Формируется' is_deleted=False timestamp=1788776009
INFO:root:Запись завершена, результат: 1200937
INFO:     192.168.100.50:53434 - "POST /hs/mes/exchange/v1/zp_etaps/changes/ HTTP/1.1" 200 OK
INFO:root:zp_etaps: obj_full_name='ДокументОбъект.ЭтапПроизводства2_2' GUID=UUID('9e8b92a4-a822-11f1-a4ba-30e1716be59f') action_type='MES.ERP/ЗП.Этапы.КонтрольИзменений' is_test=False status='Начат' is_deleted=False timestamp=1788776055
INFO:root:Запись завершена, результат: 1200938
INFO:     192.168.100.50:53516 - "POST /hs/mes/exchange/v1/zp_etaps/changes/ HTTP/1.1" 200 OK
INFO:     192.168.17.97:57814 - "POST /authenticate HTTP/1.1" 200 OK
INFO:root:zp_etaps: obj_full_name='ДокументОбъект.ЭтапПроизводства2_2' GUID=UUID('62a89498-08c9-11f1-a493-30e1716be59f') action_type='MES.ERP/ЗП.Этапы.КонтрольИзменений' is_test=False status='Начат' is_deleted=False timestamp=1788776193
INFO:root:Запись завершена, результат: 1200939
 name 'for_1c' is not defined
2026-09-07 10:07:23 Load req
"INSERT INTO exchange(key, queue, data, is_test) VALUES (?, ?, ?, ?)"
 from db: 0.02057 secs.

2026-09-07 10:07:40 Load req
"
            SELECT id, key, queue, finished, message_status, chat_accepted, is_test
            FROM exchange
            WHERE queue = ? AND key = ?
            ORDER BY id DESC
            LIMIT 1;
            "
 from db: 0.435234 secs.

2026-09-07 10:07:40 Load req
"
            INSERT INTO exchange(key, queue, data, finished, is_test)
            VALUES (?, ?, ?, 0, ?)
            RETURNING id;
            "
 from db: 0.030006 secs.

{'ok': True, 'accepted': True, 'task_id': 1200923, 'is_test_base': '0', 'queue': 'MES.ERP/ЗП.Этапы.КонтрольИзменений', 'detail': 'Событие принято.'}
2026-09-07 10:09:26 Load req
"INSERT INTO exchange(key, queue, data, is_test) VALUES (?, ?, ?, ?)"
 from db: 0.03292 secs.

2026-09-07 10:09:46 Load req
"INSERT INTO exchange(key, queue, data, is_test) VALUES (?, ?, ?, ?)"
 from db: 0.021397 secs.

2026-09-07 10:09:57 Load req
"INSERT INTO exchange(key, queue, data, is_test) VALUES (?, ?, ?, ?)"
 from db: 0.029198 secs.

2026-09-07 10:10:25 Load req
"INSERT INTO exchange(key, queue, data, is_test) VALUES (?, ?, ?, ?)"
 from db: 0.01314 secs.

2026-09-07 10:10:25 Load req
"
            SELECT id, key, queue, finished, message_status, chat_accepted, is_test
            FROM exchange
            WHERE queue = ? AND key = ?
            ORDER BY id DESC
            LIMIT 1;
            "
 from db: 0.369115 secs.

2026-09-07 10:10:25 Load req
"
            INSERT INTO exchange(key, queue, data, finished, is_test)
            VALUES (?, ?, ?, 0, ?)
            RETURNING id;
            "
 from db: 0.021975 secs.

{'ok': True, 'accepted': True, 'task_id': 1200929, 'is_test_base': '0', 'queue': 'MES.ERP/ЗП.Этапы.КонтрольИзменений', 'detail': 'Событие принято.'}
2026-09-07 10:11:02 Load req
"
            SELECT id, key, queue, finished, message_status, chat_accepted, is_test
            FROM exchange
            WHERE queue = ? AND key = ?
            ORDER BY id DESC
            LIMIT 1;
            "
 from db: 0.369302 secs.

2026-09-07 10:11:02 Load req
"
            INSERT INTO exchange(key, queue, data, finished, is_test)
            VALUES (?, ?, ?, 0, ?)
            RETURNING id;
            "
 from db: 0.011694 secs.

{'ok': True, 'accepted': True, 'task_id': 1200930, 'is_test_base': '0', 'queue': 'MES.ERP/ЗП.Этапы.КонтрольИзменений', 'detail': 'Событие принято.'}
2026-09-07 10:12:01 Load req
"INSERT INTO exchange(key, queue, data, is_test) VALUES (?, ?, ?, ?)"
 from db: 0.030267 secs.

2026-09-07 10:12:26 Load req
"
            SELECT id, key, queue, finished, message_status, chat_accepted, is_test
            FROM exchange
            WHERE queue = ? AND key = ?
            ORDER BY id DESC
            LIMIT 1;
            "
 from db: 0.376616 secs.

2026-09-07 10:12:26 Load req
"
            INSERT INTO exchange(key, queue, data, finished, is_test)
            VALUES (?, ?, ?, 0, ?)
            RETURNING id;
            "
 from db: 0.021713 secs.

{'ok': True, 'accepted': True, 'task_id': 1200932, 'is_test_base': '0', 'queue': 'MES.ERP/ЗП.Этапы.КонтрольИзменений', 'detail': 'Событие принято.'}
/ping ошибка:  name 'for_1c' is not defined
2026-09-07 10:13:17 Load req
"
            SELECT id, key, queue, finished, message_status, chat_accepted, is_test
            FROM exchange
            WHERE queue = ? AND key = ?
            ORDER BY id DESC
            LIMIT 1;
            "
 from db: 0.344056 secs.

2026-09-07 10:13:17 Load req
"
            INSERT INTO exchange(key, queue, data, finished, is_test)
            VALUES (?, ?, ?, 0, ?)
            RETURNING id;
            "
 from db: 0.02001 secs.

{'ok': True, 'accepted': True, 'task_id': 1200933, 'is_test_base': '0', 'queue': 'MES.ERP/ЗП.Этапы.КонтрольИзменений', 'detail': 'Событие принято.'}
2026-09-07 10:13:24 Load req
"
            SELECT id, key, queue, finished, message_status, chat_accepted, is_test
            FROM exchange
            WHERE queue = ? AND key = ?
            ORDER BY id DESC
            LIMIT 1;
            "
 from db: 0.371848 secs.

2026-09-07 10:13:24 Load req
"
            INSERT INTO exchange(key, queue, data, finished, is_test)
            VALUES (?, ?, ?, 0, ?)
            RETURNING id;
            "
 from db: 0.010974 secs.

{'ok': True, 'accepted': True, 'task_id': 1200934, 'is_test_base': '0', 'queue': 'MES.ERP/ЗП.Этапы.КонтрольИзменений', 'detail': 'Событие принято.'}
2026-09-07 10:13:26 Load req
"
            SELECT id, key, queue, finished, message_status, chat_accepted, is_test
            FROM exchange
            WHERE queue = ? AND key = ?
            ORDER BY id DESC
            LIMIT 1;
            "
 from db: 0.336992 secs.

2026-09-07 10:13:26 Load req
"
            INSERT INTO exchange(key, queue, data, finished, is_test)
            VALUES (?, ?, ?, 0, ?)
            RETURNING id;
            "
 from db: 0.023044 secs.

{'ok': True, 'accepted': True, 'task_id': 1200935, 'is_test_base': '0', 'queue': 'MES.ERP/ЗП.Этапы.КонтрольИзменений', 'detail': 'Событие принято.'}
2026-09-07 10:13:28 Load req
"
            SELECT id, key, queue, finished, message_status, chat_accepted, is_test
            FROM exchange
            WHERE queue = ? AND key = ?
            ORDER BY id DESC
            LIMIT 1;
            "
 from db: 0.468704 secs.

2026-09-07 10:13:28 Load req
"
            INSERT INTO exchange(key, queue, data, finished, is_test)
            VALUES (?, ?, ?, 0, ?)
            RETURNING id;
            "
 from db: 0.01039 secs.

{'ok': True, 'accepted': True, 'task_id': 1200936, 'is_test_base': '0', 'queue': 'MES.ERP/ЗП.Этапы.КонтрольИзменений', 'detail': 'Событие принято.'}
2026-09-07 10:13:29 Load req
"
            SELECT id, key, queue, finished, message_status, chat_accepted, is_test
            FROM exchange
            WHERE queue = ? AND key = ?
            ORDER BY id DESC
            LIMIT 1;
            "
 from db: 0.372748 secs.

2026-09-07 10:13:30 Load req
"
            INSERT INTO exchange(key, queue, data, finished, is_test)
            VALUES (?, ?, ?, 0, ?)
            RETURNING id;
            "
 from db: 0.020123 secs.

{'ok': True, 'accepted': True, 'task_id': 1200937, 'is_test_base': '0', 'queue': 'MES.ERP/ЗП.Этапы.КонтрольИзменений', 'detail': 'Событие принято.'}
2026-09-07 10:14:16 Load req
"
            SELECT id, key, queue, finished, message_status, chat_accepted, is_test
            FROM exchange
            WHERE queue = ? AND key = ?
            ORDER BY id DESC
            LIMIT 1;
            "
 from db: 0.346534 secs.

2026-09-07 10:14:16 Load req
"
            INSERT INTO exchange(key, queue, data, finished, is_test)
            VALUES (?, ?, ?, 0, ?)
            RETURNING id;
            "
 from db: 0.021413 secs.

{'ok': True, 'accepted': True, 'task_id': 1200938, 'is_test_base': '0', 'queue': 'MES.ERP/ЗП.Этапы.КонтрольИзменений', 'detail': 'Событие принято.'}
2026-09-07 10:16:34 Load req
"
            SELECT id, key, queue, finished, message_status, chat_accepted, is_test
            FROM exchange
            WHERE queue = ? AND key = ?
            ORDER BY id DESC
            LIMIT 1;
            "
 from db: 0.417934 secs.

2026-09-07 10:16:34 Load req
"
            INSERT INTO exchange(key, queue, data, finished, is_test)
            VALUES (?, ?, ?, 0, ?)
            RETURNING id;
            "
 from db: 0.011418 secs.

{'ok': True, 'accepted': True, 'task_id': 1200939, 'is_test_base': '0', 'queue': 'MES.ERP/ЗП.Этапы.КонтрольИзменений', 'detail': 'Событие принято.'}INFO:     192.168.100.50:53745 - "POST /hs/mes/exchange/v1/zp_etaps/changes/ HTTP/1.1" 200 OK
INFO:     192.168.17.48:55662 - "POST /authenticate HTTP/1.1" 200 OK
INFO:root:zp_etaps: obj_full_name='ДокументОбъект.ЭтапПроизводства2_2' GUID=UUID('9e8b92a0-a822-11f1-a4ba-30e1716be59f') action_type='MES.ERP/ЗП.Этапы.КонтрольИзменений' is_test=False status='Начат' is_deleted=False timestamp=1788776218
INFO:root:Запись завершена, результат: 1200940
INFO:     192.168.100.50:53788 - "POST /hs/mes/exchange/v1/zp_etaps/changes/ HTTP/1.1" 200 OK
INFO:     IS_TEST_BASE: '0'
INFO:     [bitrix24.РаспоряжениеНаДоставку.СинхронизацияТабличнойЧасти] Ответ успешно принят: {'title': '000008088 от 27.08.2026',
 'ufCrm18CountSpots': 1,
 'ufCrm18Customer': 'Пауэрз',
 'ufCrm18DateShipment': '28.08.2026',
 'ufCrm18DimensionsSpots': '200x200x200',
 'ufCrm18GrossWeight': 1.0,
 'ufCrm18Info': 'груз небольшой - Саша\n36 комплеков щеток',
 'ufCrm18Insurance': 0.0,
 'ufCrm18NetWeigth': 1.0,
 'ufCrm18PackingType': 'коробка',
 'ufCrm18Payment': 'Организация',
 'ufCrm18Products': ' Щетки угольные AEG 4931428732 (см. описание) - 39 компл',
 'ufCrm18Recipient': 'Пауэрз, ИНН ',
 'ufCrm18RecipientAddress': '173526, Новгородская обл, р-н Новгородский, рп '
                            'Панковка, ул Индустриальная, д. 19',
 'ufCrm18RecipientContact': 'Шаляпина Марина Сергеевна, +7+79210250050',
 'ufCrm18Shipper': 'ООО "ПАУЭРЗ"',
 'ufCrm18Shipper2': 'ИНТЕРНЕТ РЕШЕНИЯ ООО поставщик',
 'ufCrm18ShipperContact': 'интернет магазин менеджера нет, +78002347000',
 'ufCrm18ShippingAddress': '',
 'ufCrm18ShippingAddress2': 'Панковка, Строительная ул., 17',
 'ufCrm18ShippingMethod': 'На усмотрение транспортной службы',
 'ufCrm18Volume': 0.008,
 'xmlId': '361d26c1-a1ef-11f1-a4b9-30e1716be59e'}
INFO:     192.168.100.50:53794 - "POST /hs/mes/exchange/v1/order-delivery/ HTTP/1.1" 200 OK
INFO:     192.168.17.164:53453 - "POST /check-actual-password HTTP/1.1" 200 OK
INFO:     IS_TEST_BASE: '0'
INFO:     [bitrix24.РаспоряжениеНаДоставку/Упаковка.СинхронизацияТабличнойЧастиУпаковки] Ответ успешно принят: {'deletion_mark': False,
 'parent_ref': '21285c15-aa8b-11f1-a4bb-30e1716be59f',
 'title': 'Упаковка 000007585 от 07.09.2026 10:17:22',
 'ufCrm21Dimentions': '400x50x500',
 'ufCrm21Height': 500.0,
 'ufCrm21Length': 400.0,
 'ufCrm21Number': 1,
 'ufCrm21PackingType': '',
 'ufCrm21Volume': 0.01,
 'ufCrm21WeightGross': 3.0,
 'ufCrm21WeightNet': 3.0,
 'ufCrm21Width': 50.0,
 'xmlId': '292a125d-aa8c-11f1-a4bb-30e1716be59f'}
INFO:     [bitrix24.РаспоряжениеНаДоставку/Упаковка.СинхронизацияТабличнойЧастиУпаковки] Ответ успешно принят: {'deletion_mark': False,
 'parent_ref': '21285c15-aa8b-11f1-a4bb-30e1716be59f',
 'title': 'Упаковка 000007585 от 07.09.2026 10:17:22',
 'ufCrm21Dimentions': '400x50x500',
 'ufCrm21Height': 500.0,
 'ufCrm21Length': 400.0,
 'ufCrm21Number': 2,
 'ufCrm21PackingType': '',
 'ufCrm21Volume': 0.01,
 'ufCrm21WeightGross': 8.0,
 'ufCrm21WeightNet': 8.0,
 'ufCrm21Width': 50.0,
 'xmlId': '292a125d-aa8c-11f1-a4bb-30e1716be59f'}
INFO:     [bitrix24.РаспоряжениеНаДоставку/Упаковка.СинхронизацияТабличнойЧастиУпаковки] Ответ успешно принят: {'deletion_mark': False,
 'parent_ref': '21285c15-aa8b-11f1-a4bb-30e1716be59f',
 'title': 'Упаковка 000007585 от 07.09.2026 10:17:22',
 'ufCrm21Dimentions': '400x50x500',
 'ufCrm21Height': 500.0,
 'ufCrm21Length': 400.0,
 'ufCrm21Number': 3,
 'ufCrm21PackingType': '',
 'ufCrm21Volume': 0.01,
 'ufCrm21WeightGross': 8.0,
 'ufCrm21WeightNet': 8.0,
 'ufCrm21Width': 50.0,
 'xmlId': '292a125d-aa8c-11f1-a4bb-30e1716be59f'}
INFO:     [bitrix24.РаспоряжениеНаДоставку/Упаковка.СинхронизацияТабличнойЧастиУпаковки] Ответ успешно принят: {'deletion_mark': False,
 'parent_ref': '21285c15-aa8b-11f1-a4bb-30e1716be59f',
 'title': 'Упаковка 000007585 от 07.09.2026 10:17:22',
 'ufCrm21Dimentions': '400x50x500',
 'ufCrm21Height': 500.0,
 'ufCrm21Length': 400.0,
 'ufCrm21Number': 4,
 'ufCrm21PackingType': '',
 'ufCrm21Volume': 0.01,
 'ufCrm21WeightGross': 8.0,
 'ufCrm21WeightNet': 8.0,
 'ufCrm21Width': 50.0,
 'xmlId': '292a125d-aa8c-11f1-a4bb-30e1716be59f'}
INFO:     [bitrix24.РаспоряжениеНаДоставку/Упаковка.СинхронизацияТабличнойЧастиУпаковки] Ответ успешно принят: {'deletion_mark': False,
 'parent_ref': '21285c15-aa8b-11f1-a4bb-30e1716be59f',
 'title': 'Упаковка 000007585 от 07.09.2026 10:17:22',
 'ufCrm21Dimentions': '320x215x205',
 'ufCrm21Height': 205.0,
 'ufCrm21Length': 320.0,
 'ufCrm21Number': 5,
 'ufCrm21PackingType': '',
 'ufCrm21Volume': 0.014,
 'ufCrm21WeightGross': 9.5,
 'ufCrm21WeightNet': 9.5,
 'ufCrm21Width': 215.0,
 'xmlId': '292a125d-aa8c-11f1-a4bb-30e1716be59f'}
INFO:     [bitrix24.РаспоряжениеНаДоставку/Упаковка.СинхронизацияТабличнойЧастиУпаковки] Ответ успешно принят: {'deletion_mark': False,
 'parent_ref': '21285c15-aa8b-11f1-a4bb-30e1716be59f',
 'title': 'Упаковка 000007585 от 07.09.2026 10:17:22',
 'ufCrm21Dimentions': '335x180',
 'ufCrm21Height': 0.0,
 'ufCrm21Length': 335.0,
 'ufCrm21Number': 6,
 'ufCrm21PackingType': '',
 'ufCrm21Volume': 0.0,
 'ufCrm21WeightGross': 460.0,
 'ufCrm21WeightNet': 10.0,
 'ufCrm21Width': 180.0,
 'xmlId': '292a125d-aa8c-11f1-a4bb-30e1716be59f'}
INFO:     [bitrix24.РаспоряжениеНаДоставку/Упаковка.СинхронизацияТабличнойЧастиУпаковки] Ответ успешно принят: {'deletion_mark': False,
 'parent_ref': '21285c15-aa8b-11f1-a4bb-30e1716be59f',
 'title': 'Упаковка 000007585 от 07.09.2026 10:17:22',
 'ufCrm21Dimentions': '335x180',
 'ufCrm21Height': 0.0,
 'ufCrm21Length': 335.0,
 'ufCrm21Number': 7,
 'ufCrm21PackingType': '',
 'ufCrm21Volume': 0.0,
 'ufCrm21WeightGross': 460.0,
 'ufCrm21WeightNet': 10.0,
 'ufCrm21Width': 180.0,
 'xmlId': '292a125d-aa8c-11f1-a4bb-30e1716be59f'}
INFO:     [bitrix24.РаспоряжениеНаДоставку/Упаковка.СинхронизацияТабличнойЧастиУпаковки] Ответ успешно принят: {'deletion_mark': False,
 'parent_ref': '21285c15-aa8b-11f1-a4bb-30e1716be59f',
 'title': 'Упаковка 000007585 от 07.09.2026 10:17:22',
 'ufCrm21Dimentions': '335x180',
 'ufCrm21Height': 0.0,
 'ufCrm21Length': 335.0,
 'ufCrm21Number': 8,
 'ufCrm21PackingType': '',
 'ufCrm21Volume': 0.0,
 'ufCrm21WeightGross': 460.0,
 'ufCrm21WeightNet': 10.0,
 'ufCrm21Width': 180.0,
 'xmlId': '292a125d-aa8c-11f1-a4bb-30e1716be59f'}
INFO:     [bitrix24.РаспоряжениеНаДоставку/Упаковка.СинхронизацияТабличнойЧастиУпаковки] Ответ успешно принят: {'deletion_mark': False,
 'parent_ref': '21285c15-aa8b-11f1-a4bb-30e1716be59f',
 'title': 'Упаковка 000007585 от 07.09.2026 10:17:22',
 'ufCrm21Dimentions': '190x245',
 'ufCrm21Height': 0.0,
 'ufCrm21Length': 190.0,
 'ufCrm21Number': 9,
 'ufCrm21PackingType': '',
 'ufCrm21Volume': 0.0,
 'ufCrm21WeightGross': 495.0,
 'ufCrm21WeightNet': 7.5,
 'ufCrm21Width': 245.0,
 'xmlId': '292a125d-aa8c-11f1-a4bb-30e1716be59f'}
INFO:     [bitrix24.РаспоряжениеНаДоставку/Упаковка.СинхронизацияТабличнойЧастиУпаковки] Ответ успешно принят: {'deletion_mark': False,
 'parent_ref': '21285c15-aa8b-11f1-a4bb-30e1716be59f',
 'title': 'Упаковка 000007585 от 07.09.2026 10:17:22',
 'ufCrm21Dimentions': '190x245',
 'ufCrm21Height': 0.0,
 'ufCrm21Length': 190.0,
 'ufCrm21Number': 10,
 'ufCrm21PackingType': '',
 'ufCrm21Volume': 0.0,
 'ufCrm21WeightGross': 495.0,
 'ufCrm21WeightNet': 7.5,
 'ufCrm21Width': 245.0,
 'xmlId': '292a125d-aa8c-11f1-a4bb-30e1716be59f'}
INFO:     [bitrix24.РаспоряжениеНаДоставку/Упаковка.СинхронизацияТабличнойЧастиУпаковки] Ответ успешно принят: {'deletion_mark': False,
 'parent_ref': '21285c15-aa8b-11f1-a4bb-30e1716be59f',
 'title': 'Упаковка 000007585 от 07.09.2026 10:17:22',
 'ufCrm21Dimentions': '190x245',
 'ufCrm21Height': 0.0,
 'ufCrm21Length': 190.0,
 'ufCrm21Number': 11,
 'ufCrm21PackingType': '',
 'ufCrm21Volume': 0.0,
 'ufCrm21WeightGross': 495.0,
 'ufCrm21WeightNet': 7.5,
 'ufCrm21Width': 245.0,
 'xmlId': '292a125d-aa8c-11f1-a4bb-30e1716be59f'}
INFO:     192.168.100.50:53842 - "POST /hs/mes/exchange/v1/order-delivery/pack/ HTTP/1.1" 200 OK
INFO:     IS_TEST_BASE: '0'
INFO:     [bitrix24.РаспоряжениеНаДоставку.СинхронизацияТабличнойЧасти] Ответ успешно принят: {'title': '000008144 от 07.09.2026',
 'ufCrm18CountSpots': 11,
 'ufCrm18Customer': 'Келаст',
 'ufCrm18DateShipment': '08.09.2026',
 'ufCrm18DimensionsSpots': '400x50x500, 400x50x500, 400x50x500, 400x50x500, '
                           '320x215x205, 335x180, 335x180, 335x180, 190x245, '
                           '190x245, 190x245',
 'ufCrm18GrossWeight': 2901.5,
 'ufCrm18Info': 'Заявка на 3 компании:\n'
                'Келаст:\n'
                '2608-160135-30061 - 3 кг\n'
                'Таткуз:\n'
                '2608-189487-35152 - 15 кг\n'
                '2608-181357-51686 - 1 кг\n'
                'Пауэрз:\n'
                '2609-180075-06324 - 2 кг\n'
                '2609-180088-54095 - 64 кг\n'
                '2609-184318-05733 - 0,2 кг\n'
                '2608-189777-79859 - 2 кг\n',
 'ufCrm18Insurance': 0.0,
 'ufCrm18NetWeigth': 89.0,
 'ufCrm18PackingType': '',
 'ufCrm18Payment': 'Организация',
 'ufCrm18Products': ' Ремень стяжной с храповым механизмом 6м, 2т - 2 Штука',
 'ufCrm18Recipient': 'Келаст, ИНН ',
 'ufCrm18RecipientAddress': '173526, Новгородская обл, р-н Новгородский, рп '
                            'Панковка, ул Индустриальная, д. 18А, офис 1',
 'ufCrm18RecipientContact': 'Шаляпина Марина Сергеевна, +7+79210250050',
 'ufCrm18Shipper': 'ООО "КЕЛАСТ"',
 'ufCrm18Shipper2': 'ВСЕИНСТРУМЕНТЫ.РУ ООО',
 'ufCrm18ShipperContact': 'Зотова Екатерина Николаевна, 8005503770',
 'ufCrm18ShippingAddress': '',
 'ufCrm18ShippingAddress2': 'В. Новгород, ул. Б.Санкт-Петербургская, д. 39 '
                            'Режим работы: 10-20 ПН-ВС',
 'ufCrm18ShippingMethod': 'На усмотрение транспортной службы',
 'ufCrm18Volume': 0.054,
 'xmlId': '21285c15-aa8b-11f1-a4bb-30e1716be59f'}
INFO:     192.168.100.50:53846 - "POST /hs/mes/exchange/v1/order-delivery/ HTTP/1.1" 200 OK
INFO:     IS_TEST_BASE: '0'
INFO:     [bitrix24.РаспоряжениеНаДоставку.СинхронизацияТабличнойЧасти] Ответ успешно принят: {'title': '000008144 от 07.09.2026',
 'ufCrm18CountSpots': 11,
 'ufCrm18Customer': 'Келаст',
 'ufCrm18DateShipment': '08.09.2026',
 'ufCrm18DimensionsSpots': '400x50x500, 400x50x500, 400x50x500, 400x50x500, '
                           '320x215x205, 335x180, 335x180, 335x180, 190x245, '
                           '190x245, 190x245',
 'ufCrm18GrossWeight': 2901.5,
 'ufCrm18Info': 'Заявка на 3 компании:\n'
                'Келаст:\n'
                '2608-160135-30061 - 3 кг\n'
                'Таткуз:\n'
                '2608-189487-35152 - 15 кг\n'
                '2608-181357-51686 - 1 кг\n'
                'Пауэрз:\n'
                '2609-180075-06324 - 2 кг\n'
                '2609-180088-54095 - 64 кг\n'
                '2609-184318-05733 - 0,2 кг\n'
                '2608-189777-79859 - 2 кг\n',
 'ufCrm18Insurance': 0.0,
 'ufCrm18NetWeigth': 89.0,
 'ufCrm18PackingType': '',
 'ufCrm18Payment': 'Организация',
 'ufCrm18Products': ' Ремень стяжной с храповым механизмом 6м, 2т - 2 Штука',
 'ufCrm18Recipient': 'Келаст, ИНН ',
 'ufCrm18RecipientAddress': '173526, Новгородская обл, р-н Новгородский, рп '
                            'Панковка, ул Индустриальная, д. 18А, офис 1',
 'ufCrm18RecipientContact': 'Шаляпина Марина Сергеевна, +7+79210250050',
 'ufCrm18Shipper': 'ООО "КЕЛАСТ"',
 'ufCrm18Shipper2': 'ВСЕИНСТРУМЕНТЫ.РУ ООО',
 'ufCrm18ShipperContact': 'Зотова Екатерина Николаевна, 8005503770',
 'ufCrm18ShippingAddress': '',
 'ufCrm18ShippingAddress2': 'В. Новгород, ул. Б.Санкт-Петербургская, д. 39 '
                            'Режим работы: 10-20 ПН-ВС',
 'ufCrm18ShippingMethod': 'На усмотрение транспортной службы',
 'ufCrm18Volume': 0.054,
 'xmlId': '21285c15-aa8b-11f1-a4bb-30e1716be59f'}
INFO:     192.168.100.50:53857 - "POST /hs/mes/exchange/v1/order-delivery/ HTTP/1.1" 200 OK
INFO:     192.168.17.164:53465 - "POST /check-actual-password HTTP/1.1" 200 OK
INFO:     192.168.17.164:53470 - "POST /check-actual-password HTTP/1.1" 200 OK
INFO:     192.168.17.164:53475 - "POST /check-actual-password HTTP/1.1" 200 OK
INFO:     192.168.17.164:53481 - "POST /check-actual-password HTTP/1.1" 200 OK
INFO:     192.168.17.164:53483 - "POST /check-actual-password HTTP/1.1" 200 OK
INFO:root:zp_etaps: obj_full_name='ДокументОбъект.ЭтапПроизводства2_2' GUID=UUID('91c9bb51-aa8b-11f1-a4bb-30e1716be59f') action_type='MES.ERP/ЗП.Этапы.КонтрольИзменений' is_test=False status='Сформирован' is_deleted=False timestamp=1788776336
INFO:root:Запись завершена, результат: 1200955
INFO:     192.168.100.50:54016 - "POST /hs/mes/exchange/v1/zp_etaps/changes/ HTTP/1.1" 200 OK
INFO:     192.168.17.164:53489 - "POST /check-actual-password HTTP/1.1" 200 OK
INFO:     192.168.19.62:25882 - "POST /check-actual-password HTTP/1.1" 200 OK
INFO:     192.168.17.164:53491 - "POST /check-actual-password HTTP/1.1" 200 OK
INFO:     IS_TEST_BASE: '0'
INFO:     [bitrix24.ЗаказПоставщику.СинхронизацияЗаказа/ТабличнойЧасти] Ответ успешно принят: {'DeletionMark': False,
 'Ref_Key': '22f18df3-a76d-11f1-a4ba-30e1716be59f',
 'data_version': 'AAAAAATeRjo=',
 'description': 'ПУ00-002617 от 03.09.2026',
 'products': [{'Ref_Key': '5d179697-1237-11e8-80ce-4ccc6a67082d',
               'count': 30.0,
               'description': 'Круг зачистной 125х6,0х22',
               'measure_code': 'NULL',
               'measure_code_nomen': 'Штука',
               'measure_code_pos': 'NULL',
               'price': 47.61,
               'ratio_for_report': 1.0},
              {'Ref_Key': '1c78c76a-3965-11e8-80cf-4ccc6a67082d',
               'count': 380.0,
               'description': 'Круг лепестковый торцовый КЛТ1 125х22 Р40',
               'measure_code': 'NULL',
               'measure_code_nomen': 'Штука',
               'measure_code_pos': 'NULL',
               'price': 66.09,
               'ratio_for_report': 1.0},
              {'Ref_Key': '44e8057e-07d4-11e8-80cd-4ccc6a67082d',
               'count': 300.0,
               'description': 'Круг отрезной 125х1,0х22',
               'measure_code': 'NULL',
               'measure_code_nomen': 'Штука',
               'measure_code_pos': 'NULL',
               'price': 16.5,
               'ratio_for_report': 1.0},
              {'Ref_Key': 'c56886e7-3314-11eb-8455-00d861dd2b4a',
               'count': 5.0,
               'description': 'Круг отрезной 125х1,2х22',
               'measure_code': 'NULL',
               'measure_code_nomen': 'Штука',
               'measure_code_pos': 'NULL',
               'price': 17.19,
               'ratio_for_report': 1.0},
              {'Ref_Key': 'ed8d492c-1c56-11e8-80ce-4ccc6a67082d',
               'count': 100.0,
               'description': 'Круг отрезной 125х2,0х22',
               'measure_code': 'NULL',
               'measure_code_nomen': 'Штука',
               'measure_code_pos': 'NULL',
               'price': 20.89,
               'ratio_for_report': 1.0},
              {'Ref_Key': 'a7bfa49d-7862-11e9-80e3-4ccc6a67082d',
               'count': 75.0,
               'description': 'Круг отрезной 125х3,0х22',
               'measure_code': 'NULL',
               'measure_code_nomen': 'Штука',
               'measure_code_pos': 'NULL',
               'price': 24.32,
               'ratio_for_report': 1.0}],
 'status': 'Подтвержден'}
INFO:     192.168.100.50:54076 - "POST /hs/mes/exchange/v1/order-supplier/ HTTP/1.1" 200 OK
INFO:     192.168.19.62:25893 - "POST /check-actual-password HTTP/1.1" 200 OK
INFO:     192.168.17.164:62985 - "POST /check-actual-password HTTP/1.1" 200 OK
INFO:root:zp_etaps: obj_full_name='ДокументОбъект.ЭтапПроизводства2_2' GUID=UUID('91c9bb53-aa8b-11f1-a4bb-30e1716be59f') action_type='MES.ERP/ЗП.Этапы.КонтрольИзменений' is_test=False status='Сформирован' is_deleted=False timestamp=1788776455
INFO:root:Запись завершена, результат: 1200957
INFO:     192.168.100.50:57292 - "POST /hs/mes/exchange/v1/zp_etaps/changes/ HTTP/1.1" 200 OK
INFO:     192.168.19.136:52016 - "POST /check-actual-password HTTP/1.1" 200 OK
INFO:     IS_TEST_BASE: '0'
INFO:     [MES.Номенклатура/СинхронизацияПолей] Ответ успешно принят: {'Ref_Key': 'b4b803a7-aa8c-11f1-a4bb-30e1716be59f',
 'data_version': 'AAAAAATeRlA=',
 'types_tree': '0f1fee33-0f04-11e7-80c0-4ccc6a67082d;f193e0db-9ed7-11e7-80c5-4ccc6a67082d',
 'unit_code': '    ',
 'unit_ratio': 1.0,
 'Артикул': '',
 'Вид': 'Линзовые компенсаторы',
 'Вид_Ref_Key': 'bd03f568-0680-11e8-80cd-4ccc6a67082d',
 'ЕдиницаИзмерения': 'Штука',
 'Закупочная_цена': 0.0,
 'Код': '00-00190598',
 'На_удаление': False,
 'Наименование': 'Линзовый компенсатор ЛК.2608186.01',
 'РодительRefKey': None,
 'СхемаОбеспечения': '52513773-2597-11e7-80c0-4ccc6a67082d',
 'ЭтоГруппа': False}
INFO:     192.168.100.50:57329 - "POST /hs/mes/exchange/v1/nomenclature/ HTTP/1.1" 200 OK
INFO:     IS_TEST_BASE: '0'
INFO:     [MES.Номенклатура/СинхронизацияПолей] Ответ успешно принят: {'Ref_Key': 'c11b7f71-aa8c-11f1-a4bb-30e1716be59f',
 'data_version': 'AAAAAATeRlE=',
 'types_tree': '0f1fee33-0f04-11e7-80c0-4ccc6a67082d;f193e0db-9ed7-11e7-80c5-4ccc6a67082d',
 'unit_code': '    ',
 'unit_ratio': 1.0,
 'Артикул': '',
 'Вид': 'Линзовые компенсаторы',
 'Вид_Ref_Key': 'bd03f568-0680-11e8-80cd-4ccc6a67082d',
 'ЕдиницаИзмерения': 'Штука',
 'Закупочная_цена': 0.0,
 'Код': '00-00190599',
 'На_удаление': False,
 'Наименование': 'Линзовый компенсатор ЛК.2608186.02',
 'РодительRefKey': None,
 'СхемаОбеспечения': '52513773-2597-11e7-80c0-4ccc6a67082d',
 'ЭтоГруппа': False}
INFO:     192.168.100.50:57365 - "POST /hs/mes/exchange/v1/nomenclature/ HTTP/1.1" 200 OK
INFO:     192.168.19.136:52039 - "POST /check-actual-password HTTP/1.1" 200 OK
INFO:     IS_TEST_BASE: '0'
INFO:     [bitrix24.РаспоряжениеНаДоставку.СинхронизацияТабличнойЧасти] Ответ успешно принят: {'title': '000008088 от 27.08.2026',
 'ufCrm18CountSpots': 1,
 'ufCrm18Customer': 'Пауэрз',
 'ufCrm18DateShipment': '28.08.2026',
 'ufCrm18DimensionsSpots': '200x200x200',
 'ufCrm18GrossWeight': 1.0,
 'ufCrm18Info': 'груз небольшой - Саша\n36 комплеков щеток',
 'ufCrm18Insurance': 0.0,
 'ufCrm18NetWeigth': 1.0,
 'ufCrm18PackingType': 'коробка',
 'ufCrm18Payment': 'Организация',
 'ufCrm18Products': ' Щетки угольные AEG 4931428732 (см. описание) - 39 компл',
 'ufCrm18Recipient': 'Пауэрз, ИНН ',
 'ufCrm18RecipientAddress': '173526, Новгородская обл, р-н Новгородский, рп '
                            'Панковка, ул Индустриальная, д. 19',
 'ufCrm18RecipientContact': 'Шаляпина Марина Сергеевна, +7+79210250050',
 'ufCrm18Shipper': 'ООО "ПАУЭРЗ"',
 'ufCrm18Shipper2': 'ИНТЕРНЕТ РЕШЕНИЯ ООО поставщик',
 'ufCrm18ShipperContact': 'интернет магазин менеджера нет, +78002347000',
 'ufCrm18ShippingAddress': '',
 'ufCrm18ShippingAddress2': 'Панковка, Строительная ул., 17',
 'ufCrm18ShippingMethod': 'На усмотрение транспортной службы',
 'ufCrm18Volume': 0.008,
 'xmlId': '361d26c1-a1ef-11f1-a4b9-30e1716be59e'}
INFO:     192.168.100.50:57409 - "POST /hs/mes/exchange/v1/order-delivery/ HTTP/1.1" 200 OK
INFO:     IS_TEST_BASE: '0'
INFO:     [MES.Номенклатура/СинхронизацияПолей] Ответ успешно принят: {'Ref_Key': '2f616fc2-a159-11f1-a4b9-30e1716be59e',
 'data_version': 'AAAAAATeRls=',
 'types_tree': '0f1fee33-0f04-11e7-80c0-4ccc6a67082d;2b302c73-9ed8-11e7-80c5-4ccc6a67082d',
 'unit_code': '    ',
 'unit_ratio': 1.0,
 'Артикул': 'КТ.2608186.01',
 'Вид': 'Компенсатор тканевый',
 'Вид_Ref_Key': '40e21b2f-0f04-11e7-80c0-4ccc6a67082d',
 'ЕдиницаИзмерения': 'Штука',
 'Закупочная_цена': 0.0,
 'Код': '00-00190076',
 'На_удаление': False,
 'Наименование': 'Тканевый компенсатор КТ.2608186.01.00',
 'РодительRefKey': None,
 'СхемаОбеспечения': '52513773-2597-11e7-80c0-4ccc6a67082d',
 'ЭтоГруппа': False}
INFO:     192.168.100.50:57554 - "POST /hs/mes/exchange/v1/nomenclature/ HTTP/1.1" 200 OK
INFO:     IS_TEST_BASE: '0'
INFO:     [MES.Номенклатура/СинхронизацияПолей] Ответ успешно принят: {'Ref_Key': 'd647d6d2-a518-11f1-a4ba-30e1716be59f',
 'data_version': 'AAAAAATeRlw=',
 'types_tree': '0f1fee33-0f04-11e7-80c0-4ccc6a67082d;f193e0db-9ed7-11e7-80c5-4ccc6a67082d',
 'unit_code': '    ',
 'unit_ratio': 1.0,
 'Артикул': '',
 'Вид': 'Прочая продукция Пауэрза',
 'Вид_Ref_Key': '763e2214-3cab-11e8-80cf-4ccc6a67082d',
 'ЕдиницаИзмерения': 'Штука',
 'Закупочная_цена': 0.0,
 'Код': '00-00190184',
 'На_удаление': False,
 'Наименование': 'КМД.2608186.01',
 'РодительRefKey': None,
 'СхемаОбеспечения': 'b36280d4-ffe4-11e9-80e9-4ccc6a67082d',
 'ЭтоГруппа': False}
INFO:     192.168.100.50:57557 - "POST /hs/mes/exchange/v1/nomenclature/ HTTP/1.1" 200 OK
INFO:     IS_TEST_BASE: '0'
INFO:     [MES.Номенклатура/СинхронизацияПолей] Ответ успешно принят: {'Ref_Key': 'e8681471-a518-11f1-a4ba-30e1716be59f',
 'data_version': 'AAAAAATeRl0=',
 'types_tree': '0f1fee33-0f04-11e7-80c0-4ccc6a67082d;f193e0db-9ed7-11e7-80c5-4ccc6a67082d',
 'unit_code': '    ',
 'unit_ratio': 1.0,
 'Артикул': '',
 'Вид': 'Прочая продукция Пауэрза',
 'Вид_Ref_Key': '763e2214-3cab-11e8-80cf-4ccc6a67082d',
 'ЕдиницаИзмерения': 'Штука',
 'Закупочная_цена': 0.0,
 'Код': '00-00190185',
 'На_удаление': False,
 'Наименование': 'КМД.2608186.02',
 'РодительRefKey': None,
 'СхемаОбеспечения': 'b36280d4-ffe4-11e9-80e9-4ccc6a67082d',
 'ЭтоГруппа': False}
INFO:     192.168.100.50:57558 - "POST /hs/mes/exchange/v1/nomenclature/ HTTP/1.1" 200 OK
INFO:     IS_TEST_BASE: '0'
INFO:     [MES.Номенклатура/СинхронизацияПолей] Ответ успешно принят: {'Ref_Key': 'f4a2a9c3-a518-11f1-a4ba-30e1716be59f',
 'data_version': 'AAAAAATeRl4=',
 'types_tree': '0f1fee33-0f04-11e7-80c0-4ccc6a67082d;f193e0db-9ed7-11e7-80c5-4ccc6a67082d',
 'unit_code': '    ',
 'unit_ratio': 1.0,
 'Артикул': '',
 'Вид': 'Прочая продукция Пауэрза',
 'Вид_Ref_Key': '763e2214-3cab-11e8-80cf-4ccc6a67082d',
 'ЕдиницаИзмерения': 'Штука',
 'Закупочная_цена': 0.0,
 'Код': '00-00190186',
 'На_удаление': False,
 'Наименование': 'КМД.2608186.03',
 'РодительRefKey': None,
 'СхемаОбеспечения': 'b36280d4-ffe4-11e9-80e9-4ccc6a67082d',
 'ЭтоГруппа': False}
INFO:     192.168.100.50:57561 - "POST /hs/mes/exchange/v1/nomenclature/ HTTP/1.1" 200 OK
INFO:     IS_TEST_BASE: '0'
INFO:     [MES.Номенклатура/СинхронизацияПолей] Ответ успешно принят: {'Ref_Key': '06b4e52d-a519-11f1-a4ba-30e1716be59f',
 'data_version': 'AAAAAATeRl8=',
 'types_tree': '0f1fee33-0f04-11e7-80c0-4ccc6a67082d;f193e0db-9ed7-11e7-80c5-4ccc6a67082d',
 'unit_code': '    ',
 'unit_ratio': 1.0,
 'Артикул': '',
 'Вид': 'Прочая продукция Пауэрза',
 'Вид_Ref_Key': '763e2214-3cab-11e8-80cf-4ccc6a67082d',
 'ЕдиницаИзмерения': 'Штука',
 'Закупочная_цена': 0.0,
 'Код': '00-00190187',
 'На_удаление': False,
 'Наименование': 'КМД.2608186.04',
 'РодительRefKey': None,
 'СхемаОбеспечения': 'b36280d4-ffe4-11e9-80e9-4ccc6a67082d',
 'ЭтоГруппа': False}
INFO:     192.168.100.50:57565 - "POST /hs/mes/exchange/v1/nomenclature/ HTTP/1.1" 200 OK
INFO:     IS_TEST_BASE: '0'
INFO:     [MES.Номенклатура/СинхронизацияПолей] Ответ успешно принят: {'Ref_Key': '1faea9df-a519-11f1-a4ba-30e1716be59f',
 'data_version': 'AAAAAATeRmA=',
 'types_tree': '0f1fee33-0f04-11e7-80c0-4ccc6a67082d;f193e0db-9ed7-11e7-80c5-4ccc6a67082d',
 'unit_code': '    ',
 'unit_ratio': 1.0,
 'Артикул': '',
 'Вид': 'Прочая продукция Пауэрза',
 'Вид_Ref_Key': '763e2214-3cab-11e8-80cf-4ccc6a67082d',
 'ЕдиницаИзмерения': 'Штука',
 'Закупочная_цена': 0.0,
 'Код': '00-00190188',
 'На_удаление': False,
 'Наименование': 'КМД.2608186.05',
 'РодительRefKey': None,
 'СхемаОбеспечения': 'b36280d4-ffe4-11e9-80e9-4ccc6a67082d',
 'ЭтоГруппа': False}
INFO:     192.168.100.50:57567 - "POST /hs/mes/exchange/v1/nomenclature/ HTTP/1.1" 200 OK
INFO:     IS_TEST_BASE: '0'
INFO:     [MES.Номенклатура/СинхронизацияПолей] Ответ успешно принят: {'Ref_Key': 'b4b803a7-aa8c-11f1-a4bb-30e1716be59f',
 'data_version': 'AAAAAATeRmE=',
 'types_tree': '0f1fee33-0f04-11e7-80c0-4ccc6a67082d;f193e0db-9ed7-11e7-80c5-4ccc6a67082d',
 'unit_code': '    ',
 'unit_ratio': 1.0,
 'Артикул': '',
 'Вид': 'Линзовые компенсаторы',
 'Вид_Ref_Key': 'bd03f568-0680-11e8-80cd-4ccc6a67082d',
 'ЕдиницаИзмерения': 'Штука',
 'Закупочная_цена': 0.0,
 'Код': '00-00190598',
 'На_удаление': False,
 'Наименование': 'Линзовый компенсатор ЛК.2608186.01',
 'РодительRefKey': None,
 'СхемаОбеспечения': '52513773-2597-11e7-80c0-4ccc6a67082d',
 'ЭтоГруппа': False}
INFO:     192.168.100.50:57568 - "POST /hs/mes/exchange/v1/nomenclature/ HTTP/1.1" 200 OK
INFO:     IS_TEST_BASE: '0'
INFO:     [MES.Номенклатура/СинхронизацияПолей] Ответ успешно принят: {'Ref_Key': 'c11b7f71-aa8c-11f1-a4bb-30e1716be59f',
 'data_version': 'AAAAAATeRmI=',
 'types_tree': '0f1fee33-0f04-11e7-80c0-4ccc6a67082d;f193e0db-9ed7-11e7-80c5-4ccc6a67082d',
 'unit_code': '    ',
 'unit_ratio': 1.0,
 'Артикул': '',
 'Вид': 'Линзовые компенсаторы',
 'Вид_Ref_Key': 'bd03f568-0680-11e8-80cd-4ccc6a67082d',
 'ЕдиницаИзмерения': 'Штука',
 'Закупочная_цена': 0.0,
 'Код': '00-00190599',
 'На_удаление': False,
 'Наименование': 'Линзовый компенсатор ЛК.2608186.02',
 'РодительRefKey': None,
 'СхемаОбеспечения': '52513773-2597-11e7-80c0-4ccc6a67082d',
 'ЭтоГруппа': False}
INFO:     192.168.100.50:57569 - "POST /hs/mes/exchange/v1/nomenclature/ HTTP/1.1" 200 OK
INFO:     IS_TEST_BASE: '0'
INFO:     [MES.Номенклатура/СинхронизацияПолей] Ответ успешно принят: {'Ref_Key': '3b58b079-a159-11f1-a4b9-30e1716be59e',
 'data_version': 'AAAAAATeRmM=',
 'types_tree': 'e26b5737-0ef3-11e7-80c0-4ccc6a67082d;da2193ba-0d06-11ed-8468-00d861dd2b4a;4a978163-9ed8-11e7-80c5-4ccc6a67082d',
 'unit_code': '    ',
 'unit_ratio': 1.0,
 'Артикул': 'КТ.2608186.01.01',
 'Вид': 'Компенсатор композитный',
 'Вид_Ref_Key': '47807104-0eff-11e7-80c0-4ccc6a67082d',
 'ЕдиницаИзмерения': 'Штука',
 'Закупочная_цена': 0.0,
 'Код': '00-00190077',
 'На_удаление': False,
 'Наименование': 'Компенсатор композитный КТ.2608186.01.01',
 'РодительRefKey': None,
 'СхемаОбеспечения': None,
 'ЭтоГруппа': False}
INFO:     192.168.100.50:57571 - "POST /hs/mes/exchange/v1/nomenclature/ HTTP/1.1" 200 OK
INFO:     IS_TEST_BASE: '0'
INFO:     [MES.Номенклатура/СинхронизацияПолей] Ответ успешно принят: {'Ref_Key': '3e47d84e-a74f-11f1-a4ba-30e1716be59f',
 'data_version': 'AAAAAATeRmQ=',
 'types_tree': '0f1fee33-0f04-11e7-80c0-4ccc6a67082d;f193e0db-9ed7-11e7-80c5-4ccc6a67082d',
 'unit_code': '    ',
 'unit_ratio': 1.0,
 'Артикул': 'КТ.2608186.01.00',
 'Вид': 'Металлоизделия',
 'Вид_Ref_Key': 'cf1e8906-a417-11e7-80c5-4ccc6a67082d',
 'ЕдиницаИзмерения': 'Штука',
 'Закупочная_цена': 0.0,
 'Код': '00-00190410',
 'На_удаление': False,
 'Наименование': 'Металлическая арматура для компенсатора КТ.2608186.01.00',
 'РодительRefKey': None,
 'СхемаОбеспечения': '52513773-2597-11e7-80c0-4ccc6a67082d',
 'ЭтоГруппа': False}
INFO:     192.168.100.50:57573 - "POST /hs/mes/exchange/v1/nomenclature/ HTTP/1.1" 200 OK
INFO:     192.168.19.98:55133 - "POST /check-actual-password HTTP/1.1" 200 OK
INFO:     192.168.19.62:26132 - "POST /check-actual-password HTTP/1.1" 200 OK
INFO:     192.168.19.62:26135 - "POST /check-actual-password HTTP/1.1" 200 OK
INFO:     192.168.19.136:52187 - "POST /check-actual-password HTTP/1.1" 200 OK
INFO:     192.168.17.48:55879 - "POST /authenticate HTTP/1.1" 200 OK
INFO:     IS_TEST_BASE: '0'
INFO:     [bitrix24.РаспоряжениеНаДоставку.СинхронизацияТабличнойЧасти] Ответ успешно принят: {'title': '000008088 от 27.08.2026',
 'ufCrm18CountSpots': 1,
 'ufCrm18Customer': 'Пауэрз',
 'ufCrm18DateShipment': '28.08.2026',
 'ufCrm18DimensionsSpots': '200x200x200',
 'ufCrm18GrossWeight': 1.0,
 'ufCrm18Info': 'груз небольшой - Саша\n36 комплеков щеток',
 'ufCrm18Insurance': 0.0,
 'ufCrm18NetWeigth': 1.0,
 'ufCrm18PackingType': 'коробка',
 'ufCrm18Payment': 'Организация',
 'ufCrm18Products': ' Щетки угольные AEG 4931428732 (см. описание) - 39 компл',
 'ufCrm18Recipient': 'Пауэрз, ИНН ',
 'ufCrm18RecipientAddress': '173526, Новгородская обл, р-н Новгородский, рп '
                            'Панковка, ул Индустриальная, д. 19',
 'ufCrm18RecipientContact': 'Шаляпина Марина Сергеевна, +7+79210250050',
 'ufCrm18Shipper': 'ООО "ПАУЭРЗ"',
 'ufCrm18Shipper2': 'ИНТЕРНЕТ РЕШЕНИЯ ООО поставщик',
 'ufCrm18ShipperContact': 'интернет магазин менеджера нет, +78002347000',
 'ufCrm18ShippingAddress': '',
 'ufCrm18ShippingAddress2': 'Панковка, Строительная ул., 17',
 'ufCrm18ShippingMethod': 'На усмотрение транспортной службы',
 'ufCrm18Volume': 0.008,
 'xmlId': '361d26c1-a1ef-11f1-a4b9-30e1716be59e'}
INFO:     192.168.100.50:57959 - "POST /hs/mes/exchange/v1/order-delivery/ HTTP/1.1" 200 OK
INFO:     Shutting down
INFO:     Waiting for application shutdown.
INFO:     Application shutdown complete.
INFO:     Finished server process [66060]

---------------
2026-09-07 10:27:32.355198 wet_req start:
            ВЫБРАТЬ
        СтруктураПредприятия.Наименование КАК Наименование,
        СтруктураПредприятия.Родитель.Представление КАК РодительПредставление,
        СтруктураПредприятия.Код КАК Код
    ИЗ
        Справочник.СтруктураПредприятия КАК СтруктураПредприятия
    ГДЕ
        СтруктураПредприятия.ПометкаУдаления = ЛОЖЬ
        И СтруктураПредприятия.Родитель.Ссылка В ИЕРАРХИИ            (ВЫБРАТЬ ПЕРВЫЕ 1
                СтруктураПредприятия.Ссылка КАК Ссылка
            ИЗ
                Справочник.СтруктураПредприятия КАК СтруктураПредприятия
            ГДЕ
                СтруктураПредприятия.ПометкаУдаления = ЛОЖЬ
                )
    УПОРЯДОЧИТЬ ПО
        Наименование

wet_req end PC 0.036495 secs.

---------------
2026-09-07 10:27:32.391943 wet_req start:
            ВЫБРАТЬ
                РесурсныеСпецификации.Наименование КАК Наименование,
                РесурсныеСпецификации.Родитель.Представление КАК РодительПредставление,
                РесурсныеСпецификации.Код КАК Код
            ИЗ
                Справочник.РесурсныеСпецификации КАК РесурсныеСпецификации
            ГДЕ
                РесурсныеСпецификации.ПометкаУдаления = ЛОЖЬ
                И РесурсныеСпецификации.ЭтоГруппа = ИСТИНА

            УПОРЯДОЧИТЬ ПО
                Наименование

wet_req end PC 0.027043 secs.

---------------
2026-09-07 10:27:32.421380 wet_req start:
            ВЫБРАТЬ
    ПРЕДСТАВЛЕНИЕ(СпособыРаспределенияЗатратНаВыходныеИзделия.Ссылка) КАК Наименование,
    СпособыРаспределенияЗатратНаВыходныеИзделия.Порядок КАК Порядок,
        УНИКАЛЬНЫЙИДЕНТИФИКАТОР(СпособыРаспределенияЗатратНаВыходныеИзделия.Ссылка) КАК ref_key
ИЗ
    Перечисление.СпособыРаспределенияЗатратНаВыходныеИзделия КАК СпособыРаспределенияЗатратНаВыходныеИзделия


wet_req end PC 0.021806 secs.

---------------
2026-09-07 10:27:32.443344 wet_req start: ВЫБРАТЬ
                СтатьиКалькуляции.Наименование КАК Наименование,
                УНИКАЛЬНЫЙИДЕНТИФИКАТОР(СтатьиКалькуляции.Ссылка) КАК ref_key,
                СтатьиКалькуляции.Родитель.Наименование КАК РодительПредставление
            ИЗ
                Справочник.СтатьиКалькуляции КАК СтатьиКалькуляции
            ГДЕ
                СтатьиКалькуляции.ЭтоГруппа = ЛОЖЬ
                И СтатьиКалькуляции.ПометкаУдаления = ЛОЖЬ
wet_req end PC 0.041029 secs.

---------------
2026-09-07 10:27:32.485935 wet_req start:
            ВЫБРАТЬ
    ПРЕДСТАВЛЕНИЕ(СпособыПолученияМатериаловВСпецификации.Ссылка) КАК Наименование,
    СпособыПолученияМатериаловВСпецификации.Порядок КАК Порядок,
        УНИКАЛЬНЫЙИДЕНТИФИКАТОР(СпособыПолученияМатериаловВСпецификации.Ссылка) КАК ref_key
ИЗ
    Перечисление.СпособыПолученияМатериаловВСпецификации КАК СпособыПолученияМатериаловВСпецификации


wet_req end PC 0.009344 secs.

---------------
2026-09-07 10:27:32.495396 wet_req start:
        ВЫБРАТЬ

            ВидыРаботСотрудников.Наименование КАК Наименование,
            ВидыРаботСотрудников.Код КАК Код,
            ВидыРаботСотрудников.Родитель.Представление КАК Родитель,
            УНИКАЛЬНЫЙИДЕНТИФИКАТОР(ВидыРаботСотрудников.Ссылка) КАК ref_key
        ИЗ
            Справочник.ВидыРаботСотрудников КАК ВидыРаботСотрудников
        ГДЕ
            ВидыРаботСотрудников.ПометкаУдаления = ЛОЖЬ

        УПОРЯДОЧИТЬ ПО
            Наименование

wet_req end PC 0.051012 secs.

---------------
2026-09-07 10:27:32.548584 wet_req start:
ВЫБРАТЬ
    СтавкиНДС.Наименование КАК Наименование,
    УНИКАЛЬНЫЙИДЕНТИФИКАТОР(СтавкиНДС.Ссылка) КАК ref_key
ИЗ
    Справочник.СтавкиНДС КАК СтавкиНДС
 ГДЕ
            СтавкиНДС.ПометкаУдаления = ЛОЖЬ
        УПОРЯДОЧИТЬ ПО
            Наименование

wet_req end PC 0.022842 secs.

---------------
2026-09-07 10:27:32.571598 wet_req start:
ВЫБРАТЬ
    ПРЕДСТАВЛЕНИЕ(ТипыНоменклатуры.Ссылка) КАК Наименование,
    ТипыНоменклатуры.Порядок КАК Порядок,
        УНИКАЛЬНЫЙИДЕНТИФИКАТОР(ТипыНоменклатуры.Ссылка) КАК ref_key
ИЗ
    Перечисление.ТипыНоменклатуры КАК ТипыНоменклатуры

wet_req end PC 0.002208 secs.

---------------
2026-09-07 10:27:32.573938 wet_req start:
ВЫБРАТЬ
    ВидыНоменклатуры.Родитель.Наименование КАК РодительНаименование,
    ВидыНоменклатуры.Наименование КАК Наименование,
    ВидыНоменклатуры.ЭтоГруппа КАК ЭтоГруппа,
    УНИКАЛЬНЫЙИДЕНТИФИКАТОР(ВидыНоменклатуры.Ссылка) КАК ref_key
ИЗ
    Справочник.ВидыНоменклатуры КАК ВидыНоменклатуры
ГДЕ
    ВидыНоменклатуры.ЭтоГруппа = ЛОЖЬ
    И ВидыНоменклатуры.ПометкаУдаления = ЛОЖЬ

wet_req end PC 0.034646 secs.

---------------
2026-09-07 10:27:32.617502 wet_req start:
ВЫБРАТЬ
    Номенклатура.Наименование КАК Наименование,
    Номенклатура.Код КАК Код,
    УНИКАЛЬНЫЙИДЕНТИФИКАТОР(Номенклатура.Ссылка) КАК ref_key,
    Номенклатура.ЭтоГруппа КАК ЭтоГруппа,
    Номенклатура.Родитель.Код + " " + Номенклатура.Родитель.Наименование КАК Родитель
ИЗ
    Справочник.Номенклатура КАК Номенклатура
ГДЕ
    Номенклатура.ЭтоГруппа = ИСТИНА
    И Номенклатура.ПометкаУдаления = ЛОЖЬ            import config try...
import config success
==== Проверка подключения диска: 'Z:' ====
Диск 'Z:' подключен
======Загрузка настроек C:\srv_mes\srv_mes\API_server\======
    C:\srv_mes\srv_mes\Config\CFG.cfg
    Z:\Data
    SRV:Naryad.db
    ОТК,контоль,контроля
    SRV:DB_kplan.db
    SRV:BD_resxml.db
    SRV:BD_dse.db
    SRV:DB_nomenklatura_erp.db
    SRV:BD_files.db
    SRV:BD_users.db
=====Успешно=====
Cursors imported
2026-09-07 10:27:31 Load req
"SELECT * FROM config "
 from db: 0.027201 secs.

2026-09-07 10:27:31 Load req
"SELECT COUNT(*) as cnt FROM app_config  WHERE module = ?"
 from db: 0.092346 secs.

Приложение "API_server.py" не найдено в таблице "app_config"
2026-09-07 10:27:31 Load req
"SELECT "Имя" FROM places"
 from db: 0.021942 secs.

2026-09-07 10:27:31 Load req
"SELECT name FROM "bases_ERP" where type_base = ?; "
 from db: 0.008128 secs.

2026-09-07 10:27:32 Load req
"SELECT name FROM "bases_ERP" where type_base = ?; "
 from db: 0.006796 secs.

2026-09-07 10:27:32 Load req
"
    SELECT "s_num",
       "name",
       "КластерСерверов"
  FROM "bases_ERP" WHERE name = ?;
"
 from db: 0.007479 secs.

2026-09-07 10:27:32 Load req
"
    SELECT "s_num",
       "name",
       "КластерСерверов"
  FROM "bases_ERP" WHERE name = ?;
"
 from db: 0.007155 secs.

2026-09-07 10:27:32 Load req
"
        WITH slice AS (
            SELECT *
              FROM (
                       SELECT "КадроваяИстория"."ФизическоеЛицо_Key",
                                "КадроваяИстория"."Должность_Key",
                                "Должности"."Наименование" as "Должность_Наименование",
                                "КадроваяИстория"."Подразделение_Key",
                                "КадроваяИстория"."Организация_Key",
                                "КадроваяИстория"."Сотрудник_Key",
                                "КадроваяИстория"."Период",
                                "КадроваяИстория".id,
                                "Подразделения"."Организация_poki",
                              ROW_NUMBER() OVER (PARTITION BY "КадроваяИстория"."ФизическоеЛицо_Key" ORDER BY "КадроваяИстория"."Период" DESC) AS rn
                         FROM "КадроваяИстория"
                         inner join "ФизическиеЛица" ON "ФизическиеЛица"."ФизическоеЛицо_Key" = "КадроваяИстория"."ФизическоеЛицо_Key"
                         inner join "Должности" ON "Должности"."Ref_Key" = "КадроваяИстория"."Должность_Key"
                         inner join "Подразделения" ON "Подразделения"."Подразделение_Key" = "КадроваяИстория"."Подразделение_Key"
                        WHERE "ФизическиеЛица"."Наименование" = ?
                   )
                   AS ranked
             WHERE rn = 1
             ORDER BY id
)
 SELECT
        "employee"."ФИО" as "ФИО",
        "employee"."Пномер" as "Пномер",
        "employee"."Должность" as "Должность",
        "employee"."Статус" as "Статус",
        "employee"."Подразделение" as "Подразделение",
        "employee"."Режим" as "Режим",
        "employee"."Компания" as "Компания",
        "employee"."ID_ФизЛица" as "ID_ФизЛица",
        "employee"."ВидЗанятости" as "ВидЗанятости",
        "employee"."ДатаИзмененияДолжности" as "ДатаИзмененияДолжности",
        "ФизическиеЛица"."Фамилия" as "Фамилия",
        "ФизическиеЛица"."Имя" as "Имя",
        "ФизическиеЛица"."Отчество" as "Отчество",
        "ФизическиеЛица"."Пол" as "Пол",
        "ФизическиеЛица".login as login,
        "ФизическиеЛица".id_bitrix as id_bitrix,
        "slice"."Должность_Key" as "current_Должность_Key",
        "slice"."Должность_Наименование" as "current_Должность",
        "slice"."Подразделение_Key" as "current_Подразделение_Key",
        "slice"."Организация_Key" as "current_Организация_Key",
        "slice"."Сотрудник_Key" as "current_Сотрудник_Key",
        "slice"."Организация_poki" as "current_Организация_poki"
         FROM employee
         LEFT JOIN "ФизическиеЛица" ON "ФизическиеЛица"."ФизическоеЛицо_Key" = "employee"."ID_ФизЛица"
         LEFT JOIN "slice" on "slice"."ФизическоеЛицо_Key" = "ФизическиеЛица"."ФизическоеЛицо_Key"
        WHERE "employee"."ФИО" = ? ;"
 from db: 0.017843 secs.

INFO:     Started server process [73504]
INFO:     Waiting for application startup.
INFO:     Application startup complete.
INFO:     Uvicorn running on http://192.168.100.135:20011 (Press CTRL+C to quit)

wet_req end PC 0.013131 secs.

---------------
2026-09-07 10:27:32.630774 wet_req start:
ВЫБРАТЬ
    ГруппыДоступаНоменклатуры.Наименование КАК Наименование,
    УНИКАЛЬНЫЙИДЕНТИФИКАТОР(ГруппыДоступаНоменклатуры.Ссылка) КАК ref_key
ИЗ
    Справочник.ГруппыДоступаНоменклатуры КАК ГруппыДоступаНоменклатуры
 ГДЕ
            ГруппыДоступаНоменклатуры.ПометкаУдаления = ЛОЖЬ
        УПОРЯДОЧИТЬ ПО
            Наименование

wet_req end PC 0.023518 secs.

---------------
2026-09-07 10:27:32.655263 wet_req start:
ВЫБРАТЬ
    ПРЕДСТАВЛЕНИЕ(ВариантыОформленияПродажи.Ссылка) КАК Наименование,
    ВариантыОформленияПродажи.Порядок КАК Порядок,
        УНИКАЛЬНЫЙИДЕНТИФИКАТОР(ВариантыОформленияПродажи.Ссылка) КАК ref_key
ИЗ
    Перечисление.ВариантыОформленияПродажи КАК ВариантыОформленияПродажи

wet_req end PC 0.001805 secs.

---------------
2026-09-07 10:27:32.657146 wet_req start:
            ВЫБРАТЬ РАЗЛИЧНЫЕ
                УНИКАЛЬНЫЙИДЕНТИФИКАТОР(УпаковкиЕдиницыИзмерения.Ссылка) КАК ref_key,
                УпаковкиЕдиницыИзмерения.Код КАК Код,
                УпаковкиЕдиницыИзмерения.Наименование КАК Наименование,
                УпаковкиЕдиницыИзмерения.НаименованиеПолное КАК НаименованиеПолное
            ИЗ
                Справочник.УпаковкиЕдиницыИзмерения КАК УпаковкиЕдиницыИзмерения
            ГДЕ
                УпаковкиЕдиницыИзмерения.ПометкаУдаления = ЛОЖЬ
                И УпаковкиЕдиницыИзмерения.НаименованиеПолное <> ""

            УПОРЯДОЧИТЬ ПО
                Наименование

wet_req end PC 0.021071 secs.

---------------
2026-09-07 10:27:32.683482 wet_req start:
ВЫБРАТЬ
УНИКАЛЬНЫЙИДЕНТИФИКАТОР(ГруппыАналитическогоУчетаНоменклатуры.Ссылка) КАК ref_key,
    ГруппыАналитическогоУчетаНоменклатуры.Наименование КАК Наименование,
    ГруппыАналитическогоУчетаНоменклатуры.Родитель.Представление КАК РодительПредставление,
    ГруппыАналитическогоУчетаНоменклатуры.ЭтоГруппа КАК ЭтоГруппа
ИЗ
    Справочник.ГруппыАналитическогоУчетаНоменклатуры КАК ГруппыАналитическогоУчетаНоменклатуры
ГДЕ
    ГруппыАналитическогоУчетаНоменклатуры.ЭтоГруппа = ЛОЖЬ
    И ГруппыАналитическогоУчетаНоменклатуры.ПометкаУдаления = ЛОЖЬ

wet_req end PC 0.014469 secs.

---------------
2026-09-07 10:27:32.699238 wet_req start:
ВЫБРАТЬ
    УНИКАЛЬНЫЙИДЕНТИФИКАТОР(ГруппыФинансовогоУчетаНоменклатуры.Ссылка) КАК ref_key,
    ГруппыФинансовогоУчетаНоменклатуры.Родитель.Представление КАК Родитель,

    ГруппыФинансовогоУчетаНоменклатуры.Наименование КАК Наименование,
    ГруппыФинансовогоУчетаНоменклатуры.ЭтоГруппа КАК ЭтоГруппа,

    ГруппыФинансовогоУчетаНоменклатуры.ВидЦенностиНДС КАК ВидЦенностиНДС
ИЗ
    Справочник.ГруппыФинансовогоУчетаНоменклатуры КАК ГруппыФинансовогоУчетаНоменклатуры
ГДЕ
    ГруппыФинансовогоУчетаНоменклатуры.ЭтоГруппа = ЛОЖЬ
    И ГруппыФинансовогоУчетаНоменклатуры.ПометкаУдаления = ЛОЖЬ

wet_req end PC 0.019036 secs.
INFO:     192.168.17.48:55919 - "POST /check-actual-password HTTP/1.1" 200 OK
INFO:     192.168.17.97:57882 - "POST /authenticate HTTP/1.1" 200 OK
get_prices -  -  - 2026-09-07 10:28:18 -
==== Объединение цен по номенклатуре из трех источников ====
get_prices -  -  - 2026-09-07 10:28:24 - 2026-09-07 10:28:24 Load req
"SELECT s_num, resp_date,
            CASE WHEN datetime(resp_date) >= datetime('2026-09-06 10:28:18.796780')
        THEN file
        ELSE null
        END AS file,

              hash_file FROM odata_lazy_resps
            where resp = 'd80db345fff8dc29f229e7270a0179dd' limit 1"
 from db: 5.510057 secs.
INFO:     192.168.17.97:57888 - "POST /authenticate HTTP/1.1" 200 OK
get_prices -  -  - 2026-09-07 10:28:30 - 2026-09-07 10:28:30 Load req
"SELECT s_num, resp_date,
            CASE WHEN datetime(resp_date) >= datetime('2026-09-07 10:13:24.388650')
        THEN file
        ELSE null
        END AS file,

              hash_file FROM odata_lazy_resps
            where resp = '6315f2844d117869758be140aeefa739' limit 1"
 from db: 6.556995 secs.
get_prices -  -  - 2026-09-07 10:28:35 - 2026-09-07 10:28:35 Load req
"UPDATE odata_lazy_resps set (resp_date, file, file_size, hash_file ) = (?,?,?,?) WHERE s_num == 37;"
 from db: 0.060972 secs.
get_prices -  -  - 2026-09-07 10:28:51 - 2026-09-07 10:28:51

!!!WARNING!!!
 Load req
"SELECT s_num, resp_date,
            CASE WHEN datetime(resp_date) >= datetime('2026-09-07 10:13:36.029744')
        THEN file
        ELSE null
        END AS file,

              hash_file FROM odata_lazy_resps
            where resp = 'f80ceac8bcba534ae0d2db6ac163d375' limit 1"
 from db: 15.029541 secs.
get_prices -  -  - 2026-09-07 10:28:52 - 2026-09-07 10:28:52 Load req
"UPDATE odata_lazy_resps set (resp_date ) = (?) WHERE s_num == 38;"
 from db: 0.032028 secs.
INFO:     192.168.20.82:54833 - "GET /files/py/packages/list/ HTTP/1.1" 200 OK
get_prices -  -  - 2026-09-07 10:28:55 - /ping ошибка:
get_prices -  -  - 2026-09-07 10:28:55 - name 'for_1c' is not defined
INFO:     192.168.20.82:54839 - "GET / HTTP/1.1" 200 OK
INFO:     192.168.20.82:54841 - "GET /files/project-cust/hash/ HTTP/1.1" 200 OK
INFO:     192.168.17.97:57891 - "POST /check-actual-password HTTP/1.1" 200 OK
get_prices -  -  - 2026-09-07 10:28:58 - 2026-09-07 10:28:58 Load req
"SELECT s_num, resp_date,
            CASE WHEN datetime(resp_date) >= datetime('2026-09-07 10:13:52.944344')
        THEN file
        ELSE null
        END AS file,

              hash_file FROM odata_lazy_resps
            where resp = '3c5da930ff1356a68a29eaaaabccbf17' limit 1"
 from db: 5.097852 secs.
get_prices -  -  - 2026-09-07 10:29:00 - 2026-09-07 10:29:00 Load req
"UPDATE odata_lazy_resps set (resp_date, file, file_size, hash_file ) = (?,?,?,?) WHERE s_num == 39;"
 from db: 0.134616 secs.
get_prices -  -  - 2026-09-07 10:29:00 - —Номенклатура: 00-00000006 БСТВ (МТПБ) 50 мм  Цена: 6110
—Номенклатура: 00-00000013 Изо Керам 19 мм (128 кг/м3)  Цена: 486.3
—Номенклатура: 00-00000026 Оксфорд (чёрный)  Цена: 67.42
—Номенклатура: 00-00000030 Полифом 5 мм  Цена: 183.61
—Номенклатура: 00-00000037 Ткань стеклянная TG-660  Цена: 153.4
—Номенклатура: 00-00000046 Герметик 310 мл  Цена: 453.9
—Номенклатура: 00-00000108 Фастекс  Цена: 5.76
—Номенклатура: 00-00000122 Кабель силовой ВВГ 3х1,5  Цена: 31
—Номенклатура: 00-00000124 Кабель силовой морозостойкий 3х1,5  Цена: 170
—Номенклатура: 00-00000157 Кабель греющий 28 Вт/м  Цена: 1520.01
—Номенклатура: 00-00000169 Коробка взрывозащищённая КР-В-100  Цена: 1746.4
—Номенклатура: 00-00000685 Гайка М16 оцинк.  Цена: 4.42
—Номенклатура: 00-00001175 Лист 1,5 08ПС  Цена: 44
—Номенклатура: 00-00001192 Лист 3,0 Ст3сп5 ГОСТ 14637-89  Цена: 42
—Номенклатура: 00-00001201 Лист 14,0 Ст3  Цена: 42
—Номенклатура: 00-00001865 Шайба М16 оцинк.  Цена: 1.08
—Номенклатура: 00-00001963 Брус 200х100х6000  Цена: 1083.33
—Номенклатура: 00-00002247 Брус 200х200х6000  Цена: 1800
—Номенклатура: 00-00002345 Элатекс Изо ИПС  Цена: 49.4
—Номенклатура: 00-00005609 Лист 8,0 Ст3  Цена: 42
—Номенклатура: 00-00006528 Лист 6,0 09Г2С  Цена: 42
—Номенклатура: 00-00006652 Лист 5,0 Ст3Сп5  Цена: 42
—Номенклатура: 00-00006945 Лист 12,0 Ст3 ГОСТ 14637-89  Цена: 42
—Номенклатура: 00-00006946 Лист 4,0 Ст3  Цена: 42
—Номенклатура: 00-00007662 Антисептик  Цена: 60.63
—Номенклатура: 00-00008140 Лист 1,0 Ст3  Цена: 42
—Номенклатура: 00-00008385 Шпилька оцинк. М16х1000  Цена: 128
—Номенклатура: 00-00008943 Лист 10,0 Ст3 ГОСТ 14637-89  Цена: 42
—Номенклатура: 00-00015374 Лист 10,0 Ст20  Цена: 52
—Номенклатура: 00-00016216 Пластина соедин.200х50х2мм оцинк.  Цена: 25.89
—Номенклатура: 00-00016218 Шуруп 12х200  Цена: 20.81
—Номенклатура: 00-00017002 Лист 2,5 12Х18Н10Т  Цена: 220
—Номенклатура: 00-00017004 Лист 2,5 Ст3  Цена: 42
—Номенклатура: 00-00017275 Изоляционный картон Isoplan 1100  Цена: 2109
—Номенклатура: 00-00018558 Лист 2,5 Ст20  Цена: 52
—Номенклатура: 00-00018576 Лист 4,0 Ст20  Цена: 52
—Номенклатура: 00-00018626 Лист 11,0 Ст3  Цена: 42
—Номенклатура: 00-00019909 Синтекрон  Цена: 65.7
—Номенклатура: 00-00020199 Шпилька резьбовая М16х2000  Цена: 200
—Номенклатура: 00-00020567 Лист 9,0 Ст3  Цена: 42
—Номенклатура: 00-00021302 Лист 5,0 09Г2С  Цена: 42
—Номенклатура: 00-00021949 Лист 1,0 09Г2С  Цена: 42
—Номенклатура: 00-00021950 Уголок 63х63х6 09Г2С  Цена: 43
—Номенклатура: 00-00022204 Лист 1,5 09Г2С  Цена: 42
—Номенклатура: 00-00022374 Лист 1,5 12Х18Н10Т  Цена: 220
—Номенклатура: 00-00046706 Клапан контр.  Цена: 250
—Номенклатура: 00-00051621 Клапан газоплотный 1912064.02  Цена: 273164
—Номенклатура: 00-00055770 Изо Керам 25 мм (160 кг/м3)  Цена: 588.1
—Номенклатура: 00-00068050 Клапан ПГВУ 2010109.01  Цена: 44763.57
—Номенклатура: 00-00074815 Элатекс НейлонПУ 60  Цена: 182
—Номенклатура: 00-00106808 КЛ.1802015.04.001 Вал передний  Цена: 3286.53
—Номенклатура: 00-00106811 КЛ.1802015.04.10 Корпус  Цена: 12878.51
—Номенклатура: 00-00106815 КЛ.1802015.04.004 Дистанционное кольцо  Цена: 7.46
—Номенклатура: 00-00106818 КЛ.1802015.04.20 Створка  Цена: 30542.15
—Номенклатура: 00-00106820 КЛ.1802015.04.005 Стойка  Цена: 134.93
—Номенклатура: 00-00106822 КЛ.1802015.04.002 Вал задний  Цена: 688.45
—Номенклатура: 00-00106823 КЛ.1802015.04.30 Корпус уплотнения  Цена: 1331.61
—Номенклатура: 00-00106828 КЛ.1802015.04.007 Упор  Цена: 18.43
—Номенклатура: 00-00106829 КЛ.1802015.04.011 Лимб  Цена: 162.83
—Номенклатура: 00-00106836 КЛ.1802015.04.009-1 Шкала  Цена: 1284.77
—Номенклатура: 00-00106842 КЛ.1802015.04.010 Штифт  Цена: 55.83
—Номенклатура: 00-00106846 КЛ.1802015.04.003 Кольцо  Цена: 2.74
—Номенклатура: 00-00106848 КЛ.1802015.04.006 Упор  Цена: 272.14
—Номенклатура: 00-00106850 КТ.2109044.01.05.002 Конус  Цена: 1345.76
—Номенклатура: 00-00106731 КТ.2109044.01.05.001 Фланец  Цена: 2365.03
—Номенклатура: 00-00136631 Набивка ШПС.2110122.01  Цена: 33409
—Номенклатура: 00-00127742 Набивка ШСГ.2304050.02  Цена: 8829
—Номенклатура: 00-00148203 Набивка ШСГ.2203030.01  Цена: 608
—Номенклатура: 00-00148229 Набивка ШПС.2308050.01  Цена: 35334
—Номенклатура: 00-00148230 Набивка ШПС.2304131.01  Цена: 5546
—Номенклатура: 00-00180395 Модельная оснастка АЛ.2501065.01.23 Ящик стержневой  Цена: 67564.31
—Номенклатура: 00-00181435 Термочехол для клапана 3000x1100 FRI 2601121.01  Цена: 121684.04
—Номенклатура: 00-00181436 Термочехол для клапана 1800x1200 FRI 2601121.02  Цена: 82002.16
—Номенклатура: 00-00181515 Тканевый компенсатор КТ.2601121.01.00  Цена: 1
—Номенклатура: 00-00184773 РФ.2604152.01 (124х350)  Цена: 89.02
—Номенклатура: 00-00160244 Кольцо внутреннее FRI.2402035.03.02  Цена: 1
—Номенклатура: 00-00160245 Кольцо внешнее FRI.2402035.03.03  Цена: 1
—Номенклатура: 00-00160246 Кольцо внутреннее FRI.2402035.04.02  Цена: 1
—Номенклатура: 00-00160247 Кольцо внешнее FRI.2402035.04.03  Цена: 1
—Номенклатура: 00-00171181 Дробеструйка: Отливка корпуса  Цена: 1
—Номенклатура: 00-00181978 Металлическая арматура для компенсатора КТ.2601121.01.00  Цена: 1
—Номенклатура: 00-00185978 Механообработка ЛЗ.2512042.01 Отвод 15°  Цена: 1
—Номенклатура: 00-00185979 Механообработка ЛЗ.2512042.02 Отвод 30°  Цена: 1
—Номенклатура: 00-00189501 ПН.26.068 Стеллаж для Таткуза  Цена: 1
—Номенклатура: 00-00046484 Металлическая арматура для компенсатора КТ.1507029.06.00  Цена: 52895.52
—Номенклатура: 00-00069698 Металлическая арматура для компенсатора КТ.1507029.15.00  Цена: 70716.45
—Номенклатура: 00-00069824 Металлическая арматура для компенсатора КТ.1507029.36.00  Цена: 26464.98
—Номенклатура: 00-00157978 Металлическая арматура для компенсатора КТ.1507029.13.00  Цена: 18239.98
—Номенклатура: 00-00130926 Соединение разъемное НР 1/2"  Цена: 90
—Номенклатура: 00-00093768 Стелаж  Цена: 11137.5
—Номенклатура: 00-00184993 Сверло по металлу 4,0х119 мм  Цена: 90.17
—Номенклатура: 00-00009450 Наконечник штыревой НШвИ 2,5х12  Цена: 38.34
—Номенклатура: 00-00028987 Штуцер папа с внешн.резьбой 1/4М  Цена: 35
—Номенклатура: 00-00041313 Шланг высокого давления G 1 1/4  Цена: 163.33
—Номенклатура: 00-00056177 Тройник равный ВР 1 1/2 латунь"  Цена: 186.67
—Номенклатура: 00-00091937 Сгон Ду15 резьба 1/2"  Цена: 70
—Номенклатура: 00-00145552 Регулятор давления с манометром резьба 1/4 Pegas pneumatic 4604  Цена: 933.34
—Номенклатура: 00-00130919 Сгон Valtec НР 1/2"  Цена: 390
—Номенклатура: 00-00130920 Контргайка Valtec ВР 1/2"  Цена: 12.75
—Номенклатура: 00-00130922 Кольцо уплотнительное под американку 1/2"  Цена: 9.17
—Номенклатура: 00-00007443 Штукатурка гипсовая ротбанд 30 кг  Цена: 460.83
—Номенклатура: 00-00011831 Валик сменный 250мм  Цена: 167.5
—Номенклатура: 00-00011922 Шпаклевка  Цена: 836.67
—Номенклатура: 00-00018108 Саморез 4,5х40  Цена: 1.77
—Номенклатура: 00-00018634 Песок 25 кг  Цена: 74.59
—Номенклатура: 00-00024410 Перчатки хай фит 7.710  Цена: 24.17
—Номенклатура: 00-00041338 Краска ВД бел.  Цена: 972.5
—Номенклатура: 00-00057924 Мешки для мусора (уп)  Цена: 9.75
—Номенклатура: 00-00105206 Саморез 3,5х25  Цена: 1.03
—Номенклатура: 00-00010743 Кабель-удлинитель 1,8м  Цена: 150
—Номенклатура: 00-00025072 Монитор HP 23.8"VH240a  Цена: 16850
—Номенклатура: 00-00066498 Жесткий диск HDD 6ТБ, Western Dijital Purple  Цена: 12458.34
—Номенклатура: 00-00084330 Инструмент для заделки и обрезки витой пары 110  Цена: 625
—Номенклатура: 00-00093401 SSD накопитель INTEL DC D3-S4510 SSDSC2KB019T801 1.9TБ 2.5", SATA |||  Цена: 20833.33
—Номенклатура: 00-00027749 Хомут червячный 80-100мм  Цена: 15.83
—Номенклатура: 00-00045361 Хомут червячный  Цена: 23.17
—Номенклатура: 00-00134794 Винт с цилиндрической головкой и шестигранным углублением под ключ ГОСТ Р ИСО 4762 - M16x70-8.8-A6J  Цена: 44
—Номенклатура: 00-00134795 Винт с цилиндрической головкой и шестигранным углублением под ключ ГОСТ Р ИСО 4762 - M16x80-8.8-A6J  Цена: 48.58
—Номенклатура: 00-00141516 Винт с шестигранной головкой ГОСТ Р ИСО 4017 - M36x100-8.8-A6J  Цена: 413.92
—Номенклатура: 00-00162615 Куртка СПЕЦ-АВАНГАРД  Цена: 2728.72
—Номенклатура: 00-00162616 Брюки СПЕЦ-АВАНГАРД  Цена: 2425
—Номенклатура: 00-00140951 Костюм  сигнальный 3 класса защиты СПЕЦ-АНТИСТАТ  Цена: 4486.25
—Номенклатура: 00-00145551 Кран трёхходовой с фторопластовой прокладкой и натяжной гайкой  Цена: 533.33
—Номенклатура: 00-00146466 Элатекс Сил 1С рус  Цена: 450
—Номенклатура: 00-00026699 Подшипниковый узел  480210 UCР  Цена: 635.83
—Номенклатура: 00-00109569 Пружина растяжения 1727х10х1,3(мм) EN 10270-1-SM-Zn  Цена: 487.5
—Номенклатура: 00-00134792 Винт с цилиндрической головкой и шестигранным углублением под ключ ГОСТ Р ИСО 4762 - M16x50-8.8-A6J  Цена: 20.25
—Номенклатура: 00-00134796 Винт с цилиндрической головкой и шестигранным углублением под ключ ГОСТ Р ИСО 4762 - M20x70-8.8-A6J  Цена: 48.66
—Номенклатура: 00-00002305 Файл А4  Цена: 3.38
—Номенклатура: 00-00008228 Набор настольный  Цена: 329.83
—Номенклатура: 00-00013348 Накопитель вертикальный  Цена: 135
—Номенклатура: 00-00031050 Подставка для бумаг  Цена: 404.55
—Номенклатура: 00-00058243 Лоток  Цена: 174.74
—Номенклатура: 00-00083402 Стикер  Цена: 155.58
—Номенклатура: 00-00009555 Папка файл-вкладыш  Цена: 66.54
—Номенклатура: 00-00024168 Папка файловая 60  Цена: 152.44
—Номенклатура: 00-00039808 Бумага для цв. струй. печ.  Цена: 345.87
—Номенклатура: 00-00110283 Бумага широкоформатная ProMEGA engineer (80 г/кв.м, длина 45 м, ширина 610 мм, диаметр втулки 50,8 мм)  Цена: 408.16
—Номенклатура: 00-00040243 Тумба приставная  Цена: 4553.12
—Номенклатура: 00-00073848 Линейка мет. 300мм ГОСТ 427-75(поверенная)  Цена: 594.12
—Номенклатура: 00-00128647 хх  Цена: 103.5
—Номенклатура: 00-00146997 Датчик ВБИ-М30-91В-2111-С  Цена: 3880.16
—Номенклатура: 00-00147762 Датчик положения ВБИ-М12-39В-2112-С.51  Цена: 2945
—Номенклатура: 00-00101679 F3AL250V, 6x30мм 3A предохранитель плавкий, стеклянный  Цена: 3
—Номенклатура: 00-00185150 Маска сварщика с блоком очистки воздуха  Цена: 36885.25
—Номенклатура: 00-00185151 Фильтр к блоку очистки воздуха для маски сварщика  Цена: 1423.77
—Номенклатура: 00-00065172 Видеокарта  Цена: 2781
—Номенклатура: 00-00049793 Клемма 221-413  Цена: 441.67
—Номенклатура: 00-00144911 Коробка соединительная КСА12 - (-60+40)12 - 1x20sКНК Ni(А) - 1x25КБУ Ni(В) - (В)  Цена: 3666.67
—Номенклатура: 00-00146083 Лента AISI 321 0,1х400 М  Цена: 2250
—Номенклатура: 00-00146084 Лента AISI 321 0,15х400 М  Цена: 2250
—Номенклатура: 00-00146085 Лента AISI 321 0,2х400 М  Цена: 2250
—Номенклатура: 00-00146086 Лента AISI 321 0,3х400 М  Цена: 2250
—Номенклатура: 00-00144866 Блок пружинный 07 ОСТ24.125.166-01  Цена: 5908.33
—Номенклатура: 00-00146455 Талреп 02 ОСТ24.125.105-01  Цена: 2433.33
—Номенклатура: 00-00135478 Герметик ЭКОН Силиконовый 280мл  Цена: 339.4
—Номенклатура: 00-00115556 Полотно ленточное по дереву 3480х25х0,9 (3 зуба)  Цена: 2416.67
—Номенклатура: 00-00115557 Полотно ленточное по дереву 3480х20х0,8 (4 зуба)  Цена: 1975
—Номенклатура: 00-00187949 Закалка деталей КМД.2604064.01_78257.11 Втулка  Цена: 1
get_prices -  -  - 2026-09-07 10:29:00 - ==== END  Объединение цен по номенклатуре из трех источников ====
load_budgets_prices - Загрузка_бюджетов -  - 2026-09-07 10:29:02 - 2026-09-07 10:29:02 == Загрузка_бюджетов ОК===
load_budgets_states -  -  - 2026-09-07 10:29:02 - не найдены в БИТ_СоответствиеСтатейРасходовИСтатейБюджетирования статьи бюджетов:
2023:
—ф.5.1. Бюджет расходов по оплате труда, резервов, страховые взносы  по подразделениям компании:
———Резерв отпусков
———Премиальная часть
2024:
—ф.6.3. Бюджет по кредитам и займам, финансовым вложениям (год):
———% по полученным займам и кредитам
—ф.1.1. Инвестиционный бюджет (CAPEX) на год:
———Основные средства
—ф.5.1. Бюджет расходов по оплате труда, резервов, страховые взносы  по подразделениям компании:
———Резерв отпусков
—ф.5.2. Бюджет затрат на обучение и подбор персонала (год):
———Кадровое делопроизводство
2026:
—ф.4.3. Бюджет расходов на  безопасность и охрану объектов (год) :
———Техника и оборудование (системы безопасности)
—ф.6.1. Бюджет амортизационных отчислений:
———Амортизация НМА
calc_not_fill_states_expenditure - не заполненные статьи расходов -  - 2026-09-07 10:29:07 - При анализе ЗаказНаВнутреннееПотребление - не заполненные статьи расходов в СоответствиеСтатейРасходовИСтатейБюджетирования:
2024:
——Административно-хозяйственный отдел (Келаст): 'Ремонт основных средств (общепроизвод.)'
——Сборочный цех Производства (Пауэрз): 'НЕ ИСПОЛЬЗОВАТЬ с 01.01.2024 Инструмент (общепроизвод.) '
——Цех механической обработки Производства (Пауэрз): 'Задолженность клиентов'
——Отдел складской логистики (Келаст): 'не использовать_строительные материалы (общепроизвод.)'
——Отдел продаж газоочистного оборудования (Пауэрз): 'Резерв под выданные гарантии'
——Отдел продаж (Пауэрз): 'Задолженность клиентов'
——Отдел складской логистики (Пауэрз): 'Задолженность клиентов'
——Отдел логистики (Келаст): 'Резерв под выданные гарантии (96.09)'
——Производственный цех Пауэрз: 'Ремонт, ТО оборудования общепроизвод.25'
——Отдел маркетинга (Келаст): 'Н_Реклама и маркетинг'
——Отдел продаж оборудования пневмотранспорта и сажеобдувочных аппаратов (Пауэрз): 'Резерв под выданные гарантии (96.09)'
——Технологический отдел Производства (Пауэрз): 'не использовать_Канцелярские товары (общепроизвод.)'
——Отдел складской логистики (Келаст): 'не использовать_Средства индивидуальной защиты (общепроизвод.)'
——Планово-диспетчерский отдел Производства (Пауэрз): 'Задолженность клиентов'
——Отдел продаж (Пауэрз): 'Резерв под выданные гарантии (96.09)'
——Административно-хозяйственный отдел (Келаст): 'не использовать_строительные материалы (управленч.)'
——Ремонтный цех Производства (Пауэрз): 'НЕ ИСПОЛЬЗОВАТЬ с 01.01.2024 Инструмент (общепроизвод.) '
——Цех механической обработки Производства (Пауэрз): 'Спецодежда общепроизвод.25'
——Дирекция (КБЖ): 'не использовать_строительные материалы (управленч.)'
——Отдел складской логистики (Пауэрз): 'не использовать_Средства индивидуальной защиты (общепроизвод.)'
——Ремонтный цех Производства (Пауэрз): 'Задолженность клиентов'
——Отдел складской логистики (Келаст): 'Прочие расходные материалы (прям)'
——Сборочный цех Производства (Пауэрз): 'Инструмент общепроизвод.25'
——Швейный цех Производства (Келаст): 'Задолженность клиентов'
——Сборочный цех Производства (Пауэрз): 'Задолженность клиентов'
——Отдел продаж (Келаст): 'Резерв под выданные гарантии (96.09)'
——Технологический отдел Производства (Келаст): 'Задолженность клиентов'
——Отдел продаж (Келаст): 'Резерв под выданные гарантии'
——Сборочный цех Производства (Келаст): 'Задолженность клиентов'
——Отдел складской логистики (Келаст): 'Прочие расходы (не учит. в НУ)   '
——Отдел продаж (Пауэрз): 'не использовать_Канцелярские товары (коммерч.)'
——Отдел продаж (Пауэрз): 'Резерв под выданные гарантии'
——Бухгалтерия (КБЖ): 'Задолженность клиентов'
——Сталелитейный цех (КБЖ): 'Доходы прошлых периодов'
——Швейный цех Производства (Келаст): 'Прочие расходы (не учит. в НУ)    '
——Цех механической обработки Производства (Пауэрз): 'Инвентарь общепроизвод.25'
——Административно-хозяйственный отдел (Келаст): 'Прочие расходы (не учит. в НУ) '
——Отдел продаж оборудования пневмотранспорта и сажеобдувочных аппаратов (Пауэрз): 'Резерв под выданные гарантии'
——Административно-хозяйственный отдел (Пауэрз): 'Задолженность клиентов'
——Отдел охраны труда (Келаст): 'не использовать_прочие расходы на текущий ремонт (общепроизвод.)'
——Отдел персонала (Пауэрз): 'Представительские расходы'
——Отдел технического контроля (Келаст): 'не использовать_Средства индивидуальной защиты (общепроизвод.)'
——Отдел комплектации (Пауэрз): 'Задолженность клиентов'
——Отдел технического контроля Производства (Пауэрз): 'не использовать_Средства индивидуальной защиты (общепроизвод.)'
2025:
——Сборочный цех Производства (Келаст): 'Резерв под выданные гарантии (96.09)'
——Отдел продаж газоочистного оборудования (Пауэрз): 'Задолженность клиентов'
——Столярный цех Производства (Келаст): 'РБП Келаст: Лизинг'
——Отдел продаж оборудования пневмотранспорта и сажеобдувочных аппаратов (Пауэрз): 'Приобретение нематериальных активов'
——Отдел складской логистики (Келаст): 'Прочие расходы (не учит. в НУ)   '
——Сталелитейный цех (ТатКуз): 'Водоотведение и канализация (прям)'
——Отдел снабжения (Пауэрз): 'Задолженность клиентов'
——Цех выпуска готовой продукции Производства (Пауэрз): 'Спецодежда общепроизвод.25'
——Административно-хозяйственный отдел (ТатКуз): 'РБП Таткуз: Прочие материальные расходы'
——Отдел безопасности (Келаст): 'Приобретение нематериальных активов'
——Дирекция (КБЖ): 'Прочие расходы (не учит. в НУ)       '
——Сборочный цех Производства (Келаст): 'Прочие расходы (не учит. в НУ)  '
——Отдел персонала (ТатКуз): 'Задолженность клиентов'
——Отдел управления Производства (ТатКуз): 'РБП Таткуз: Прочие материальные расходы'
——Сборочный цех Производства (Пауэрз): 'Резерв под выданные гарантии (96.09)'
——Сборочный цех Производства (Пауэрз): 'Инструмент общепроизвод.25'
2023:
——Отдел персонала (Пауэрз): 'Корпоративные мероприятия'
——Отдел складской логистики (Келаст): 'Ремонт основных средств (общепроизвод.)'
——Цех механической обработки Производства (Пауэрз): 'НЕ ИСПОЛЬЗОВАТЬ_Коммунальные услуги (производ.)'
——Отдел складской логистики (Келаст): 'не использовать_строительные материалы (общепроизвод.)'
——Административно-хозяйственный отдел (Пауэрз): 'не использовать_строительные материалы (управленч.)'
——Ремонтный цех Производства (Келаст): 'НЕ ИСПОЛЬЗОВАТЬ С 01.01.2024 Эксплуатационные расходы (общепроизвод.)'
——Отдел складской логистики (Пауэрз): 'НЕ ИСПОЛЬЗОВАТЬ с 01.01.2024 Инструмент (общепроизвод.) '
——Сборочный цех Производства (Пауэрз): 'Ремонт основных средств  (производ.)'
——Цех механической обработки Производства (Пауэрз): 'Ремонт, ТО оборудования общепроизвод.25'
——Цех выпуска готовой продукции Производства (Пауэрз): 'Ремонт основных средств  (производ.)'
——Отдел управления Производства (Келаст): 'Ремонт основных средств (общепроизвод.)'
——Отдел капитального строительства и ремонта (Пауэрз): 'Ремонт основных средств  (производ.)'
——Отдел продаж (Келаст): 'Н_Реклама и маркетинг'
——Отдел складской логистики (Пауэрз): 'не использовать_Прочие расходные материалы (общепроизвод.) '
——Сборочный цех Производства (Пауэрз): 'НЕ ИСПОЛЬЗОВАТЬ_Коммунальные услуги (производ.)'
——Отдел складской логистики (Келаст): 'не использовать_Прочие расходные материалы (общепроизвод.) '
——Отдел управления Производства (Келаст): 'НЕ ИСПОЛЬЗОВАТЬ С 01.01.2024 Эксплуатационные расходы (общепроизвод.)'
——Технологический отдел Производства (Келаст): 'не использовать_Прочие расходные материалы (общепроизвод.) '
——Отдел маркетинга (Келаст): 'Н_Реклама и маркетинг'
——Цех выпуска готовой продукции Производства (Пауэрз): 'Материалы прочие (производ.)'
——Хозяйственный отдел Производства (Келаст): 'НЕ ИСПОЛЬЗОВАТЬ С 01.01.2024 Эксплуатационные расходы (производ.)'
——Отдел информационных технологий (Келаст): 'Прочие расходы общехоз26 Келаст'
——Административно-хозяйственный отдел (Келаст): 'не использовать_строительные материалы (управленч.)'
——Ремонтный цех Производства (Пауэрз): 'НЕ ИСПОЛЬЗОВАТЬ с 01.01.2024 Инструмент (общепроизвод.) '
——Технологический отдел Производства (Пауэрз): 'НЕ ИСПОЛЬЗОВАТЬ с 01.01.2024 Инструмент (общепроизвод.) '
——Конструкторский отдел (Келаст): 'Ремонт основных средств (общепроизвод.)'
——Конструкторский отдел (Келаст): 'НЕ ИСПОЛЬЗОВАТЬ С 01.01.2024 Эксплуатационные расходы (производ.)'
——Отдел персонала (Келаст): 'Представительские расходы'
——Ремонтный цех Производства (Пауэрз): 'Прочие расходы общепроизвод.25'
——Отдел комплектации (Пауэрз): 'Спецодежда общепроизвод.25'
——Планово-диспетчерский отдел Производства (Пауэрз): 'не использовать_Средства индивидуальной защиты (общепроизвод.)'
——Отдел персонала (Келаст): 'Корпоративные мероприятия'
——Дирекция (КБЖ): 'не использовать_строительные материалы (управленч.)'
——Швейный цех Производства (Келаст): 'Спецодежда общепроизвод.25'
——Сборочный цех Производства (Пауэрз): 'Представительские расходы'
——Цех тканевых компенсаторов Производства (Келаст): 'Инвентарь общепроизвод.25'
——Сборочный цех Производства (Пауэрз): 'Инструмент общепроизвод.25'
——Планово-диспетчерский отдел Производства (Пауэрз): 'НЕ ИСПОЛЬЗОВАТЬ с 01.01.2024 Инструмент (общепроизвод.) '
——Цех выпуска готовой продукции Производства (Пауэрз): 'Инвентарь общепроизвод.25'
——Сборочный цех Производства (Пауэрз): 'Материалы прочие (производ.)'
——Отдел продаж газоочистного оборудования (Пауэрз): 'не использовать_Канцелярские товары (коммерч.)'
——Сборочный цех Производства (Пауэрз): 'Контроль и испытания продукции общепроизвод.25'
——Административно-хозяйственный отдел (Пауэрз): 'прочие расходы на текущий ремонт (управленч.)'
——Сборочный цех Производства (Пауэрз): 'Прочие расходы общепроизвод.25'
——Отдел капитального строительства и ремонта (Келаст): 'Спецодежда общехоз26 Келаст'
——Отдел управления Производства (Пауэрз): 'НЕ ИСПОЛЬЗОВАТЬ_Коммунальные услуги'
——Отдел управления Производства (Пауэрз): 'Ремонт основных средств (общепроизвод.)'
——Заготовительный цех Производства (Пауэрз): 'Материалы прочие (производ.)'
——Отдел комплектации (Пауэрз): 'Канцтовары общепроизвод.25'
——Цех выпуска готовой продукции Производства (Пауэрз): 'Инструмент общепроизвод.25'
——Отдел технического контроля Производства (Пауэрз): 'НЕ ИСПОЛЬЗОВАТЬ с 01.01.2024 Инструмент (общепроизвод.) '
——Цех выпуска готовой продукции Производства (Пауэрз): 'Спецодежда общепроизвод.25'
——Цех тканевых компенсаторов Производства (Келаст): 'Спецодежда общепроизвод.25'
——Отдел охраны труда (Пауэрз): 'не использовать_прочие расходы на текущий ремонт (общепроизвод.)'
——Отдел маркетинга (Пауэрз): 'Н_Реклама и маркетинг'
——Цех выпуска готовой продукции Производства (Пауэрз): 'Прочие расходы общепроизвод.25'
——Планово-диспетчерский отдел Производства (Пауэрз): 'не использовать_Прочие расходные материалы (общепроизвод.) '
——Цех выпуска готовой продукции Производства (Пауэрз): 'Канцтовары общепроизвод.25'
——Набивочный цех Производства (Келаст): 'не использовать_строительные материалы (производ.)'
——Отдел комплектации (Пауэрз): 'Прочие расходы общепроизвод.25'
——Отдел продаж быстросъемной изоляции (Келаст): 'Н_Реклама и маркетинг'
——Ремонтный цех Производства (Келаст): 'Прочие расходы общепроизвод.25'
——Отдел технического контроля Производства (Пауэрз): 'не использовать_Прочие расходные материалы (общепроизвод.) '
——Отдел транспортной логистики (Пауэрз): 'не использовать_Средства индивидуальной защиты (общепроизвод.)'
——Отдел охраны труда (Келаст): 'не использовать_прочие расходы на текущий ремонт (общепроизвод.)'
——Отдел персонала (Пауэрз): 'Представительские расходы'
——Отдел управления Производства (Пауэрз): 'не использовать_строительные материалы (общепроизвод.)'
——Заготовительный цех Производства (Пауэрз): 'Прочие расходы общепроизвод.25'
——Отдел технического контроля (Келаст): 'НЕ ИСПОЛЬЗОВАТЬ с 01.01.2024 Инструмент (общепроизвод.) '
——Цех механической обработки Производства (Пауэрз): 'Ремонт основных средств  (производ.)'
——Сборочный цех Производства (Пауэрз): 'Инвентарь общепроизвод.25'
2026:
——Сборочный цех Производства (Келаст): 'Резерв под выданные гарантии (96.09)'
——Цех механической обработки Производства (Пауэрз): 'Инвентарь общепроизвод.25'
——Отдел персонала (Келаст): 'Задолженность клиентов'
——Отдел продаж (Пауэрз): 'Задолженность клиентов'
——Отдел внешнего монтажа  и сервиса Производства (Пауэрз): 'Инвентарь общепроизвод.25'
——Отдел комплектации (Келаст): 'Задолженность клиентов'
——Конструкторский отдел (Келаст): 'Задолженность клиентов'
——Отдел управления Производства (Келаст): 'Резерв под выданные гарантии (96.09)'
——Цех выпуска готовой продукции Производства (Пауэрз): 'Задолженность клиентов'
——Отдел управления Производства (ТатКуз): 'РБП Таткуз: Прочие материальные расходы'
——Сборочный цех Производства (Пауэрз): 'Инструмент общепроизвод.25'
——Сталелитейный цех (ТатКуз): 'Задолженность клиентов'
INFO:     IS_TEST_BASE: '0'
INFO:     [bitrix24.Сделка/ОбновлениеСтатуса] Ответ успешно принят: {'UF_CRM_1737711083528': '',
 'UF_CRM_1737727925': '',
 'forced': False,
 'id': 18188,
 'status_code': 'C1:7'}
INFO:     192.168.100.50:58165 - "POST /hs/mes/exchange/v1/deal/status/ HTTP/1.1" 200 OK
get_prices -  -  - 2026-09-07 10:29:07 -
==== Объединение цен по номенклатуре из трех источников ====
get_prices -  -  - 2026-09-07 10:29:07 - 2026-09-07 10:29:07 Load req
"SELECT s_num, resp_date,
            CASE WHEN datetime(resp_date) >= datetime('2026-09-06 10:29:07.702610')
        THEN file
        ELSE null
        END AS file,

              hash_file FROM odata_lazy_resps
            where resp = 'd80db345fff8dc29f229e7270a0179dd' limit 1"
 from db: 0.01835 secs.
get_prices -  -  - 2026-09-07 10:29:07 - 2026-09-07 10:29:07 Load req
"SELECT s_num, resp_date,
            CASE WHEN datetime(resp_date) >= datetime('2026-09-07 10:14:07.795386')
        THEN file
        ELSE null
        END AS file,

              hash_file FROM odata_lazy_resps
            where resp = '6315f2844d117869758be140aeefa739' limit 1"
 from db: 0.051623 secs.
get_prices -  -  - 2026-09-07 10:29:07 - 2026-09-07 10:29:07 Load req
"SELECT s_num, resp_date,
            CASE WHEN datetime(resp_date) >= datetime('2026-09-07 10:14:07.939515')
        THEN file
        ELSE null
        END AS file,

              hash_file FROM odata_lazy_resps
            where resp = 'f80ceac8bcba534ae0d2db6ac163d375' limit 1"
 from db: 0.05858 secs.
get_prices -  -  - 2026-09-07 10:29:08 - 2026-09-07 10:29:08 Load req
"SELECT s_num, resp_date,
            CASE WHEN datetime(resp_date) >= datetime('2026-09-07 10:14:08.104226')
        THEN file
        ELSE null
        END AS file,

              hash_file FROM odata_lazy_resps
            where resp = '3c5da930ff1356a68a29eaaaabccbf17' limit 1"
 from db: 0.078539 secs.
get_prices -  -  - 2026-09-07 10:29:08 - —Номенклатура: 00-00000006 БСТВ (МТПБ) 50 мм  Цена: 6110
—Номенклатура: 00-00000013 Изо Керам 19 мм (128 кг/м3)  Цена: 486.3
—Номенклатура: 00-00000026 Оксфорд (чёрный)  Цена: 67.42
—Номенклатура: 00-00000030 Полифом 5 мм  Цена: 183.61
—Номенклатура: 00-00000037 Ткань стеклянная TG-660  Цена: 153.4
—Номенклатура: 00-00000046 Герметик 310 мл  Цена: 453.9
—Номенклатура: 00-00000108 Фастекс  Цена: 5.76
—Номенклатура: 00-00000122 Кабель силовой ВВГ 3х1,5  Цена: 31
—Номенклатура: 00-00000124 Кабель силовой морозостойкий 3х1,5  Цена: 170
—Номенклатура: 00-00000157 Кабель греющий 28 Вт/м  Цена: 1520.01
—Номенклатура: 00-00000169 Коробка взрывозащищённая КР-В-100  Цена: 1746.4
—Номенклатура: 00-00000685 Гайка М16 оцинк.  Цена: 4.42
—Номенклатура: 00-00001175 Лист 1,5 08ПС  Цена: 44
—Номенклатура: 00-00001192 Лист 3,0 Ст3сп5 ГОСТ 14637-89  Цена: 42
—Номенклатура: 00-00001201 Лист 14,0 Ст3  Цена: 42
—Номенклатура: 00-00001865 Шайба М16 оцинк.  Цена: 1.08
—Номенклатура: 00-00001963 Брус 200х100х6000  Цена: 1083.33
—Номенклатура: 00-00002247 Брус 200х200х6000  Цена: 1800
—Номенклатура: 00-00002345 Элатекс Изо ИПС  Цена: 49.4
—Номенклатура: 00-00005609 Лист 8,0 Ст3  Цена: 42
—Номенклатура: 00-00006528 Лист 6,0 09Г2С  Цена: 42
—Номенклатура: 00-00006652 Лист 5,0 Ст3Сп5  Цена: 42
—Номенклатура: 00-00006945 Лист 12,0 Ст3 ГОСТ 14637-89  Цена: 42
—Номенклатура: 00-00006946 Лист 4,0 Ст3  Цена: 42
—Номенклатура: 00-00007662 Антисептик  Цена: 60.63
—Номенклатура: 00-00008140 Лист 1,0 Ст3  Цена: 42
—Номенклатура: 00-00008385 Шпилька оцинк. М16х1000  Цена: 128
—Номенклатура: 00-00008943 Лист 10,0 Ст3 ГОСТ 14637-89  Цена: 42
—Номенклатура: 00-00015374 Лист 10,0 Ст20  Цена: 52
—Номенклатура: 00-00016216 Пластина соедин.200х50х2мм оцинк.  Цена: 25.89
—Номенклатура: 00-00016218 Шуруп 12х200  Цена: 20.81
—Номенклатура: 00-00017002 Лист 2,5 12Х18Н10Т  Цена: 220
—Номенклатура: 00-00017004 Лист 2,5 Ст3  Цена: 42
—Номенклатура: 00-00017275 Изоляционный картон Isoplan 1100  Цена: 2109
—Номенклатура: 00-00018558 Лист 2,5 Ст20  Цена: 52
—Номенклатура: 00-00018576 Лист 4,0 Ст20  Цена: 52
—Номенклатура: 00-00018626 Лист 11,0 Ст3  Цена: 42
—Номенклатура: 00-00019909 Синтекрон  Цена: 65.7
—Номенклатура: 00-00020199 Шпилька резьбовая М16х2000  Цена: 200
—Номенклатура: 00-00020567 Лист 9,0 Ст3  Цена: 42
—Номенклатура: 00-00021302 Лист 5,0 09Г2С  Цена: 42
—Номенклатура: 00-00021949 Лист 1,0 09Г2С  Цена: 42
—Номенклатура: 00-00021950 Уголок 63х63х6 09Г2С  Цена: 43
—Номенклатура: 00-00022204 Лист 1,5 09Г2С  Цена: 42
—Номенклатура: 00-00022374 Лист 1,5 12Х18Н10Т  Цена: 220
—Номенклатура: 00-00046706 Клапан контр.  Цена: 250
—Номенклатура: 00-00051621 Клапан газоплотный 1912064.02  Цена: 273164
—Номенклатура: 00-00055770 Изо Керам 25 мм (160 кг/м3)  Цена: 588.1
—Номенклатура: 00-00068050 Клапан ПГВУ 2010109.01  Цена: 44763.57
—Номенклатура: 00-00074815 Элатекс НейлонПУ 60  Цена: 182
—Номенклатура: 00-00106808 КЛ.1802015.04.001 Вал передний  Цена: 3286.53
—Номенклатура: 00-00106811 КЛ.1802015.04.10 Корпус  Цена: 12878.51
—Номенклатура: 00-00106815 КЛ.1802015.04.004 Дистанционное кольцо  Цена: 7.46
—Номенклатура: 00-00106818 КЛ.1802015.04.20 Створка  Цена: 30542.15
—Номенклатура: 00-00106820 КЛ.1802015.04.005 Стойка  Цена: 134.93
—Номенклатура: 00-00106822 КЛ.1802015.04.002 Вал задний  Цена: 688.45
—Номенклатура: 00-00106823 КЛ.1802015.04.30 Корпус уплотнения  Цена: 1331.61
—Номенклатура: 00-00106828 КЛ.1802015.04.007 Упор  Цена: 18.43
—Номенклатура: 00-00106829 КЛ.1802015.04.011 Лимб  Цена: 162.83
—Номенклатура: 00-00106836 КЛ.1802015.04.009-1 Шкала  Цена: 1284.77
—Номенклатура: 00-00106842 КЛ.1802015.04.010 Штифт  Цена: 55.83
—Номенклатура: 00-00106846 КЛ.1802015.04.003 Кольцо  Цена: 2.74
—Номенклатура: 00-00106848 КЛ.1802015.04.006 Упор  Цена: 272.14
—Номенклатура: 00-00106850 КТ.2109044.01.05.002 Конус  Цена: 1345.76
—Номенклатура: 00-00106731 КТ.2109044.01.05.001 Фланец  Цена: 2365.03
—Номенклатура: 00-00136631 Набивка ШПС.2110122.01  Цена: 33409
—Номенклатура: 00-00127742 Набивка ШСГ.2304050.02  Цена: 8829
—Номенклатура: 00-00148203 Набивка ШСГ.2203030.01  Цена: 608
—Номенклатура: 00-00148229 Набивка ШПС.2308050.01  Цена: 35334
—Номенклатура: 00-00148230 Набивка ШПС.2304131.01  Цена: 5546
—Номенклатура: 00-00180395 Модельная оснастка АЛ.2501065.01.23 Ящик стержневой  Цена: 67564.31
—Номенклатура: 00-00181435 Термочехол для клапана 3000x1100 FRI 2601121.01  Цена: 121684.04
—Номенклатура: 00-00181436 Термочехол для клапана 1800x1200 FRI 2601121.02  Цена: 82002.16
—Номенклатура: 00-00181515 Тканевый компенсатор КТ.2601121.01.00  Цена: 1
—Номенклатура: 00-00184773 РФ.2604152.01 (124х350)  Цена: 89.02
—Номенклатура: 00-00160244 Кольцо внутреннее FRI.2402035.03.02  Цена: 1
—Номенклатура: 00-00160245 Кольцо внешнее FRI.2402035.03.03  Цена: 1
—Номенклатура: 00-00160246 Кольцо внутреннее FRI.2402035.04.02  Цена: 1
—Номенклатура: 00-00160247 Кольцо внешнее FRI.2402035.04.03  Цена: 1
—Номенклатура: 00-00171181 Дробеструйка: Отливка корпуса  Цена: 1
—Номенклатура: 00-00181978 Металлическая арматура для компенсатора КТ.2601121.01.00  Цена: 1
—Номенклатура: 00-00185978 Механообработка ЛЗ.2512042.01 Отвод 15°  Цена: 1
—Номенклатура: 00-00185979 Механообработка ЛЗ.2512042.02 Отвод 30°  Цена: 1
—Номенклатура: 00-00189501 ПН.26.068 Стеллаж для Таткуза  Цена: 1
—Номенклатура: 00-00046484 Металлическая арматура для компенсатора КТ.1507029.06.00  Цена: 52895.52
—Номенклатура: 00-00069698 Металлическая арматура для компенсатора КТ.1507029.15.00  Цена: 70716.45
—Номенклатура: 00-00069824 Металлическая арматура для компенсатора КТ.1507029.36.00  Цена: 26464.98
—Номенклатура: 00-00157978 Металлическая арматура для компенсатора КТ.1507029.13.00  Цена: 18239.98
—Номенклатура: 00-00130926 Соединение разъемное НР 1/2"  Цена: 90
—Номенклатура: 00-00093768 Стелаж  Цена: 11137.5
—Номенклатура: 00-00184993 Сверло по металлу 4,0х119 мм  Цена: 90.17
—Номенклатура: 00-00009450 Наконечник штыревой НШвИ 2,5х12  Цена: 38.34
—Номенклатура: 00-00028987 Штуцер папа с внешн.резьбой 1/4М  Цена: 35
—Номенклатура: 00-00041313 Шланг высокого давления G 1 1/4  Цена: 163.33
—Номенклатура: 00-00056177 Тройник равный ВР 1 1/2 латунь"  Цена: 186.67
—Номенклатура: 00-00091937 Сгон Ду15 резьба 1/2"  Цена: 70
—Номенклатура: 00-00145552 Регулятор давления с манометром резьба 1/4 Pegas pneumatic 4604  Цена: 933.34
—Номенклатура: 00-00130919 Сгон Valtec НР 1/2"  Цена: 390
—Номенклатура: 00-00130920 Контргайка Valtec ВР 1/2"  Цена: 12.75
—Номенклатура: 00-00130922 Кольцо уплотнительное под американку 1/2"  Цена: 9.17
—Номенклатура: 00-00007443 Штукатурка гипсовая ротбанд 30 кг  Цена: 460.83
—Номенклатура: 00-00011831 Валик сменный 250мм  Цена: 167.5
—Номенклатура: 00-00011922 Шпаклевка  Цена: 836.67
—Номенклатура: 00-00018108 Саморез 4,5х40  Цена: 1.77
—Номенклатура: 00-00018634 Песок 25 кг  Цена: 74.59
—Номенклатура: 00-00024410 Перчатки хай фит 7.710  Цена: 24.17
—Номенклатура: 00-00041338 Краска ВД бел.  Цена: 972.5
—Номенклатура: 00-00057924 Мешки для мусора (уп)  Цена: 9.75
—Номенклатура: 00-00105206 Саморез 3,5х25  Цена: 1.03
—Номенклатура: 00-00010743 Кабель-удлинитель 1,8м  Цена: 150
—Номенклатура: 00-00025072 Монитор HP 23.8"VH240a  Цена: 16850
—Номенклатура: 00-00066498 Жесткий диск HDD 6ТБ, Western Dijital Purple  Цена: 12458.34
—Номенклатура: 00-00084330 Инструмент для заделки и обрезки витой пары 110  Цена: 625
—Номенклатура: 00-00093401 SSD накопитель INTEL DC D3-S4510 SSDSC2KB019T801 1.9TБ 2.5", SATA |||  Цена: 20833.33
—Номенклатура: 00-00027749 Хомут червячный 80-100мм  Цена: 15.83
—Номенклатура: 00-00045361 Хомут червячный  Цена: 23.17
—Номенклатура: 00-00134794 Винт с цилиндрической головкой и шестигранным углублением под ключ ГОСТ Р ИСО 4762 - M16x70-8.8-A6J  Цена: 44
—Номенклатура: 00-00134795 Винт с цилиндрической головкой и шестигранным углублением под ключ ГОСТ Р ИСО 4762 - M16x80-8.8-A6J  Цена: 48.58
—Номенклатура: 00-00141516 Винт с шестигранной головкой ГОСТ Р ИСО 4017 - M36x100-8.8-A6J  Цена: 413.92
—Номенклатура: 00-00162615 Куртка СПЕЦ-АВАНГАРД  Цена: 2728.72
—Номенклатура: 00-00162616 Брюки СПЕЦ-АВАНГАРД  Цена: 2425
—Номенклатура: 00-00140951 Костюм  сигнальный 3 класса защиты СПЕЦ-АНТИСТАТ  Цена: 4486.25
—Номенклатура: 00-00145551 Кран трёхходовой с фторопластовой прокладкой и натяжной гайкой  Цена: 533.33
—Номенклатура: 00-00146466 Элатекс Сил 1С рус  Цена: 450
—Номенклатура: 00-00026699 Подшипниковый узел  480210 UCР  Цена: 635.83
—Номенклатура: 00-00109569 Пружина растяжения 1727х10х1,3(мм) EN 10270-1-SM-Zn  Цена: 487.5
—Номенклатура: 00-00134792 Винт с цилиндрической головкой и шестигранным углублением под ключ ГОСТ Р ИСО 4762 - M16x50-8.8-A6J  Цена: 20.25
—Номенклатура: 00-00134796 Винт с цилиндрической головкой и шестигранным углублением под ключ ГОСТ Р ИСО 4762 - M20x70-8.8-A6J  Цена: 48.66
—Номенклатура: 00-00002305 Файл А4  Цена: 3.38
—Номенклатура: 00-00008228 Набор настольный  Цена: 329.83
—Номенклатура: 00-00013348 Накопитель вертикальный  Цена: 135
—Номенклатура: 00-00031050 Подставка для бумаг  Цена: 404.55
—Номенклатура: 00-00058243 Лоток  Цена: 174.74
—Номенклатура: 00-00083402 Стикер  Цена: 155.58
—Номенклатура: 00-00009555 Папка файл-вкладыш  Цена: 66.54
—Номенклатура: 00-00024168 Папка файловая 60  Цена: 152.44
—Номенклатура: 00-00039808 Бумага для цв. струй. печ.  Цена: 345.87
—Номенклатура: 00-00110283 Бумага широкоформатная ProMEGA engineer (80 г/кв.м, длина 45 м, ширина 610 мм, диаметр втулки 50,8 мм)  Цена: 408.16
—Номенклатура: 00-00040243 Тумба приставная  Цена: 4553.12
—Номенклатура: 00-00073848 Линейка мет. 300мм ГОСТ 427-75(поверенная)  Цена: 594.12
—Номенклатура: 00-00128647 хх  Цена: 103.5
—Номенклатура: 00-00146997 Датчик ВБИ-М30-91В-2111-С  Цена: 3880.16
—Номенклатура: 00-00147762 Датчик положения ВБИ-М12-39В-2112-С.51  Цена: 2945
—Номенклатура: 00-00101679 F3AL250V, 6x30мм 3A предохранитель плавкий, стеклянный  Цена: 3
—Номенклатура: 00-00185150 Маска сварщика с блоком очистки воздуха  Цена: 36885.25
—Номенклатура: 00-00185151 Фильтр к блоку очистки воздуха для маски сварщика  Цена: 1423.77
—Номенклатура: 00-00065172 Видеокарта  Цена: 2781
—Номенклатура: 00-00049793 Клемма 221-413  Цена: 441.67
—Номенклатура: 00-00144911 Коробка соединительная КСА12 - (-60+40)12 - 1x20sКНК Ni(А) - 1x25КБУ Ni(В) - (В)  Цена: 3666.67
—Номенклатура: 00-00146083 Лента AISI 321 0,1х400 М  Цена: 2250
—Номенклатура: 00-00146084 Лента AISI 321 0,15х400 М  Цена: 2250
—Номенклатура: 00-00146085 Лента AISI 321 0,2х400 М  Цена: 2250
—Номенклатура: 00-00146086 Лента AISI 321 0,3х400 М  Цена: 2250
—Номенклатура: 00-00144866 Блок пружинный 07 ОСТ24.125.166-01  Цена: 5908.33
—Номенклатура: 00-00146455 Талреп 02 ОСТ24.125.105-01  Цена: 2433.33
—Номенклатура: 00-00135478 Герметик ЭКОН Силиконовый 280мл  Цена: 339.4
—Номенклатура: 00-00115556 Полотно ленточное по дереву 3480х25х0,9 (3 зуба)  Цена: 2416.67
—Номенклатура: 00-00115557 Полотно ленточное по дереву 3480х20х0,8 (4 зуба)  Цена: 1975
—Номенклатура: 00-00187949 Закалка деталей КМД.2604064.01_78257.11 Втулка  Цена: 1
get_prices -  -  - 2026-09-07 10:29:08 - ==== END  Объединение цен по номенклатуре из трех источников ====
load_budgets_prices - Загрузка_бюджетов -  - 2026-09-07 10:29:08 - 2026-09-07 10:29:08 == Загрузка_бюджетов ОК===
load_budgets_states -  -  - 2026-09-07 10:29:08 - не найдены в БИТ_СоответствиеСтатейРасходовИСтатейБюджетирования статьи бюджетов:
2023:
—ф.5.1. Бюджет расходов по оплате труда, резервов, страховые взносы  по подразделениям компании:
———Резерв отпусков
———Премиальная часть
2024:
—ф.6.3. Бюджет по кредитам и займам, финансовым вложениям (год):
———% по полученным займам и кредитам
—ф.1.1. Инвестиционный бюджет (CAPEX) на год:
———Основные средства
—ф.5.1. Бюджет расходов по оплате труда, резервов, страховые взносы  по подразделениям компании:
———Резерв отпусков
—ф.5.2. Бюджет затрат на обучение и подбор персонала (год):
———Кадровое делопроизводство
2026:
—ф.4.3. Бюджет расходов на  безопасность и охрану объектов (год) :
———Техника и оборудование (системы безопасности)
—ф.6.1. Бюджет амортизационных отчислений:
———Амортизация НМА
calc_not_fill_states_expenditure - не заполненные статьи расходов -  - 2026-09-07 10:29:13 - При анализе ЗаказНаВнутреннееПотребление - не заполненные статьи расходов в СоответствиеСтатейРасходовИСтатейБюджетирования:
2024:
——Административно-хозяйственный отдел (Келаст): 'Ремонт основных средств (общепроизвод.)'
——Сборочный цех Производства (Пауэрз): 'НЕ ИСПОЛЬЗОВАТЬ с 01.01.2024 Инструмент (общепроизвод.) '
——Цех механической обработки Производства (Пауэрз): 'Задолженность клиентов'
——Отдел складской логистики (Келаст): 'не использовать_строительные материалы (общепроизвод.)'
——Отдел продаж газоочистного оборудования (Пауэрз): 'Резерв под выданные гарантии'
——Отдел продаж (Пауэрз): 'Задолженность клиентов'
——Отдел складской логистики (Пауэрз): 'Задолженность клиентов'
——Отдел логистики (Келаст): 'Резерв под выданные гарантии (96.09)'
——Производственный цех Пауэрз: 'Ремонт, ТО оборудования общепроизвод.25'
——Отдел маркетинга (Келаст): 'Н_Реклама и маркетинг'
——Отдел продаж оборудования пневмотранспорта и сажеобдувочных аппаратов (Пауэрз): 'Резерв под выданные гарантии (96.09)'
——Технологический отдел Производства (Пауэрз): 'не использовать_Канцелярские товары (общепроизвод.)'
——Отдел складской логистики (Келаст): 'не использовать_Средства индивидуальной защиты (общепроизвод.)'
——Планово-диспетчерский отдел Производства (Пауэрз): 'Задолженность клиентов'
——Отдел продаж (Пауэрз): 'Резерв под выданные гарантии (96.09)'
——Административно-хозяйственный отдел (Келаст): 'не использовать_строительные материалы (управленч.)'
——Ремонтный цех Производства (Пауэрз): 'НЕ ИСПОЛЬЗОВАТЬ с 01.01.2024 Инструмент (общепроизвод.) '
——Цех механической обработки Производства (Пауэрз): 'Спецодежда общепроизвод.25'
——Дирекция (КБЖ): 'не использовать_строительные материалы (управленч.)'
——Отдел складской логистики (Пауэрз): 'не использовать_Средства индивидуальной защиты (общепроизвод.)'
——Ремонтный цех Производства (Пауэрз): 'Задолженность клиентов'
——Отдел складской логистики (Келаст): 'Прочие расходные материалы (прям)'
——Сборочный цех Производства (Пауэрз): 'Инструмент общепроизвод.25'
——Швейный цех Производства (Келаст): 'Задолженность клиентов'
——Сборочный цех Производства (Пауэрз): 'Задолженность клиентов'
——Отдел продаж (Келаст): 'Резерв под выданные гарантии (96.09)'
——Технологический отдел Производства (Келаст): 'Задолженность клиентов'
——Отдел продаж (Келаст): 'Резерв под выданные гарантии'
——Сборочный цех Производства (Келаст): 'Задолженность клиентов'
——Отдел складской логистики (Келаст): 'Прочие расходы (не учит. в НУ)   '
——Отдел продаж (Пауэрз): 'не использовать_Канцелярские товары (коммерч.)'
——Отдел продаж (Пауэрз): 'Резерв под выданные гарантии'
——Бухгалтерия (КБЖ): 'Задолженность клиентов'
——Сталелитейный цех (КБЖ): 'Доходы прошлых периодов'
——Швейный цех Производства (Келаст): 'Прочие расходы (не учит. в НУ)    '
——Цех механической обработки Производства (Пауэрз): 'Инвентарь общепроизвод.25'
——Административно-хозяйственный отдел (Келаст): 'Прочие расходы (не учит. в НУ) '
——Отдел продаж оборудования пневмотранспорта и сажеобдувочных аппаратов (Пауэрз): 'Резерв под выданные гарантии'
——Административно-хозяйственный отдел (Пауэрз): 'Задолженность клиентов'
——Отдел охраны труда (Келаст): 'не использовать_прочие расходы на текущий ремонт (общепроизвод.)'
——Отдел персонала (Пауэрз): 'Представительские расходы'
——Отдел технического контроля (Келаст): 'не использовать_Средства индивидуальной защиты (общепроизвод.)'
——Отдел комплектации (Пауэрз): 'Задолженность клиентов'
——Отдел технического контроля Производства (Пауэрз): 'не использовать_Средства индивидуальной защиты (общепроизвод.)'
2025:
——Сборочный цех Производства (Келаст): 'Резерв под выданные гарантии (96.09)'
——Отдел продаж газоочистного оборудования (Пауэрз): 'Задолженность клиентов'
——Столярный цех Производства (Келаст): 'РБП Келаст: Лизинг'
——Отдел продаж оборудования пневмотранспорта и сажеобдувочных аппаратов (Пауэрз): 'Приобретение нематериальных активов'
——Отдел складской логистики (Келаст): 'Прочие расходы (не учит. в НУ)   '
——Сталелитейный цех (ТатКуз): 'Водоотведение и канализация (прям)'
——Отдел снабжения (Пауэрз): 'Задолженность клиентов'
——Цех выпуска готовой продукции Производства (Пауэрз): 'Спецодежда общепроизвод.25'
——Административно-хозяйственный отдел (ТатКуз): 'РБП Таткуз: Прочие материальные расходы'
——Отдел безопасности (Келаст): 'Приобретение нематериальных активов'
——Дирекция (КБЖ): 'Прочие расходы (не учит. в НУ)       '
——Сборочный цех Производства (Келаст): 'Прочие расходы (не учит. в НУ)  '
——Отдел персонала (ТатКуз): 'Задолженность клиентов'
——Отдел управления Производства (ТатКуз): 'РБП Таткуз: Прочие материальные расходы'
——Сборочный цех Производства (Пауэрз): 'Резерв под выданные гарантии (96.09)'
——Сборочный цех Производства (Пауэрз): 'Инструмент общепроизвод.25'
2023:
——Отдел персонала (Пауэрз): 'Корпоративные мероприятия'
——Отдел складской логистики (Келаст): 'Ремонт основных средств (общепроизвод.)'
——Цех механической обработки Производства (Пауэрз): 'НЕ ИСПОЛЬЗОВАТЬ_Коммунальные услуги (производ.)'
——Отдел складской логистики (Келаст): 'не использовать_строительные материалы (общепроизвод.)'
——Административно-хозяйственный отдел (Пауэрз): 'не использовать_строительные материалы (управленч.)'
——Ремонтный цех Производства (Келаст): 'НЕ ИСПОЛЬЗОВАТЬ С 01.01.2024 Эксплуатационные расходы (общепроизвод.)'
——Отдел складской логистики (Пауэрз): 'НЕ ИСПОЛЬЗОВАТЬ с 01.01.2024 Инструмент (общепроизвод.) '
——Сборочный цех Производства (Пауэрз): 'Ремонт основных средств  (производ.)'
——Цех механической обработки Производства (Пауэрз): 'Ремонт, ТО оборудования общепроизвод.25'
——Цех выпуска готовой продукции Производства (Пауэрз): 'Ремонт основных средств  (производ.)'
——Отдел управления Производства (Келаст): 'Ремонт основных средств (общепроизвод.)'
——Отдел капитального строительства и ремонта (Пауэрз): 'Ремонт основных средств  (производ.)'
——Отдел продаж (Келаст): 'Н_Реклама и маркетинг'
——Отдел складской логистики (Пауэрз): 'не использовать_Прочие расходные материалы (общепроизвод.) '
——Сборочный цех Производства (Пауэрз): 'НЕ ИСПОЛЬЗОВАТЬ_Коммунальные услуги (производ.)'
——Отдел складской логистики (Келаст): 'не использовать_Прочие расходные материалы (общепроизвод.) '
——Отдел управления Производства (Келаст): 'НЕ ИСПОЛЬЗОВАТЬ С 01.01.2024 Эксплуатационные расходы (общепроизвод.)'
——Технологический отдел Производства (Келаст): 'не использовать_Прочие расходные материалы (общепроизвод.) '
——Отдел маркетинга (Келаст): 'Н_Реклама и маркетинг'
——Цех выпуска готовой продукции Производства (Пауэрз): 'Материалы прочие (производ.)'
——Хозяйственный отдел Производства (Келаст): 'НЕ ИСПОЛЬЗОВАТЬ С 01.01.2024 Эксплуатационные расходы (производ.)'
——Отдел информационных технологий (Келаст): 'Прочие расходы общехоз26 Келаст'
——Административно-хозяйственный отдел (Келаст): 'не использовать_строительные материалы (управленч.)'
——Ремонтный цех Производства (Пауэрз): 'НЕ ИСПОЛЬЗОВАТЬ с 01.01.2024 Инструмент (общепроизвод.) '
——Технологический отдел Производства (Пауэрз): 'НЕ ИСПОЛЬЗОВАТЬ с 01.01.2024 Инструмент (общепроизвод.) '
——Конструкторский отдел (Келаст): 'Ремонт основных средств (общепроизвод.)'
——Конструкторский отдел (Келаст): 'НЕ ИСПОЛЬЗОВАТЬ С 01.01.2024 Эксплуатационные расходы (производ.)'
——Отдел персонала (Келаст): 'Представительские расходы'
——Ремонтный цех Производства (Пауэрз): 'Прочие расходы общепроизвод.25'
——Отдел комплектации (Пауэрз): 'Спецодежда общепроизвод.25'
——Планово-диспетчерский отдел Производства (Пауэрз): 'не использовать_Средства индивидуальной защиты (общепроизвод.)'
——Отдел персонала (Келаст): 'Корпоративные мероприятия'
——Дирекция (КБЖ): 'не использовать_строительные материалы (управленч.)'
——Швейный цех Производства (Келаст): 'Спецодежда общепроизвод.25'
——Сборочный цех Производства (Пауэрз): 'Представительские расходы'
——Цех тканевых компенсаторов Производства (Келаст): 'Инвентарь общепроизвод.25'
——Сборочный цех Производства (Пауэрз): 'Инструмент общепроизвод.25'
——Планово-диспетчерский отдел Производства (Пауэрз): 'НЕ ИСПОЛЬЗОВАТЬ с 01.01.2024 Инструмент (общепроизвод.) '
——Цех выпуска готовой продукции Производства (Пауэрз): 'Инвентарь общепроизвод.25'
——Сборочный цех Производства (Пауэрз): 'Материалы прочие (производ.)'
——Отдел продаж газоочистного оборудования (Пауэрз): 'не использовать_Канцелярские товары (коммерч.)'
——Сборочный цех Производства (Пауэрз): 'Контроль и испытания продукции общепроизвод.25'
——Административно-хозяйственный отдел (Пауэрз): 'прочие расходы на текущий ремонт (управленч.)'
——Сборочный цех Производства (Пауэрз): 'Прочие расходы общепроизвод.25'
——Отдел капитального строительства и ремонта (Келаст): 'Спецодежда общехоз26 Келаст'
——Отдел управления Производства (Пауэрз): 'НЕ ИСПОЛЬЗОВАТЬ_Коммунальные услуги'
——Отдел управления Производства (Пауэрз): 'Ремонт основных средств (общепроизвод.)'
——Заготовительный цех Производства (Пауэрз): 'Материалы прочие (производ.)'
——Отдел комплектации (Пауэрз): 'Канцтовары общепроизвод.25'
——Цех выпуска готовой продукции Производства (Пауэрз): 'Инструмент общепроизвод.25'
——Отдел технического контроля Производства (Пауэрз): 'НЕ ИСПОЛЬЗОВАТЬ с 01.01.2024 Инструмент (общепроизвод.) '
——Цех выпуска готовой продукции Производства (Пауэрз): 'Спецодежда общепроизвод.25'
——Цех тканевых компенсаторов Производства (Келаст): 'Спецодежда общепроизвод.25'
——Отдел охраны труда (Пауэрз): 'не использовать_прочие расходы на текущий ремонт (общепроизвод.)'
——Отдел маркетинга (Пауэрз): 'Н_Реклама и маркетинг'
——Цех выпуска готовой продукции Производства (Пауэрз): 'Прочие расходы общепроизвод.25'
——Планово-диспетчерский отдел Производства (Пауэрз): 'не использовать_Прочие расходные материалы (общепроизвод.) '
——Цех выпуска готовой продукции Производства (Пауэрз): 'Канцтовары общепроизвод.25'
——Набивочный цех Производства (Келаст): 'не использовать_строительные материалы (производ.)'
——Отдел комплектации (Пауэрз): 'Прочие расходы общепроизвод.25'
——Отдел продаж быстросъемной изоляции (Келаст): 'Н_Реклама и маркетинг'
——Ремонтный цех Производства (Келаст): 'Прочие расходы общепроизвод.25'
——Отдел технического контроля Производства (Пауэрз): 'не использовать_Прочие расходные материалы (общепроизвод.) '
——Отдел транспортной логистики (Пауэрз): 'не использовать_Средства индивидуальной защиты (общепроизвод.)'
——Отдел охраны труда (Келаст): 'не использовать_прочие расходы на текущий ремонт (общепроизвод.)'
——Отдел персонала (Пауэрз): 'Представительские расходы'
——Отдел управления Производства (Пауэрз): 'не использовать_строительные материалы (общепроизвод.)'
——Заготовительный цех Производства (Пауэрз): 'Прочие расходы общепроизвод.25'
——Отдел технического контроля (Келаст): 'НЕ ИСПОЛЬЗОВАТЬ с 01.01.2024 Инструмент (общепроизвод.) '
——Цех механической обработки Производства (Пауэрз): 'Ремонт основных средств  (производ.)'
——Сборочный цех Производства (Пауэрз): 'Инвентарь общепроизвод.25'
2026:
——Сборочный цех Производства (Келаст): 'Резерв под выданные гарантии (96.09)'
——Цех механической обработки Производства (Пауэрз): 'Инвентарь общепроизвод.25'
——Отдел персонала (Келаст): 'Задолженность клиентов'
——Отдел продаж (Пауэрз): 'Задолженность клиентов'
——Отдел внешнего монтажа  и сервиса Производства (Пауэрз): 'Инвентарь общепроизвод.25'
——Отдел комплектации (Келаст): 'Задолженность клиентов'
——Конструкторский отдел (Келаст): 'Задолженность клиентов'
——Отдел управления Производства (Келаст): 'Резерв под выданные гарантии (96.09)'
——Цех выпуска готовой продукции Производства (Пауэрз): 'Задолженность клиентов'
——Отдел управления Производства (ТатКуз): 'РБП Таткуз: Прочие материальные расходы'
——Сборочный цех Производства (Пауэрз): 'Инструмент общепроизвод.25'
——Сталелитейный цех (ТатКуз): 'Задолженность клиентов'
INFO:     IS_TEST_BASE: '0'
INFO:     [bitrix24.Сделка/ОбновлениеСтатуса] Ответ успешно принят: {'UF_CRM_1737711083528': '',
 'UF_CRM_1737727925': '',
 'forced': False,
 'id': 18188,
 'status_code': 'C1:7'}
INFO:root:zp_etaps: obj_full_name='ДокументОбъект.ЭтапПроизводства2_2' GUID=UUID('91c9bb55-aa8b-11f1-a4bb-30e1716be59f') action_type='MES.ERP/ЗП.Этапы.КонтрольИзменений' is_test=False status='Сформирован' is_deleted=False timestamp=1788776968
INFO:root:Запись завершена, результат: 1200977
INFO:     192.168.100.50:58212 - "POST /hs/mes/exchange/v1/zp_etaps/changes/ HTTP/1.1" 200 OK
INFO:     192.168.19.68:63461 - "POST /authenticate HTTP/1.1" 200 OK
INFO:     192.168.20.92:55080 - "POST /check-actual-password HTTP/1.1" 200 OK
INFO:root:zp_etaps: obj_full_name='ДокументОбъект.ЭтапПроизводства2_2' GUID=UUID('f069d2fc-a1e7-11f1-a4b9-30e1716be59e') action_type='MES.ERP/ЗП.Этапы.КонтрольИзменений' is_test=False status='Завершен' is_deleted=False timestamp=1788777009
INFO:root:Запись завершена, результат: 1200978
INFO:     192.168.100.50:58307 - "POST /hs/mes/exchange/v1/zp_etaps/changes/ HTTP/1.1" 200 OK
INFO:root:zp_etaps: obj_full_name='ДокументОбъект.ЭтапПроизводства2_2' GUID=UUID('ed17684b-aa8d-11f1-a4bb-30e1716be59f') action_type='MES.ERP/ЗП.Этапы.КонтрольИзменений' is_test=False status='Формируется' is_deleted=False timestamp=1788777017
INFO:root:Запись завершена, результат: 1200980
INFO:     192.168.100.50:58320 - "POST /hs/mes/exchange/v1/zp_etaps/changes/ HTTP/1.1" 200 OK
INFO:root:zp_etaps: obj_full_name='ДокументОбъект.ЭтапПроизводства2_2' GUID=UUID('ed17684d-aa8d-11f1-a4bb-30e1716be59f') action_type='MES.ERP/ЗП.Этапы.КонтрольИзменений' is_test=False status='Формируется' is_deleted=False timestamp=1788777019
INFO:root:Запись завершена, результат: 1200981
INFO:     192.168.100.50:58321 - "POST /hs/mes/exchange/v1/zp_etaps/changes/ HTTP/1.1" 200 OK
INFO:root:zp_etaps: obj_full_name='ДокументОбъект.ЭтапПроизводства2_2' GUID=UUID('ed17684f-aa8d-11f1-a4bb-30e1716be59f') action_type='MES.ERP/ЗП.Этапы.КонтрольИзменений' is_test=False status='Формируется' is_deleted=False timestamp=1788777022
INFO:root:Запись завершена, результат: 1200982
INFO:     192.168.100.50:58329 - "POST /hs/mes/exchange/v1/zp_etaps/changes/ HTTP/1.1" 200 OK
INFO:     192.168.17.140:57868 - "POST /api/v1/revit/types/ HTTP/1.1" 307 Temporary Redirect
INFO:     192.168.17.140:57869 - "POST /api/v1/revit/nomens/bycodearray/ HTTP/1.1" 200 OK
INFO:     192.168.17.140:57868 - "POST /api/v1/revit/types HTTP/1.1" 200 OK
INFO:     192.168.19.98:55317 - "POST /check-actual-password HTTP/1.1" 200 OK
INFO:     192.168.17.140:57890 - "POST /api/v1/revit/nomens HTTP/1.1" 500 Internal Server Error
ERROR:    Exception in ASGI application
Traceback (most recent call last):
  File "C:\srv_mes\srv_mes\python\Lib\site-packages\uvicorn\protocols\http\httptools_impl.py", line 416, in run_asgi
    result = await app(  # type: ignore[func-returns-value]
             ^^^^^^^^^^^^^^^^^^^^^^^^^^^^^^^^^^^^^^^^^^^^^^
        self.scope, self.receive, self.send
        ^^^^^^^^^^^^^^^^^^^^^^^^^^^^^^^^^^^
    )
    ^
  File "C:\srv_mes\srv_mes\python\Lib\site-packages\uvicorn\middleware\proxy_headers.py", line 60, in __call__
    return await self.app(scope, receive, send)
           ^^^^^^^^^^^^^^^^^^^^^^^^^^^^^^^^^^^^
  File "C:\srv_mes\srv_mes\python\Lib\site-packages\fastapi\applications.py", line 1054, in __call__
    await super().__call__(scope, receive, send)
  File "C:\srv_mes\srv_mes\python\Lib\site-packages\starlette\applications.py", line 113, in __call__
    await self.middleware_stack(scope, receive, send)
  File "C:\srv_mes\srv_mes\python\Lib\site-packages\starlette\middleware\errors.py", line 186, in __call__
    raise exc
  File "C:\srv_mes\srv_mes\python\Lib\site-packages\starlette\middleware\errors.py", line 164, in __call__
    await self.app(scope, receive, _send)
  File "C:\srv_mes\srv_mes\python\Lib\site-packages\starlette\middleware\cors.py", line 85, in __call__
    await self.app(scope, receive, send)
  File "C:\srv_mes\srv_mes\python\Lib\site-packages\starlette\middleware\exceptions.py", line 63, in __call__
    await wrap_app_handling_exceptions(self.app, conn)(scope, receive, send)
  File "C:\srv_mes\srv_mes\python\Lib\site-packages\starlette\_exception_handler.py", line 53, in wrapped_app
    raise exc
  File "C:\srv_mes\srv_mes\python\Lib\site-packages\starlette\_exception_handler.py", line 42, in wrapped_app
    await app(scope, receive, sender)
  File "C:\srv_mes\srv_mes\python\Lib\site-packages\starlette\routing.py", line 716, in __call__
    await self.middleware_stack(scope, receive, send)
  File "C:\srv_mes\srv_mes\python\Lib\site-packages\starlette\routing.py", line 736, in app
    await route.handle(scope, receive, send)
  File "C:\srv_mes\srv_mes\python\Lib\site-packages\starlette\routing.py", line 290, in handle
    await self.app(scope, receive, send)
  File "C:\srv_mes\srv_mes\python\Lib\site-packages\starlette\routing.py", line 78, in app
    await wrap_app_handling_exceptions(app, request)(scope, receive, send)
  File "C:\srv_mes\srv_mes\python\Lib\site-packages\starlette\_exception_handler.py", line 53, in wrapped_app
    raise exc
  File "C:\srv_mes\srv_mes\python\Lib\site-packages\starlette\_exception_handler.py", line 42, in wrapped_app
    await app(scope, receive, sender)
  File "C:\srv_mes\srv_mes\python\Lib\site-packages\starlette\routing.py", line 75, in app
    response = await f(request)
               ^^^^^^^^^^^^^^^^
  File "C:\srv_mes\srv_mes\python\Lib\site-packages\fastapi\routing.py", line 302, in app
    raw_response = await run_endpoint_function(
                   ^^^^^^^^^^^^^^^^^^^^^^^^^^^^
    ...<3 lines>...
    )
    ^
  File "C:\srv_mes\srv_mes\python\Lib\site-packages\fastapi\routing.py", line 215, in run_endpoint_function
    return await run_in_threadpool(dependant.call, **values)
           ^^^^^^^^^^^^^^^^^^^^^^^^^^^^^^^^^^^^^^^^^^^^^^^^^
  File "C:\srv_mes\srv_mes\python\Lib\site-packages\starlette\concurrency.py", line 38, in run_in_threadpool
    return await anyio.to_thread.run_sync(func)
           ^^^^^^^^^^^^^^^^^^^^^^^^^^^^^^^^^^^^
  File "C:\srv_mes\srv_mes\python\Lib\site-packages\anyio\to_thread.py", line 56, in run_sync
    return await get_async_backend().run_sync_in_worker_thread(
           ^^^^^^^^^^^^^^^^^^^^^^^^^^^^^^^^^^^^^^^^^^^^^^^^^^^^
        func, args, abandon_on_cancel=abandon_on_cancel, limiter=limiter
        ^^^^^^^^^^^^^^^^^^^^^^^^^^^^^^^^^^^^^^^^^^^^^^^^^^^^^^^^^^^^^^^^
    )
    ^
  File "C:\srv_mes\srv_mes\python\Lib\site-packages\anyio\_backends\_asyncio.py", line 2476, in run_sync_in_worker_thread
    return await future
           ^^^^^^^^^^^^
  File "C:\srv_mes\srv_mes\python\Lib\site-packages\anyio\_backends\_asyncio.py", line 967, in run
    result = context.run(func, *args)
  File "C:\srv_mes\srv_mes\API_server\revit_router.py", line 200, in nomens
    ref_key = credentials['parent_ref']
              ~~~~~~~~~~~^^^^^^^^^^^^^^
KeyError: 'parent_ref'
INFO:     192.168.19.98:55324 - "POST /check-actual-password HTTP/1.1" 200 OK
INFO:     192.168.19.98:55333 - "POST /check-actual-password HTTP/1.1" 200 OK
INFO:root:zp_etaps: obj_full_name='ДокументОбъект.ЭтапПроизводства2_2' GUID=UUID('ed17684f-aa8d-11f1-a4bb-30e1716be59f') action_type='MES.ERP/ЗП.Этапы.КонтрольИзменений' is_test=False status='Сформирован' is_deleted=False timestamp=1788777106
INFO:root:Запись завершена, результат: 1200983
INFO:     192.168.100.50:58433 - "POST /hs/mes/exchange/v1/zp_etaps/changes/ HTTP/1.1" 200 OK
INFO:     192.168.17.97:57895 - "POST /authenticate HTTP/1.1" 200 OK
INFO:     IS_TEST_BASE: '0'
INFO:     [MES.Номенклатура/СинхронизацияПолей] Ответ успешно принят: {'Ref_Key': '2f616fc2-a159-11f1-a4b9-30e1716be59e',
 'data_version': 'AAAAAATeRq8=',
 'types_tree': '0f1fee33-0f04-11e7-80c0-4ccc6a67082d;2b302c73-9ed8-11e7-80c5-4ccc6a67082d',
 'unit_code': '    ',
 'unit_ratio': 1.0,
 'Артикул': 'КТ.2608186.01',
 'Вид': 'Компенсатор тканевый',
 'Вид_Ref_Key': '40e21b2f-0f04-11e7-80c0-4ccc6a67082d',
 'ЕдиницаИзмерения': 'Штука',
 'Закупочная_цена': 0.0,
 'Код': '00-00190076',
 'На_удаление': False,
 'Наименование': 'Тканевый компенсатор КТ.2608186.01.00',
 'РодительRefKey': None,
 'СхемаОбеспечения': '52513773-2597-11e7-80c0-4ccc6a67082d',
 'ЭтоГруппа': False}
INFO:     192.168.100.50:58445 - "POST /hs/mes/exchange/v1/nomenclature/ HTTP/1.1" 200 OK
INFO:     IS_TEST_BASE: '0'
INFO:     [MES.Номенклатура/СинхронизацияПолей] Ответ успешно принят: {'Ref_Key': 'd647d6d2-a518-11f1-a4ba-30e1716be59f',
 'data_version': 'AAAAAATeRrA=',
 'types_tree': '0f1fee33-0f04-11e7-80c0-4ccc6a67082d;f193e0db-9ed7-11e7-80c5-4ccc6a67082d',
 'unit_code': '    ',
 'unit_ratio': 1.0,
 'Артикул': '',
 'Вид': 'Прочая продукция Пауэрза',
 'Вид_Ref_Key': '763e2214-3cab-11e8-80cf-4ccc6a67082d',
 'ЕдиницаИзмерения': 'Штука',
 'Закупочная_цена': 0.0,
 'Код': '00-00190184',
 'На_удаление': False,
 'Наименование': 'КМД.2608186.01',
 'РодительRefKey': None,
 'СхемаОбеспечения': 'b36280d4-ffe4-11e9-80e9-4ccc6a67082d',
 'ЭтоГруппа': False}
INFO:     192.168.100.50:58450 - "POST /hs/mes/exchange/v1/nomenclature/ HTTP/1.1" 200 OK
INFO:     IS_TEST_BASE: '0'
INFO:     [MES.Номенклатура/СинхронизацияПолей] Ответ успешно принят: {'Ref_Key': 'e8681471-a518-11f1-a4ba-30e1716be59f',
 'data_version': 'AAAAAATeRrE=',
 'types_tree': '0f1fee33-0f04-11e7-80c0-4ccc6a67082d;f193e0db-9ed7-11e7-80c5-4ccc6a67082d',
 'unit_code': '    ',
 'unit_ratio': 1.0,
 'Артикул': '',
 'Вид': 'Прочая продукция Пауэрза',
 'Вид_Ref_Key': '763e2214-3cab-11e8-80cf-4ccc6a67082d',
 'ЕдиницаИзмерения': 'Штука',
 'Закупочная_цена': 0.0,
 'Код': '00-00190185',
 'На_удаление': False,
 'Наименование': 'КМД.2608186.02',
 'РодительRefKey': None,
 'СхемаОбеспечения': 'b36280d4-ffe4-11e9-80e9-4ccc6a67082d',
 'ЭтоГруппа': False}
INFO:     192.168.100.50:58452 - "POST /hs/mes/exchange/v1/nomenclature/ HTTP/1.1" 200 OK
INFO:     IS_TEST_BASE: '0'
!!! ERROR IMPORT  MODULE manage_kro
2026-09-07 10:27:34 == Загрузка_бюджетов===
2026-09-07 10:27:34 Load req
"SELECT * FROM places"
 from db: 0.061738 secs.


---------------
2026-09-07 10:27:34.489621 wet_req start: ВЫБРАТЬ
            ПРЕДСТАВЛЕНИЕ(УНИКАЛЬНЫЙИДЕНТИФИКАТОР(Номенклатура.Ссылка)) КАК Ref,
            Номенклатура.Код + " " + Номенклатура.Наименование КАК Descr
        ИЗ
            Справочник.Номенклатура КАК Номенклатура
2026-09-07 10:27:58

!!!WARNING!!!
 Load req
"SELECT s_num, resp_date,
            CASE WHEN datetime(resp_date) >= datetime(?)
                THEN file
            ELSE null
                END AS file,
              hash_file FROM odata_lazy_resps
        where resp = ? limit 1"
 from db: 22.407439 secs.

2026-09-07 10:28:18 Load req
"UPDATE odata_lazy_resps set (resp_date, file,
                                     file_size, hash_file ) = (?,?,?,?) WHERE resp = ?;"
 from db: 1.839431 secs.

wet_req end 43.93407

======================= INIT Data_1с ======================

2026-09-07 10:29:07 == Загрузка_бюджетов===
2026-09-07 10:29:07 Load req
"INSERT INTO exchange(key, queue, data, is_test) VALUES (?, ?, ?, ?)"
 from db: 0.030973 secs.

2026-09-07 10:29:07 Load req
"SELECT * FROM places"
 from db: 0.0337 secs.


---------------
2026-09-07 10:29:07.143011 wet_req start: ВЫБРАТЬ
            ПРЕДСТАВЛЕНИЕ(УНИКАЛЬНЫЙИДЕНТИФИКАТОР(Номенклатура.Ссылка)) КАК Ref,
            Номенклатура.Код + " " + Номенклатура.Наименование КАК Descr
        ИЗ
            Справочник.Номенклатура КАК Номенклатура
wet_req end PC 0.238624 secs.

======================= INIT Data_1с ======================

2026-09-07 10:29:13 Load req
"INSERT INTO exchange(key, queue, data, is_test) VALUES (?, ?, ?, ?)"
 from db: 0.033234 secs.

2026-09-07 10:29:28 Load req
"
            SELECT id, key, queue, finished, message_status, chat_accepted, is_test
            FROM exchange
            WHERE queue = ? AND key = ?
            ORDER BY id DESC
            LIMIT 1;
            "
 from db: 0.377532 secs.

2026-09-07 10:29:28 Load req
"
            INSERT INTO exchange(key, queue, data, finished, is_test)
            VALUES (?, ?, ?, 0, ?)
            RETURNING id;
            "
 from db: 0.009664 secs.

{'ok': True, 'accepted': True, 'task_id': 1200977, 'is_test_base': '0', 'queue': 'MES.ERP/ЗП.Этапы.КонтрольИзменений', 'detail': 'Событие принято.'}
2026-09-07 10:30:10 Load req
"
            SELECT id, key, queue, finished, message_status, chat_accepted, is_test
            FROM exchange
            WHERE queue = ? AND key = ?
            ORDER BY id DESC
            LIMIT 1;
            "
 from db: 0.373669 secs.

2026-09-07 10:30:10 Load req
"
            INSERT INTO exchange(key, queue, data, finished, is_test)
            VALUES (?, ?, ?, 0, ?)
            RETURNING id;
            "
 from db: 0.020653 secs.

{'ok': True, 'accepted': True, 'task_id': 1200978, 'is_test_base': '0', 'queue': 'MES.ERP/ЗП.Этапы.КонтрольИзменений', 'detail': 'Событие принято.'}
2026-09-07 10:30:18 Load req
"
            SELECT id, key, queue, finished, message_status, chat_accepted, is_test
            FROM exchange
            WHERE queue = ? AND key = ?
            ORDER BY id DESC
            LIMIT 1;
            "
 from db: 0.514815 secs.

2026-09-07 10:30:18 Load req
"
            INSERT INTO exchange(key, queue, data, finished, is_test)
            VALUES (?, ?, ?, 0, ?)
            RETURNING id;
            "
 from db: 0.011448 secs.

{'ok': True, 'accepted': True, 'task_id': 1200980, 'is_test_base': '0', 'queue': 'MES.ERP/ЗП.Этапы.КонтрольИзменений', 'detail': 'Событие принято.'}
2026-09-07 10:30:19 Load req
"
            SELECT id, key, queue, finished, message_status, chat_accepted, is_test
            FROM exchange
            WHERE queue = ? AND key = ?
            ORDER BY id DESC
            LIMIT 1;
            "
 from db: 0.474892 secs.

2026-09-07 10:30:19 Load req
"
            INSERT INTO exchange(key, queue, data, finished, is_test)
            VALUES (?, ?, ?, 0, ?)
            RETURNING id;
            "
 from db: 0.011714 secs.

{'ok': True, 'accepted': True, 'task_id': 1200981, 'is_test_base': '0', 'queue': 'MES.ERP/ЗП.Этапы.КонтрольИзменений', 'detail': 'Событие принято.'}
2026-09-07 10:30:23 Load req
"
            SELECT id, key, queue, finished, message_status, chat_accepted, is_test
            FROM exchange
            WHERE queue = ? AND key = ?
            ORDER BY id DESC
            LIMIT 1;
            "
 from db: 0.364567 secs.

2026-09-07 10:30:23 Load req
"
            INSERT INTO exchange(key, queue, data, finished, is_test)
            VALUES (?, ?, ?, 0, ?)
            RETURNING id;
            "
 from db: 0.012699 secs.

{'ok': True, 'accepted': True, 'task_id': 1200982, 'is_test_base': '0', 'queue': 'MES.ERP/ЗП.Этапы.КонтрольИзменений', 'detail': 'Событие принято.'}

---------------
2026-09-07 10:30:40.811384 wet_req start:
        ВЫБРАТЬ
            ПРЕДСТАВЛЕНИЕ(УНИКАЛЬНЫЙИДЕНТИФИКАТОР(ВидыНоменклатуры.Ссылка)) КАК Ref_Key,
            ПРЕДСТАВЛЕНИЕ(УНИКАЛЬНЫЙИДЕНТИФИКАТОР(ВидыНоменклатуры.Родитель)) КАК Parent_Key,
            ВидыНоменклатуры.Наименование КАК Description,
            ВидыНоменклатуры.ПометкаУдаления КАК ПометкаУдаления,
            ВидыНоменклатуры.ЭтоГруппа КАК IsFolder
        ИЗ
            Справочник.ВидыНоменклатуры КАК ВидыНоменклатуры
        УПОРЯДОЧИТЬ ПО
            ВидыНоменклатуры.Наименование


---------------
2026-09-07 10:30:40.816447 wet_req start:
            ВЫБРАТЬ
                Номенклатура.Код КАК code,
                Номенклатура.Наименование КАК name
            ИЗ
                Справочник.Номенклатура КАК Номенклатура
            ГДЕ
                Номенклатура.Код В ("00-00179666","00-00171669")

wet_req end 0.186806
wet_req end 0.296356
2026-09-07 10:31:46 Load req
"
            SELECT id, key, queue, finished, message_status, chat_accepted, is_test
            FROM exchange
            WHERE queue = ? AND key = ?
            ORDER BY id DESC
            LIMIT 1;
            "
 from db: 0.391984 secs.

2026-09-07 10:31:46 Load req
"
            INSERT INTO exchange(key, queue, data, finished, is_test)
            VALUES (?, ?, ?, 0, ?)
            RETURNING id;
            "
 from db: 0.019597 secs.

{'ok': True, 'accepted': True, 'task_id': 1200983, 'is_test_base': '0', 'queue': 'MES.ERP/ЗП.Этапы.КонтрольИзменений', 'detail': 'Событие принято.'}
2026-09-07 10:31:56 Load req
"INSERT INTO exchange(key, queue, data, is_test) VALUES (?, ?, ?, ?)"
 from db: 0.01853 secs.

2026-09-07 10:31:57 Load req
"INSERT INTO exchange(key, queue, data, is_test) VALUES (?, ?, ?, ?)"
 from db: 0.02655 secs.

2026-09-07 10:31:58 Load req
"INSERT INTO exchange(key, queue, data, is_test) VALUES (?, ?, ?, ?)"
 from db: 0.028753 secs.

2026-09-07 10:31:58 Load req
"INSERT INTO exchange(key, queue, data, is_test) VALUES (?, ?, ?, ?)"
 from db: 0.018984 secs.
INFO:     [MES.Номенклатура/СинхронизацияПолей] Ответ успешно принят: {'Ref_Key': 'f4a2a9c3-a518-11f1-a4ba-30e1716be59f',
 'data_version': 'AAAAAATeRrI=',
 'types_tree': '0f1fee33-0f04-11e7-80c0-4ccc6a67082d;f193e0db-9ed7-11e7-80c5-4ccc6a67082d',
 'unit_code': '    ',
 'unit_ratio': 1.0,
 'Артикул': '',
 'Вид': 'Прочая продукция Пауэрза',
 'Вид_Ref_Key': '763e2214-3cab-11e8-80cf-4ccc6a67082d',
 'ЕдиницаИзмерения': 'Штука',
 'Закупочная_цена': 0.0,
 'Код': '00-00190186',
 'На_удаление': False,
 'Наименование': 'КМД.2608186.03',
 'РодительRefKey': None,
 'СхемаОбеспечения': 'b36280d4-ffe4-11e9-80e9-4ccc6a67082d',
 'ЭтоГруппа': False}
INFO:     192.168.100.50:58454 - "POST /hs/mes/exchange/v1/nomenclature/ HTTP/1.1" 200 OK
INFO:     IS_TEST_BASE: '0'
INFO:     [MES.Номенклатура/СинхронизацияПолей] Ответ успешно принят: {'Ref_Key': '06b4e52d-a519-11f1-a4ba-30e1716be59f',
 'data_version': 'AAAAAATeRrM=',
 'types_tree': '0f1fee33-0f04-11e7-80c0-4ccc6a67082d;f193e0db-9ed7-11e7-80c5-4ccc6a67082d',
 'unit_code': '    ',
 'unit_ratio': 1.0,
 'Артикул': '',
 'Вид': 'Прочая продукция Пауэрза',
 'Вид_Ref_Key': '763e2214-3cab-11e8-80cf-4ccc6a67082d',
 'ЕдиницаИзмерения': 'Штука',
 'Закупочная_цена': 0.0,
 'Код': '00-00190187',
 'На_удаление': False,
 'Наименование': 'КМД.2608186.04',
 'РодительRefKey': None,
 'СхемаОбеспечения': 'b36280d4-ffe4-11e9-80e9-4ccc6a67082d',
 'ЭтоГруппа': False}
INFO:     192.168.100.50:58457 - "POST /hs/mes/exchange/v1/nomenclature/ HTTP/1.1" 200 OK
INFO:     IS_TEST_BASE: '0'
INFO:     [MES.Номенклатура/СинхронизацияПолей] Ответ успешно принят: {'Ref_Key': '1faea9df-a519-11f1-a4ba-30e1716be59f',
 'data_version': 'AAAAAATeRrQ=',
 'types_tree': '0f1fee33-0f04-11e7-80c0-4ccc6a67082d;f193e0db-9ed7-11e7-80c5-4ccc6a67082d',
 'unit_code': '    ',
 'unit_ratio': 1.0,
 'Артикул': '',
 'Вид': 'Прочая продукция Пауэрза',
 'Вид_Ref_Key': '763e2214-3cab-11e8-80cf-4ccc6a67082d',
 'ЕдиницаИзмерения': 'Штука',
 'Закупочная_цена': 0.0,
 'Код': '00-00190188',
 'На_удаление': False,
 'Наименование': 'КМД.2608186.05',
 'РодительRefKey': None,
 'СхемаОбеспечения': 'b36280d4-ffe4-11e9-80e9-4ccc6a67082d',
 'ЭтоГруппа': False}
INFO:     192.168.100.50:58459 - "POST /hs/mes/exchange/v1/nomenclature/ HTTP/1.1" 200 OK
INFO:     IS_TEST_BASE: '0'
INFO:     [MES.Номенклатура/СинхронизацияПолей] Ответ успешно принят: {'Ref_Key': 'b4b803a7-aa8c-11f1-a4bb-30e1716be59f',
 'data_version': 'AAAAAATeRrU=',
 'types_tree': '0f1fee33-0f04-11e7-80c0-4ccc6a67082d;f193e0db-9ed7-11e7-80c5-4ccc6a67082d',
 'unit_code': '    ',
 'unit_ratio': 1.0,
 'Артикул': '',
 'Вид': 'Линзовые компенсаторы',
 'Вид_Ref_Key': 'bd03f568-0680-11e8-80cd-4ccc6a67082d',
 'ЕдиницаИзмерения': 'Штука',
 'Закупочная_цена': 0.0,
 'Код': '00-00190598',
 'На_удаление': False,
 'Наименование': 'Линзовый компенсатор ЛК.2608186.01',
 'РодительRefKey': None,
 'СхемаОбеспечения': '52513773-2597-11e7-80c0-4ccc6a67082d',
 'ЭтоГруппа': False}
INFO:     192.168.100.50:58460 - "POST /hs/mes/exchange/v1/nomenclature/ HTTP/1.1" 200 OK
INFO:     IS_TEST_BASE: '0'
INFO:     [bitrix24.РаспоряжениеНаДоставку.СинхронизацияТабличнойЧасти] Ответ успешно принят: {'title': '000008088 от 27.08.2026',
 'ufCrm18CountSpots': 1,
 'ufCrm18Customer': 'Пауэрз',
 'ufCrm18DateShipment': '28.08.2026',
 'ufCrm18DimensionsSpots': '200x200x200',
 'ufCrm18GrossWeight': 1.0,
 'ufCrm18Info': 'груз небольшой - Саша\n36 комплеков щеток',
 'ufCrm18Insurance': 0.0,
 'ufCrm18NetWeigth': 1.0,
 'ufCrm18PackingType': 'коробка',
 'ufCrm18Payment': 'Организация',
 'ufCrm18Products': ' Щетки угольные AEG 4931428732 (см. описание) - 39 компл',
 'ufCrm18Recipient': 'Пауэрз, ИНН ',
 'ufCrm18RecipientAddress': '173526, Новгородская обл, р-н Новгородский, рп '
                            'Панковка, ул Индустриальная, д. 19',
 'ufCrm18RecipientContact': 'Шаляпина Марина Сергеевна, +7+79210250050',
 'ufCrm18Shipper': 'ООО "ПАУЭРЗ"',
 'ufCrm18Shipper2': 'ИНТЕРНЕТ РЕШЕНИЯ ООО поставщик',
 'ufCrm18ShipperContact': 'интернет магазин менеджера нет, +78002347000',
 'ufCrm18ShippingAddress': '',
 'ufCrm18ShippingAddress2': 'Панковка, Строительная ул., 17',
 'ufCrm18ShippingMethod': 'На усмотрение транспортной службы',
 'ufCrm18Volume': 0.008,
 'xmlId': '361d26c1-a1ef-11f1-a4b9-30e1716be59e'}
INFO:     192.168.100.50:58461 - "POST /hs/mes/exchange/v1/order-delivery/ HTTP/1.1" 200 OK
INFO:     IS_TEST_BASE: '0'
INFO:     [MES.Номенклатура/СинхронизацияПолей] Ответ успешно принят: {'Ref_Key': 'c11b7f71-aa8c-11f1-a4bb-30e1716be59f',
 'data_version': 'AAAAAATeRrc=',
 'types_tree': '0f1fee33-0f04-11e7-80c0-4ccc6a67082d;f193e0db-9ed7-11e7-80c5-4ccc6a67082d',
 'unit_code': '    ',
 'unit_ratio': 1.0,
 'Артикул': '',
 'Вид': 'Линзовые компенсаторы',
 'Вид_Ref_Key': 'bd03f568-0680-11e8-80cd-4ccc6a67082d',
 'ЕдиницаИзмерения': 'Штука',
 'Закупочная_цена': 0.0,
 'Код': '00-00190599',
 'На_удаление': False,
 'Наименование': 'Линзовый компенсатор ЛК.2608186.02',
 'РодительRefKey': None,
 'СхемаОбеспечения': '52513773-2597-11e7-80c0-4ccc6a67082d',
 'ЭтоГруппа': False}
INFO:     192.168.100.50:58462 - "POST /hs/mes/exchange/v1/nomenclature/ HTTP/1.1" 200 OK
INFO:     IS_TEST_BASE: '0'
INFO:     [MES.Номенклатура/СинхронизацияПолей] Ответ успешно принят: {'Ref_Key': '3b58b079-a159-11f1-a4b9-30e1716be59e',
 'data_version': 'AAAAAATeRrg=',
 'types_tree': 'e26b5737-0ef3-11e7-80c0-4ccc6a67082d;da2193ba-0d06-11ed-8468-00d861dd2b4a;4a978163-9ed8-11e7-80c5-4ccc6a67082d',
 'unit_code': '    ',
 'unit_ratio': 1.0,
 'Артикул': 'КТ.2608186.01.01',
 'Вид': 'Компенсатор композитный',
 'Вид_Ref_Key': '47807104-0eff-11e7-80c0-4ccc6a67082d',
 'ЕдиницаИзмерения': 'Штука',
 'Закупочная_цена': 0.0,
 'Код': '00-00190077',
 'На_удаление': False,
 'Наименование': 'Компенсатор композитный КТ.2608186.01.01',
 'РодительRefKey': None,
 'СхемаОбеспечения': None,
 'ЭтоГруппа': False}
INFO:     192.168.100.50:58466 - "POST /hs/mes/exchange/v1/nomenclature/ HTTP/1.1" 200 OK
INFO:     IS_TEST_BASE: '0'
INFO:     [MES.Номенклатура/СинхронизацияПолей] Ответ успешно принят: {'Ref_Key': '3e47d84e-a74f-11f1-a4ba-30e1716be59f',
 'data_version': 'AAAAAATeRrk=',
 'types_tree': '0f1fee33-0f04-11e7-80c0-4ccc6a67082d;f193e0db-9ed7-11e7-80c5-4ccc6a67082d',
 'unit_code': '    ',
 'unit_ratio': 1.0,
 'Артикул': 'КТ.2608186.01.00',
 'Вид': 'Металлоизделия',
 'Вид_Ref_Key': 'cf1e8906-a417-11e7-80c5-4ccc6a67082d',
 'ЕдиницаИзмерения': 'Штука',
 'Закупочная_цена': 0.0,
 'Код': '00-00190410',
 'На_удаление': False,
 'Наименование': 'Металлическая арматура для компенсатора КТ.2608186.01.00',
 'РодительRefKey': None,
 'СхемаОбеспечения': '52513773-2597-11e7-80c0-4ccc6a67082d',
 'ЭтоГруппа': False}
INFO:     192.168.100.50:58469 - "POST /hs/mes/exchange/v1/nomenclature/ HTTP/1.1" 200 OK
INFO:     192.168.17.97:57897 - "POST /check-actual-password HTTP/1.1" 200 OK
INFO:     192.168.19.68:63508 - "POST /check-actual-password HTTP/1.1" 200 OK
INFO:root:zp_etaps: obj_full_name='ДокументОбъект.ЭтапПроизводства2_2' GUID=UUID('ed17684d-aa8d-11f1-a4bb-30e1716be59f') action_type='MES.ERP/ЗП.Этапы.КонтрольИзменений' is_test=False status='Сформирован' is_deleted=False timestamp=1788777168
INFO:root:Запись завершена, результат: 1200995
INFO:     192.168.100.50:58534 - "POST /hs/mes/exchange/v1/zp_etaps/changes/ HTTP/1.1" 200 OK
INFO:     192.168.19.184:58737 - "GET /files/py/packages/list/ HTTP/1.1" 200 OK
INFO:     192.168.19.184:58739 - "GET / HTTP/1.1" 200 OK
INFO:     192.168.19.184:58741 - "GET /files/project-cust/hash/ HTTP/1.1" 200 OK
INFO:     192.168.20.126:54695 - "POST /authenticate HTTP/1.1" 200 OK
INFO:     192.168.19.184:58804 - "POST /authenticate HTTP/1.1" 200 OK
INFO:     192.168.17.178:63184 - "POST /check-actual-password HTTP/1.1" 200 OK
INFO:     192.168.17.178:63188 - "POST /check-actual-password HTTP/1.1" 200 OK
INFO:     192.168.19.228:54554 - "GET /files/py/packages/list/ HTTP/1.1" 200 OK
INFO:     192.168.19.228:54558 - "GET / HTTP/1.1" 200 OK
INFO:     192.168.19.228:54559 - "GET /files/project-cust/hash/ HTTP/1.1" 200 OK
INFO:root:zp_etaps: obj_full_name='ДокументОбъект.ЭтапПроизводства2_2' GUID=UUID('ed17684b-aa8d-11f1-a4bb-30e1716be59f') action_type='MES.ERP/ЗП.Этапы.КонтрольИзменений' is_test=False status='Формируется' is_deleted=False timestamp=1788777291
INFO:root:Запись завершена, результат: 1200997
INFO:     192.168.100.50:58747 - "POST /hs/mes/exchange/v1/zp_etaps/changes/ HTTP/1.1" 200 OK
INFO:     192.168.20.126:54713 - "POST /check-actual-password HTTP/1.1" 200 OK
INFO:     192.168.17.97:57907 - "POST /authenticate HTTP/1.1" 200 OK
INFO:     192.168.19.184:58874 - "POST /check-actual-password HTTP/1.1" 200 OK
INFO:     IS_TEST_BASE: '0'
INFO:     [bitrix24.Сделка/ОбновлениеСтатуса] Ответ успешно принят: {'UF_CRM_1737711083528': '',
 'UF_CRM_1737727925': '',
 'forced': False,
 'id': 18188,
 'status_code': 'C1:7'}
INFO:     192.168.100.50:58892 - "POST /hs/mes/exchange/v1/deal/status/ HTTP/1.1" 200 OK
INFO:     192.168.19.184:58882 - "POST /check-actual-password HTTP/1.1" 200 OK
INFO:     IS_TEST_BASE: '0'
INFO:     [bitrix24.Сделка/ОбновлениеСтатуса] Ответ успешно принят: {'UF_CRM_1737711083528': '',
 'UF_CRM_1737727925': '',
 'forced': False,
 'id': 18188,
 'status_code': 'C1:3'}
INFO:     192.168.100.50:58915 - "POST /hs/mes/exchange/v1/deal/status/ HTTP/1.1" 200 OK
INFO:     IS_TEST_BASE: '0'
INFO:     [bitrix24.РаспоряжениеНаДоставку.СинхронизацияТабличнойЧасти] Ответ успешно принят: {'title': '000008088 от 27.08.2026',
 'ufCrm18CountSpots': 1,
 'ufCrm18Customer': 'Пауэрз',
 'ufCrm18DateShipment': '28.08.2026',
 'ufCrm18DimensionsSpots': '200x200x200',
 'ufCrm18GrossWeight': 1.0,
 'ufCrm18Info': 'груз небольшой - Саша\n36 комплеков щеток',
 'ufCrm18Insurance': 0.0,
 'ufCrm18NetWeigth': 1.0,
 'ufCrm18PackingType': 'коробка',
 'ufCrm18Payment': 'Организация',
 'ufCrm18Products': ' Щетки угольные AEG 4931428732 (см. описание) - 39 компл',
 'ufCrm18Recipient': 'Пауэрз, ИНН ',
 'ufCrm18RecipientAddress': '173526, Новгородская обл, р-н Новгородский, рп '
                            'Панковка, ул Индустриальная, д. 19',
 'ufCrm18RecipientContact': 'Шаляпина Марина Сергеевна, +7+79210250050',
 'ufCrm18Shipper': 'ООО "ПАУЭРЗ"',
 'ufCrm18Shipper2': 'ИНТЕРНЕТ РЕШЕНИЯ ООО поставщик',
 'ufCrm18ShipperContact': 'интернет магазин менеджера нет, +78002347000',
 'ufCrm18ShippingAddress': '',
 'ufCrm18ShippingAddress2': 'Панковка, Строительная ул., 17',
 'ufCrm18ShippingMethod': 'На усмотрение транспортной службы',
 'ufCrm18Volume': 0.008,
 'xmlId': '361d26c1-a1ef-11f1-a4b9-30e1716be59e'}
INFO:     192.168.100.50:58964 - "POST /hs/mes/exchange/v1/order-delivery/ HTTP/1.1" 200 OK
INFO:     192.168.19.184:58888 - "POST /check-actual-password HTTP/1.1" 200 OK
INFO:     192.168.17.48:56087 - "POST /authenticate HTTP/1.1" 200 OK
INFO:     192.168.17.48:56099 - "POST /check-actual-password HTTP/1.1" 200 OK
INFO:     192.168.19.184:58911 - "POST /check-actual-password HTTP/1.1" 200 OK
INFO:     192.168.19.184:58916 - "POST /check-actual-password HTTP/1.1" 200 OK
INFO:     192.168.17.97:57921 - "POST /check-actual-password HTTP/1.1" 200 OK
INFO:     192.168.17.97:57923 - "POST /authenticate HTTP/1.1" 200 OK
INFO:     192.168.19.184:58945 - "POST /check-actual-password HTTP/1.1" 200 OK
INFO:     192.168.19.184:58952 - "POST /check-actual-password HTTP/1.1" 200 OK
INFO:     192.168.19.184:58958 - "POST /check-actual-password HTTP/1.1" 200 OK
INFO:     192.168.19.198:57941 - "POST /check-actual-password HTTP/1.1" 200 OK
INFO:     IS_TEST_BASE: '0'
INFO:     [bitrix24.РаспоряжениеНаДоставку.СинхронизацияТабличнойЧасти] Ответ успешно принят: {'title': '000008088 от 27.08.2026',
 'ufCrm18CountSpots': 1,
 'ufCrm18Customer': 'Пауэрз',
 'ufCrm18DateShipment': '28.08.2026',
 'ufCrm18DimensionsSpots': '200x200x200',
 'ufCrm18GrossWeight': 1.0,
 'ufCrm18Info': 'груз небольшой - Саша\n36 комплеков щеток',
 'ufCrm18Insurance': 0.0,
 'ufCrm18NetWeigth': 1.0,
 'ufCrm18PackingType': 'коробка',
 'ufCrm18Payment': 'Организация',
 'ufCrm18Products': ' Щетки угольные AEG 4931428732 (см. описание) - 39 компл',
 'ufCrm18Recipient': 'Пауэрз, ИНН ',
 'ufCrm18RecipientAddress': '173526, Новгородская обл, р-н Новгородский, рп '
                            'Панковка, ул Индустриальная, д. 19',
 'ufCrm18RecipientContact': 'Шаляпина Марина Сергеевна, +7+79210250050',
 'ufCrm18Shipper': 'ООО "ПАУЭРЗ"',
 'ufCrm18Shipper2': 'ИНТЕРНЕТ РЕШЕНИЯ ООО поставщик',
 'ufCrm18ShipperContact': 'интернет магазин менеджера нет, +78002347000',
 'ufCrm18ShippingAddress': '',
 'ufCrm18ShippingAddress2': 'Панковка, Строительная ул., 17',
 'ufCrm18ShippingMethod': 'На усмотрение транспортной службы',
 'ufCrm18Volume': 0.008,
 'xmlId': '361d26c1-a1ef-11f1-a4b9-30e1716be59e'}
INFO:     192.168.100.50:59520 - "POST /hs/mes/exchange/v1/order-delivery/ HTTP/1.1" 200 OK
INFO:     192.168.17.48:56158 - "POST /authenticate HTTP/1.1" 200 OK
INFO:root:zp_etaps: obj_full_name='ДокументОбъект.ЭтапПроизводства2_2' GUID=UUID('724329d4-8c93-11f1-a4b4-30e1716be59f') action_type='MES.ERP/ЗП.Этапы.КонтрольИзменений' is_test=False status='Завершен' is_deleted=False timestamp=1788777847
INFO:root:Запись завершена, результат: 1201003
INFO:     192.168.100.50:59747 - "POST /hs/mes/exchange/v1/zp_etaps/changes/ HTTP/1.1" 200 OK
INFO:     192.168.19.98:55708 - "POST /check-actual-password HTTP/1.1" 200 OK
INFO:root:zp_etaps: obj_full_name='ДокументОбъект.ЗаказНаПроизводство2_2' GUID=UUID('a88c0e49-a772-11f1-a4ba-30e1716be59f') action_type='MES.ERP/ЗП.Этапы.КонтрольИзменений' is_test=False status='' is_deleted=False timestamp=None
INFO:root:Запись завершена, результат: 1201004
INFO:     192.168.100.50:59988 - "POST /hs/mes/exchange/v1/zp_etaps/changes/ HTTP/1.1" 200 OK
INFO:     IS_TEST_BASE: '0'
INFO:     [bitrix24.Сделка/ОбновлениеСтатуса] Ответ успешно принят: {'UF_CRM_1737711083528': '',
 'UF_CRM_1737727925': '',
 'forced': False,
 'id': 19289,
 'status_code': 'C1:5'}
INFO:     192.168.100.50:59992 - "POST /hs/mes/exchange/v1/deal/status/ HTTP/1.1" 200 OK
INFO:     IS_TEST_BASE: '0'
INFO:     [bitrix24.РаспоряжениеНаДоставку.СинхронизацияТабличнойЧасти] Ответ успешно принят: {'title': '000008088 от 27.08.2026',
 'ufCrm18CountSpots': 1,
 'ufCrm18Customer': 'Пауэрз',
 'ufCrm18DateShipment': '28.08.2026',
 'ufCrm18DimensionsSpots': '200x200x200',
 'ufCrm18GrossWeight': 1.0,
 'ufCrm18Info': 'груз небольшой - Саша\n36 комплеков щеток',
 'ufCrm18Insurance': 0.0,
 'ufCrm18NetWeigth': 1.0,
 'ufCrm18PackingType': 'коробка',
 'ufCrm18Payment': 'Организация',
 'ufCrm18Products': ' Щетки угольные AEG 4931428732 (см. описание) - 39 компл',
 'ufCrm18Recipient': 'Пауэрз, ИНН ',
 'ufCrm18RecipientAddress': '173526, Новгородская обл, р-н Новгородский, рп '
                            'Панковка, ул Индустриальная, д. 19',
 'ufCrm18RecipientContact': 'Шаляпина Марина Сергеевна, +7+79210250050',
 'ufCrm18Shipper': 'ООО "ПАУЭРЗ"',
 'ufCrm18Shipper2': 'ИНТЕРНЕТ РЕШЕНИЯ ООО поставщик',
 'ufCrm18ShipperContact': 'интернет магазин менеджера нет, +78002347000',
 'ufCrm18ShippingAddress': '',
 'ufCrm18ShippingAddress2': 'Панковка, Строительная ул., 17',
 'ufCrm18ShippingMethod': 'На усмотрение транспортной службы',
 'ufCrm18Volume': 0.008,
 'xmlId': '361d26c1-a1ef-11f1-a4b9-30e1716be59e'}
INFO:     192.168.100.50:60092 - "POST /hs/mes/exchange/v1/order-delivery/ HTTP/1.1" 200 OK
INFO:     192.168.17.178:63438 - "POST /check-actual-password HTTP/1.1" 200 OK
INFO:     192.168.19.98:55809 - "POST /check-actual-password HTTP/1.1" 200 OK
INFO:     192.168.19.136:52846 - "POST /check-actual-password HTTP/1.1" 200 OK
INFO:     192.168.17.178:63489 - "POST /check-actual-password HTTP/1.1" 200 OK
INFO:     192.168.17.48:56295 - "POST /authenticate HTTP/1.1" 200 OK
INFO:root:zp_etaps: obj_full_name='ДокументОбъект.ЭтапПроизводства2_2' GUID=UUID('744ecb89-dbfa-11f0-a483-30e1716be59f') action_type='MES.ERP/ЗП.Этапы.КонтрольИзменений' is_test=False status='Начат' is_deleted=False timestamp=1788778219
INFO:root:Запись завершена, результат: 1201009
INFO:     192.168.100.50:60479 - "POST /hs/mes/exchange/v1/zp_etaps/changes/ HTTP/1.1" 200 OK
INFO:     IS_TEST_BASE: '0'
INFO:     [bitrix24.РаспоряжениеНаДоставку.СинхронизацияТабличнойЧасти] Ответ успешно принят: {'title': '000008144 от 07.09.2026',
 'ufCrm18CountSpots': 11,
 'ufCrm18Customer': 'Келаст',
 'ufCrm18DateShipment': '08.09.2026',
 'ufCrm18DimensionsSpots': '400x50x500, 400x50x500, 400x50x500, 400x50x500, '
                           '320x215x205, 335x180, 335x180, 335x180, 190x245, '
                           '190x245, 190x245',
 'ufCrm18GrossWeight': 2901.5,
 'ufCrm18Info': 'Заявка на 3 компании:\n'
                'Келаст:\n'
                '2608-160135-30061 - 3 кг\n'
                'Таткуз:\n'
                '2608-189487-35152 - 15 кг\n'
                '2608-181357-51686 - 1 кг\n'
                'Пауэрз:\n'
                '2609-180075-06324 - 2 кг\n'
                '2609-180088-54095 - 64 кг\n'
                '2609-184318-05733 - 0,2 кг\n'
                '2608-189777-79859 - 2 кг\n',
 'ufCrm18Insurance': 0.0,
 'ufCrm18NetWeigth': 89.0,
 'ufCrm18PackingType': '',
 'ufCrm18Payment': 'Организация',
 'ufCrm18Products': ' Ремень стяжной с храповым механизмом 6м, 2т - 2 Штука',
 'ufCrm18Recipient': 'Келаст, ИНН ',
 'ufCrm18RecipientAddress': '173526, Новгородская обл, р-н Новгородский, рп '
                            'Панковка, ул Индустриальная, д. 18А, офис 1',
 'ufCrm18RecipientContact': 'Шаляпина Марина Сергеевна, +7+79210250050',
 'ufCrm18Shipper': 'ООО "КЕЛАСТ"',
 'ufCrm18Shipper2': 'ВСЕИНСТРУМЕНТЫ.РУ ООО',
 'ufCrm18ShipperContact': 'Зотова Екатерина Николаевна, 8005503770',
 'ufCrm18ShippingAddress': '',
 'ufCrm18ShippingAddress2': 'В. Новгород, ул. Б.Санкт-Петербургская, д. 39 '
                            'Режим работы: 10-20 ПН-ВС',
 'ufCrm18ShippingMethod': 'На усмотрение транспортной службы',
 'ufCrm18Volume': 0.054,
 'xmlId': '21285c15-aa8b-11f1-a4bb-30e1716be59f'}
INFO:     192.168.100.50:60531 - "POST /hs/mes/exchange/v1/order-delivery/ HTTP/1.1" 200 OK
INFO:     192.168.19.198:58252 - "POST /check-actual-password HTTP/1.1" 200 OK
INFO:root:zp_etaps: obj_full_name='ДокументОбъект.ЭтапПроизводства2_2' GUID=UUID('01948821-752f-11f1-a4ad-30e1716be59f') action_type='MES.ERP/ЗП.Этапы.КонтрольИзменений' is_test=False status='Завершен' is_deleted=False timestamp=1788778309
INFO:root:Запись завершена, результат: 1201011
INFO:     192.168.100.50:60667 - "POST /hs/mes/exchange/v1/zp_etaps/changes/ HTTP/1.1" 200 OK
INFO:     IS_TEST_BASE: '0'
INFO:     [bitrix24.РаспоряжениеНаДоставку.СинхронизацияТабличнойЧасти] Ответ успешно принят: {'title': '000008088 от 27.08.2026',
 'ufCrm18CountSpots': 1,
 'ufCrm18Customer': 'Пауэрз',
 'ufCrm18DateShipment': '28.08.2026',
 'ufCrm18DimensionsSpots': '200x200x200',
 'ufCrm18GrossWeight': 1.0,
 'ufCrm18Info': 'груз небольшой - Саша\n36 комплеков щеток',
 'ufCrm18Insurance': 0.0,
 'ufCrm18NetWeigth': 1.0,
 'ufCrm18PackingType': 'коробка',
 'ufCrm18Payment': 'Организация',
 'ufCrm18Products': ' Щетки угольные AEG 4931428732 (см. описание) - 39 компл',
 'ufCrm18Recipient': 'Пауэрз, ИНН ',
 'ufCrm18RecipientAddress': '173526, Новгородская обл, р-н Новгородский, рп '
                            'Панковка, ул Индустриальная, д. 19',
 'ufCrm18RecipientContact': 'Шаляпина Марина Сергеевна, +7+79210250050',
 'ufCrm18Shipper': 'ООО "ПАУЭРЗ"',
 'ufCrm18Shipper2': 'ИНТЕРНЕТ РЕШЕНИЯ ООО поставщик',
 'ufCrm18ShipperContact': 'интернет магазин менеджера нет, +78002347000',
 'ufCrm18ShippingAddress': '',
 'ufCrm18ShippingAddress2': 'Панковка, Строительная ул., 17',
 'ufCrm18ShippingMethod': 'На усмотрение транспортной службы',
 'ufCrm18Volume': 0.008,
 'xmlId': '361d26c1-a1ef-11f1-a4b9-30e1716be59e'}
INFO:     192.168.100.50:60694 - "POST /hs/mes/exchange/v1/order-delivery/ HTTP/1.1" 200 OK
INFO:root:zp_etaps: obj_full_name='ДокументОбъект.ЭтапПроизводства2_2' GUID=UUID('22783d18-aa89-11f1-a4bb-30e1716be59f') action_type='MES.ERP/ЗП.Этапы.КонтрольИзменений' is_test=False status='Сформирован' is_deleted=False timestamp=1788778366
INFO:root:Запись завершена, результат: 1201013
INFO:     192.168.100.50:60791 - "POST /hs/mes/exchange/v1/zp_etaps/changes/ HTTP/1.1" 200 OK
INFO:root:zp_etaps: obj_full_name='ДокументОбъект.ЭтапПроизводства2_2' GUID=UUID('724329d4-8c93-11f1-a4b4-30e1716be59f') action_type='MES.ERP/ЗП.Этапы.КонтрольИзменений' is_test=False status='Завершен' is_deleted=False timestamp=1788778373
INFO:root:Запись завершена, результат: 1201014
INFO:     192.168.100.50:60795 - "POST /hs/mes/exchange/v1/zp_etaps/changes/ HTTP/1.1" 200 OK
INFO:     IS_TEST_BASE: '0'
INFO:     [bitrix24.РаспоряжениеНаДоставку.СинхронизацияТабличнойЧасти] Ответ успешно принят: {'title': '000008145 от 07.09.2026',
 'ufCrm18CountSpots': 0,
 'ufCrm18Customer': 'Келаст',
 'ufCrm18DateShipment': '08.09.2026',
 'ufCrm18DimensionsSpots': '',
 'ufCrm18GrossWeight': 0.0,
 'ufCrm18Info': 'Заявка на 3 компании. Келаст 1 пакет Озон, Таткуз 2 пакета '
                'Озон, Пауэрз скорее всего 1 пакет Озон и и могу предположить '
                '7 коробок с инструментами: \n'
                'Келаст:\n'
                '2608-160135-30061 - 3 кг (ремни)\n'
                'Таткуз:\n'
                '2608-189487-35152 - 15 кг\n'
                '2608-181357-51686 - 1 кг\n'
                'Пауэрз:\n'
                '2609-180075-06324 - 2 кг\n'
                '2609-180088-54095 - 64 кг\n'
                '2609-184318-05733 - 0,2 кг\n'
                '2608-189777-79859 - 2 кг\n',
 'ufCrm18Insurance': 0.0,
 'ufCrm18NetWeigth': 0.0,
 'ufCrm18PackingType': '',
 'ufCrm18Payment': 'Организация',
 'ufCrm18Products': ' Ремень стяжной с храповым механизмом 6м, 2т - 2 Штука',
 'ufCrm18Recipient': 'Келаст, ИНН ',
 'ufCrm18RecipientAddress': '173526, Новгородская обл, р-н Новгородский, рп '
                            'Панковка, ул Индустриальная, д. 18А, офис 1',
 'ufCrm18RecipientContact': 'Шаляпина Марина Сергеевна, +7+79210250050',
 'ufCrm18Shipper': 'ООО "КЕЛАСТ"',
 'ufCrm18Shipper2': 'ВСЕИНСТРУМЕНТЫ.РУ ООО',
 'ufCrm18ShipperContact': 'Зотова Екатерина Николаевна, 8005503770',
 'ufCrm18ShippingAddress': '',
 'ufCrm18ShippingAddress2': 'В. Новгород, ул. Б.Санкт-Петербургская, д. 39 '
                            'Режим работы: 10-20 ПН-ВС',
 'ufCrm18ShippingMethod': 'На усмотрение транспортной службы',
 'ufCrm18Volume': 0.0,
 'xmlId': '2506f1a0-aa91-11f1-a4bb-30e1716be59f'}
INFO:     192.168.100.50:60836 - "POST /hs/mes/exchange/v1/order-delivery/ HTTP/1.1" 200 OK
INFO:root:zp_etaps: obj_full_name='ДокументОбъект.ЭтапПроизводства2_2' GUID=UUID('2b14caf3-aa91-11f1-a4bb-30e1716be59f') action_type='MES.ERP/ЗП.Этапы.КонтрольИзменений' is_test=False status='Формируется' is_deleted=False timestamp=1788778399
INFO:root:Запись завершена, результат: 1201016

2026-09-07 10:31:59 Load req
"INSERT INTO exchange(key, queue, data, is_test) VALUES (?, ?, ?, ?)"
 from db: 0.025373 secs.

2026-09-07 10:32:00 Load req
"INSERT INTO exchange(key, queue, data, is_test) VALUES (?, ?, ?, ?)"
 from db: 0.022268 secs.

2026-09-07 10:32:01 Load req
"INSERT INTO exchange(key, queue, data, is_test) VALUES (?, ?, ?, ?)"
 from db: 0.021245 secs.

2026-09-07 10:32:01 Load req
"INSERT INTO exchange(key, queue, data, is_test) VALUES (?, ?, ?, ?)"
 from db: 0.031318 secs.

2026-09-07 10:32:02 Load req
"INSERT INTO exchange(key, queue, data, is_test) VALUES (?, ?, ?, ?)"
 from db: 0.021947 secs.

2026-09-07 10:32:03 Load req
"INSERT INTO exchange(key, queue, data, is_test) VALUES (?, ?, ?, ?)"
 from db: 0.018868 secs.

2026-09-07 10:32:04 Load req
"INSERT INTO exchange(key, queue, data, is_test) VALUES (?, ?, ?, ?)"
 from db: 0.02111 secs.

2026-09-07 10:32:48 Load req
"
            SELECT id, key, queue, finished, message_status, chat_accepted, is_test
            FROM exchange
            WHERE queue = ? AND key = ?
            ORDER BY id DESC
            LIMIT 1;
            "
 from db: 0.380588 secs.

2026-09-07 10:32:48 Load req
"
            INSERT INTO exchange(key, queue, data, finished, is_test)
            VALUES (?, ?, ?, 0, ?)
            RETURNING id;
            "
 from db: 0.021226 secs.

{'ok': True, 'accepted': True, 'task_id': 1200995, 'is_test_base': '0', 'queue': 'MES.ERP/ЗП.Этапы.КонтрольИзменений', 'detail': 'Событие принято.'}
/ping ошибка:  name 'for_1c' is not defined
/ping ошибка:  name 'for_1c' is not defined
2026-09-07 10:34:51 Load req
"
            SELECT id, key, queue, finished, message_status, chat_accepted, is_test
            FROM exchange
            WHERE queue = ? AND key = ?
            ORDER BY id DESC
            LIMIT 1;
            "
 from db: 0.413034 secs.

2026-09-07 10:34:51 Load req
"
            INSERT INTO exchange(key, queue, data, finished, is_test)
            VALUES (?, ?, ?, 0, ?)
            RETURNING id;
            "
 from db: 0.021078 secs.

{'ok': True, 'accepted': True, 'task_id': 1200997, 'is_test_base': '0', 'queue': 'MES.ERP/ЗП.Этапы.КонтрольИзменений', 'detail': 'Событие принято.'}
2026-09-07 10:36:31 Load req
"INSERT INTO exchange(key, queue, data, is_test) VALUES (?, ?, ?, ?)"
 from db: 0.031461 secs.

2026-09-07 10:36:44 Load req
"INSERT INTO exchange(key, queue, data, is_test) VALUES (?, ?, ?, ?)"
 from db: 0.035307 secs.

2026-09-07 10:37:01 Load req
"INSERT INTO exchange(key, queue, data, is_test) VALUES (?, ?, ?, ?)"
 from db: 0.009947 secs.

2026-09-07 10:42:01 Load req
"INSERT INTO exchange(key, queue, data, is_test) VALUES (?, ?, ?, ?)"
 from db: 0.02277 secs.

2026-09-07 10:44:08 Load req
"
            SELECT id, key, queue, finished, message_status, chat_accepted, is_test
            FROM exchange
            WHERE queue = ? AND key = ?
            ORDER BY id DESC
            LIMIT 1;
            "
 from db: 0.401067 secs.

2026-09-07 10:44:08 Load req
"
            INSERT INTO exchange(key, queue, data, finished, is_test)
            VALUES (?, ?, ?, 0, ?)
            RETURNING id;
            "
 from db: 0.020326 secs.

{'ok': True, 'accepted': True, 'task_id': 1201003, 'is_test_base': '0', 'queue': 'MES.ERP/ЗП.Этапы.КонтрольИзменений', 'detail': 'Событие принято.'}
2026-09-07 10:46:08 Load req
"
            SELECT id, key, queue, finished, message_status, chat_accepted, is_test
            FROM exchange
            WHERE queue = ? AND key = ?
            ORDER BY id DESC
            LIMIT 1;
            "
 from db: 0.376069 secs.

2026-09-07 10:46:08 Load req
"
            INSERT INTO exchange(key, queue, data, finished, is_test)
            VALUES (?, ?, ?, 0, ?)
            RETURNING id;
            "
 from db: 0.011699 secs.

{'ok': True, 'accepted': True, 'task_id': 1201004, 'is_test_base': '0', 'queue': 'MES.ERP/ЗП.Этапы.КонтрольИзменений', 'detail': 'Событие принято.'}
2026-09-07 10:46:09 Load req
"INSERT INTO exchange(key, queue, data, is_test) VALUES (?, ?, ?, ?)"
 from db: 0.020006 secs.

2026-09-07 10:47:01 Load req
"INSERT INTO exchange(key, queue, data, is_test) VALUES (?, ?, ?, ?)"
 from db: 0.020351 secs.

2026-09-07 10:50:19 Load req
"
            SELECT id, key, queue, finished, message_status, chat_accepted, is_test
            FROM exchange
            WHERE queue = ? AND key = ?
            ORDER BY id DESC
            LIMIT 1;
            "
 from db: 0.387476 secs.

2026-09-07 10:50:20 Load req
"
            INSERT INTO exchange(key, queue, data, finished, is_test)
            VALUES (?, ?, ?, 0, ?)
            RETURNING id;
            "
 from db: 0.020495 secs.

{'ok': True, 'accepted': True, 'task_id': 1201009, 'is_test_base': '0', 'queue': 'MES.ERP/ЗП.Этапы.КонтрольИзменений', 'detail': 'Событие принято.'}
2026-09-07 10:50:52 Load req
"INSERT INTO exchange(key, queue, data, is_test) VALUES (?, ?, ?, ?)"
 from db: 0.021878 secs.

2026-09-07 10:51:49 Load req
"
            SELECT id, key, queue, finished, message_status, chat_accepted, is_test
            FROM exchange
            WHERE queue = ? AND key = ?
            ORDER BY id DESC
            LIMIT 1;
            "
 from db: 0.377711 secs.

2026-09-07 10:51:49 Load req
"
            INSERT INTO exchange(key, queue, data, finished, is_test)
            VALUES (?, ?, ?, 0, ?)
            RETURNING id;
            "
 from db: 0.012541 secs.

{'ok': True, 'accepted': True, 'task_id': 1201011, 'is_test_base': '0', 'queue': 'MES.ERP/ЗП.Этапы.КонтрольИзменений', 'detail': 'Событие принято.'}
2026-09-07 10:52:01 Load req
"INSERT INTO exchange(key, queue, data, is_test) VALUES (?, ?, ?, ?)"
 from db: 0.030722 secs.

2026-09-07 10:52:47 Load req
"
            SELECT id, key, queue, finished, message_status, chat_accepted, is_test
            FROM exchange
            WHERE queue = ? AND key = ?
            ORDER BY id DESC
            LIMIT 1;
            "
 from db: 0.369296 secs.

2026-09-07 10:52:47 Load req
"
            INSERT INTO exchange(key, queue, data, finished, is_test)
            VALUES (?, ?, ?, 0, ?)
            RETURNING id;
            "
 from db: 0.020447 secs.

{'ok': True, 'accepted': True, 'task_id': 1201013, 'is_test_base': '0', 'queue': 'MES.ERP/ЗП.Этапы.КонтрольИзменений', 'detail': 'Событие принято.'}
2026-09-07 10:52:53 Load req
"
            SELECT id, key, queue, finished, message_status, chat_accepted, is_test
            FROM exchange
            WHERE queue = ? AND key = ?
            ORDER BY id DESC
            LIMIT 1;
            "
 from db: 0.449488 secs.

2026-09-07 10:52:53 Load req
"
            INSERT INTO exchange(key, queue, data, finished, is_test)
            VALUES (?, ?, ?, 0, ?)
            RETURNING id;
            "
 from db: 0.011967 secs.

{'ok': True, 'accepted': True, 'task_id': 1201014, 'is_test_base': '0', 'queue': 'MES.ERP/ЗП.Этапы.КонтрольИзменений', 'detail': 'Событие принято.'}
2026-09-07 10:53:06 Load req
"INSERT INTO exchange(key, queue, data, is_test) VALUES (?, ?, ?, ?)"
 from db: 0.021965 secs.

2026-09-07 10:53:19 Load req
"
            SELECT id, key, queue, finished, message_status, chat_accepted, is_test
            FROM exchange
            WHERE queue = ? AND key = ?
            ORDER BY id DESC
            LIMIT 1;
            "
 from db: 0.380049 secs.

2026-09-07 10:53:19 Load req
"
            INSERT INTO exchange(key, queue, data, finished, is_test)
            VALUES (?, ?, ?, 0, ?)
            RETURNING id;
            "
 from db: 0.010724 secs.

{'ok': True, 'accepted': True, 'task_id': 1201016, 'is_test_base': '0', 'queue': 'MES.ERP/ЗП.Этапы.КонтрольИзменений', 'detail': 'Событие принято.'}INFO:     192.168.100.50:60872 - "POST /hs/mes/exchange/v1/zp_etaps/changes/ HTTP/1.1" 200 OK
INFO:root:zp_etaps: obj_full_name='ДокументОбъект.ЭтапПроизводства2_2' GUID=UUID('2b14caf5-aa91-11f1-a4bb-30e1716be59f') action_type='MES.ERP/ЗП.Этапы.КонтрольИзменений' is_test=False status='Формируется' is_deleted=False timestamp=1788778400
INFO:root:Запись завершена, результат: 1201017
INFO:     192.168.100.50:60875 - "POST /hs/mes/exchange/v1/zp_etaps/changes/ HTTP/1.1" 200 OK
INFO:root:zp_etaps: obj_full_name='ДокументОбъект.ЭтапПроизводства2_2' GUID=UUID('2b14caf7-aa91-11f1-a4bb-30e1716be59f') action_type='MES.ERP/ЗП.Этапы.КонтрольИзменений' is_test=False status='Формируется' is_deleted=False timestamp=1788778401
INFO:root:Запись завершена, результат: 1201018
INFO:     192.168.100.50:60877 - "POST /hs/mes/exchange/v1/zp_etaps/changes/ HTTP/1.1" 200 OK
INFO:root:zp_etaps: obj_full_name='ДокументОбъект.ЭтапПроизводства2_2' GUID=UUID('2b14caf9-aa91-11f1-a4bb-30e1716be59f') action_type='MES.ERP/ЗП.Этапы.КонтрольИзменений' is_test=False status='Формируется' is_deleted=False timestamp=1788778402
INFO:root:Запись завершена, результат: 1201019
INFO:     192.168.100.50:60878 - "POST /hs/mes/exchange/v1/zp_etaps/changes/ HTTP/1.1" 200 OK
INFO:root:zp_etaps: obj_full_name='ДокументОбъект.ЭтапПроизводства2_2' GUID=UUID('2b14cafb-aa91-11f1-a4bb-30e1716be59f') action_type='MES.ERP/ЗП.Этапы.КонтрольИзменений' is_test=False status='Формируется' is_deleted=False timestamp=1788778403
INFO:root:Запись завершена, результат: 1201020
INFO:     192.168.100.50:60883 - "POST /hs/mes/exchange/v1/zp_etaps/changes/ HTTP/1.1" 200 OK
INFO:root:zp_etaps: obj_full_name='ДокументОбъект.ЭтапПроизводства2_2' GUID=UUID('2b14cafd-aa91-11f1-a4bb-30e1716be59f') action_type='MES.ERP/ЗП.Этапы.КонтрольИзменений' is_test=False status='Формируется' is_deleted=False timestamp=1788778405
INFO:root:Запись завершена, результат: 1201021
INFO:     192.168.100.50:60890 - "POST /hs/mes/exchange/v1/zp_etaps/changes/ HTTP/1.1" 200 OK
INFO:root:zp_etaps: obj_full_name='ДокументОбъект.ЭтапПроизводства2_2' GUID=UUID('2b14caff-aa91-11f1-a4bb-30e1716be59f') action_type='MES.ERP/ЗП.Этапы.КонтрольИзменений' is_test=False status='Формируется' is_deleted=False timestamp=1788778406
INFO:root:Запись завершена, результат: 1201022
INFO:     192.168.100.50:60900 - "POST /hs/mes/exchange/v1/zp_etaps/changes/ HTTP/1.1" 200 OK
INFO:root:zp_etaps: obj_full_name='ДокументОбъект.ЭтапПроизводства2_2' GUID=UUID('2b14cb01-aa91-11f1-a4bb-30e1716be59f') action_type='MES.ERP/ЗП.Этапы.КонтрольИзменений' is_test=False status='Формируется' is_deleted=False timestamp=1788778407
INFO:root:Запись завершена, результат: 1201023
INFO:     192.168.100.50:60904 - "POST /hs/mes/exchange/v1/zp_etaps/changes/ HTTP/1.1" 200 OK
INFO:root:zp_etaps: obj_full_name='ДокументОбъект.ЭтапПроизводства2_2' GUID=UUID('2b14cb03-aa91-11f1-a4bb-30e1716be59f') action_type='MES.ERP/ЗП.Этапы.КонтрольИзменений' is_test=False status='Формируется' is_deleted=False timestamp=1788778408
INFO:root:Запись завершена, результат: 1201024
INFO:     192.168.100.50:60913 - "POST /hs/mes/exchange/v1/zp_etaps/changes/ HTTP/1.1" 200 OK
INFO:root:zp_etaps: obj_full_name='ДокументОбъект.ЭтапПроизводства2_2' GUID=UUID('2b14cb05-aa91-11f1-a4bb-30e1716be59f') action_type='MES.ERP/ЗП.Этапы.КонтрольИзменений' is_test=False status='Формируется' is_deleted=False timestamp=1788778409
INFO:root:Запись завершена, результат: 1201025
INFO:     192.168.100.50:60920 - "POST /hs/mes/exchange/v1/zp_etaps/changes/ HTTP/1.1" 200 OK
INFO:root:zp_etaps: obj_full_name='ДокументОбъект.ЭтапПроизводства2_2' GUID=UUID('2b14cb07-aa91-11f1-a4bb-30e1716be59f') action_type='MES.ERP/ЗП.Этапы.КонтрольИзменений' is_test=False status='Формируется' is_deleted=False timestamp=1788778410
INFO:root:Запись завершена, результат: 1201026
INFO:     192.168.100.50:60926 - "POST /hs/mes/exchange/v1/zp_etaps/changes/ HTTP/1.1" 200 OK
INFO:root:zp_etaps: obj_full_name='ДокументОбъект.ЭтапПроизводства2_2' GUID=UUID('2b14cb09-aa91-11f1-a4bb-30e1716be59f') action_type='MES.ERP/ЗП.Этапы.КонтрольИзменений' is_test=False status='Формируется' is_deleted=False timestamp=1788778412
INFO:root:Запись завершена, результат: 1201027
INFO:     192.168.100.50:60931 - "POST /hs/mes/exchange/v1/zp_etaps/changes/ HTTP/1.1" 200 OK
INFO:root:zp_etaps: obj_full_name='ДокументОбъект.ЭтапПроизводства2_2' GUID=UUID('2b14cb0b-aa91-11f1-a4bb-30e1716be59f') action_type='MES.ERP/ЗП.Этапы.КонтрольИзменений' is_test=False status='Формируется' is_deleted=False timestamp=1788778413
INFO:root:Запись завершена, результат: 1201028
INFO:     192.168.100.50:60932 - "POST /hs/mes/exchange/v1/zp_etaps/changes/ HTTP/1.1" 200 OK
INFO:     192.168.17.97:58016 - "POST /authenticate HTTP/1.1" 200 OK
INFO:root:zp_etaps: obj_full_name='ДокументОбъект.ЭтапПроизводства2_2' GUID=UUID('2b14cb0d-aa91-11f1-a4bb-30e1716be59f') action_type='MES.ERP/ЗП.Этапы.КонтрольИзменений' is_test=False status='Формируется' is_deleted=False timestamp=1788778414

2026-09-07 10:53:20 Load req
"
            SELECT id, key, queue, finished, message_status, chat_accepted, is_test
            FROM exchange
            WHERE queue = ? AND key = ?
            ORDER BY id DESC
            LIMIT 1;
            "
 from db: 0.376801 secs.

2026-09-07 10:53:20 Load req
"
            INSERT INTO exchange(key, queue, data, finished, is_test)
            VALUES (?, ?, ?, 0, ?)
            RETURNING id;
            "
 from db: 0.012232 secs.

{'ok': True, 'accepted': True, 'task_id': 1201017, 'is_test_base': '0', 'queue': 'MES.ERP/ЗП.Этапы.КонтрольИзменений', 'detail': 'Событие принято.'}
2026-09-07 10:53:21 Load req
"
            SELECT id, key, queue, finished, message_status, chat_accepted, is_test
            FROM exchange
            WHERE queue = ? AND key = ?
            ORDER BY id DESC
            LIMIT 1;
            "
 from db: 0.343088 secs.

2026-09-07 10:53:21 Load req
"
            INSERT INTO exchange(key, queue, data, finished, is_test)
            VALUES (?, ?, ?, 0, ?)
            RETURNING id;
            "
 from db: 0.011122 secs.

{'ok': True, 'accepted': True, 'task_id': 1201018, 'is_test_base': '0', 'queue': 'MES.ERP/ЗП.Этапы.КонтрольИзменений', 'detail': 'Событие принято.'}
2026-09-07 10:53:22 Load req
"
            SELECT id, key, queue, finished, message_status, chat_accepted, is_test
            FROM exchange
            WHERE queue = ? AND key = ?
            ORDER BY id DESC
            LIMIT 1;
            "
 from db: 0.376314 secs.

2026-09-07 10:53:22 Load req
"
            INSERT INTO exchange(key, queue, data, finished, is_test)
            VALUES (?, ?, ?, 0, ?)
            RETURNING id;
            "
 from db: 0.019235 secs.

{'ok': True, 'accepted': True, 'task_id': 1201019, 'is_test_base': '0', 'queue': 'MES.ERP/ЗП.Этапы.КонтрольИзменений', 'detail': 'Событие принято.'}
2026-09-07 10:53:24 Load req
"
            SELECT id, key, queue, finished, message_status, chat_accepted, is_test
            FROM exchange
            WHERE queue = ? AND key = ?
            ORDER BY id DESC
            LIMIT 1;
            "
 from db: 0.378213 secs.

2026-09-07 10:53:24 Load req
"
            INSERT INTO exchange(key, queue, data, finished, is_test)
            VALUES (?, ?, ?, 0, ?)
            RETURNING id;
            "
 from db: 0.009994 secs.

{'ok': True, 'accepted': True, 'task_id': 1201020, 'is_test_base': '0', 'queue': 'MES.ERP/ЗП.Этапы.КонтрольИзменений', 'detail': 'Событие принято.'}
2026-09-07 10:53:25 Load req
"
            SELECT id, key, queue, finished, message_status, chat_accepted, is_test
            FROM exchange
            WHERE queue = ? AND key = ?
            ORDER BY id DESC
            LIMIT 1;
            "
 from db: 0.471364 secs.

2026-09-07 10:53:25 Load req
"
            INSERT INTO exchange(key, queue, data, finished, is_test)
            VALUES (?, ?, ?, 0, ?)
            RETURNING id;
            "
 from db: 0.011891 secs.

{'ok': True, 'accepted': True, 'task_id': 1201021, 'is_test_base': '0', 'queue': 'MES.ERP/ЗП.Этапы.КонтрольИзменений', 'detail': 'Событие принято.'}
2026-09-07 10:53:26 Load req
"
            SELECT id, key, queue, finished, message_status, chat_accepted, is_test
            FROM exchange
            WHERE queue = ? AND key = ?
            ORDER BY id DESC
            LIMIT 1;
            "
 from db: 0.363439 secs.

2026-09-07 10:53:26 Load req
"
            INSERT INTO exchange(key, queue, data, finished, is_test)
            VALUES (?, ?, ?, 0, ?)
            RETURNING id;
            "
 from db: 0.01965 secs.

{'ok': True, 'accepted': True, 'task_id': 1201022, 'is_test_base': '0', 'queue': 'MES.ERP/ЗП.Этапы.КонтрольИзменений', 'detail': 'Событие принято.'}
2026-09-07 10:53:27 Load req
"
            SELECT id, key, queue, finished, message_status, chat_accepted, is_test
            FROM exchange
            WHERE queue = ? AND key = ?
            ORDER BY id DESC
            LIMIT 1;
            "
 from db: 0.440257 secs.

2026-09-07 10:53:27 Load req
"
            INSERT INTO exchange(key, queue, data, finished, is_test)
            VALUES (?, ?, ?, 0, ?)
            RETURNING id;
            "
 from db: 0.021931 secs.

{'ok': True, 'accepted': True, 'task_id': 1201023, 'is_test_base': '0', 'queue': 'MES.ERP/ЗП.Этапы.КонтрольИзменений', 'detail': 'Событие принято.'}
2026-09-07 10:53:29 Load req
"
            SELECT id, key, queue, finished, message_status, chat_accepted, is_test
            FROM exchange
            WHERE queue = ? AND key = ?
            ORDER BY id DESC
            LIMIT 1;
            "
 from db: 0.491624 secs.

2026-09-07 10:53:29 Load req
"
            INSERT INTO exchange(key, queue, data, finished, is_test)
            VALUES (?, ?, ?, 0, ?)
            RETURNING id;
            "
 from db: 0.01124 secs.

{'ok': True, 'accepted': True, 'task_id': 1201024, 'is_test_base': '0', 'queue': 'MES.ERP/ЗП.Этапы.КонтрольИзменений', 'detail': 'Событие принято.'}
2026-09-07 10:53:30 Load req
"
            SELECT id, key, queue, finished, message_status, chat_accepted, is_test
            FROM exchange
            WHERE queue = ? AND key = ?
            ORDER BY id DESC
            LIMIT 1;
            "
 from db: 0.379597 secs.

2026-09-07 10:53:30 Load req
"
            INSERT INTO exchange(key, queue, data, finished, is_test)
            VALUES (?, ?, ?, 0, ?)
            RETURNING id;
            "
 from db: 0.017086 secs.

{'ok': True, 'accepted': True, 'task_id': 1201025, 'is_test_base': '0', 'queue': 'MES.ERP/ЗП.Этапы.КонтрольИзменений', 'detail': 'Событие принято.'}
2026-09-07 10:53:31 Load req
"
            SELECT id, key, queue, finished, message_status, chat_accepted, is_test
            FROM exchange
            WHERE queue = ? AND key = ?
            ORDER BY id DESC
            LIMIT 1;
            "
 from db: 0.383367 secs.

2026-09-07 10:53:31 Load req
"
            INSERT INTO exchange(key, queue, data, finished, is_test)
            VALUES (?, ?, ?, 0, ?)
            RETURNING id;
            "
 from db: 0.019098 secs.

{'ok': True, 'accepted': True, 'task_id': 1201026, 'is_test_base': '0', 'queue': 'MES.ERP/ЗП.Этапы.КонтрольИзменений', 'detail': 'Событие принято.'}
2026-09-07 10:53:32 Load req
"
            SELECT id, key, queue, finished, message_status, chat_accepted, is_test
            FROM exchange
            WHERE queue = ? AND key = ?
            ORDER BY id DESC
            LIMIT 1;
            "
 from db: 0.379436 secs.

2026-09-07 10:53:32 Load req
"
            INSERT INTO exchange(key, queue, data, finished, is_test)
            VALUES (?, ?, ?, 0, ?)
            RETURNING id;
            "
 from db: 0.019975 secs.

{'ok': True, 'accepted': True, 'task_id': 1201027, 'is_test_base': '0', 'queue': 'MES.ERP/ЗП.Этапы.КонтрольИзменений', 'detail': 'Событие принято.'}
2026-09-07 10:53:33 Load req
"
            SELECT id, key, queue, finished, message_status, chat_accepted, is_test
            FROM exchange
            WHERE queue = ? AND key = ?
            ORDER BY id DESC
            LIMIT 1;
            "
 from db: 0.361366 secs.

2026-09-07 10:53:33 Load req
"
            INSERT INTO exchange(key, queue, data, finished, is_test)
            VALUES (?, ?, ?, 0, ?)
            RETURNING id;
            "
 from db: 0.020357 secs.

{'ok': True, 'accepted': True, 'task_id': 1201028, 'is_test_base': '0', 'queue': 'MES.ERP/ЗП.Этапы.КонтрольИзменений', 'detail': 'Событие принято.'}
2026-09-07 10:53:34 Load req
"
            SELECT id, key, queue, finished, message_status, chat_accepted, is_test
            FROM exchange
            WHERE queue = ? AND key = ?
            ORDER BY id DESC
            LIMIT 1;
            "
 from db: 0.421469 secs.
INFO:root:Запись завершена, результат: 1201029
INFO:     192.168.100.50:60934 - "POST /hs/mes/exchange/v1/zp_etaps/changes/ HTTP/1.1" 200 OK
INFO:root:zp_etaps: obj_full_name='ДокументОбъект.ЭтапПроизводства2_2' GUID=UUID('2b14cb0f-aa91-11f1-a4bb-30e1716be59f') action_type='MES.ERP/ЗП.Этапы.КонтрольИзменений' is_test=False status='Формируется' is_deleted=False timestamp=1788778415
INFO:root:Запись завершена, результат: 1201030
INFO:     192.168.100.50:60936 - "POST /hs/mes/exchange/v1/zp_etaps/changes/ HTTP/1.1" 200 OK
INFO:root:zp_etaps: obj_full_name='ДокументОбъект.ЭтапПроизводства2_2' GUID=UUID('2b14cb11-aa91-11f1-a4bb-30e1716be59f') action_type='MES.ERP/ЗП.Этапы.КонтрольИзменений' is_test=False status='Формируется' is_deleted=False timestamp=1788778416
INFO:root:Запись завершена, результат: 1201031
INFO:     192.168.100.50:60940 - "POST /hs/mes/exchange/v1/zp_etaps/changes/ HTTP/1.1" 200 OK
INFO:root:zp_etaps: obj_full_name='ДокументОбъект.ЭтапПроизводства2_2' GUID=UUID('2b14cb13-aa91-11f1-a4bb-30e1716be59f') action_type='MES.ERP/ЗП.Этапы.КонтрольИзменений' is_test=False status='Формируется' is_deleted=False timestamp=1788778417
INFO:root:Запись завершена, результат: 1201032
INFO:     192.168.100.50:60941 - "POST /hs/mes/exchange/v1/zp_etaps/changes/ HTTP/1.1" 200 OK
INFO:root:zp_etaps: obj_full_name='ДокументОбъект.ЭтапПроизводства2_2' GUID=UUID('93025588-a155-11f1-a4b9-30e1716be59e') action_type='MES.ERP/ЗП.Этапы.КонтрольИзменений' is_test=False status='Начат' is_deleted=False timestamp=1788778442
INFO:root:Запись завершена, результат: 1201033
INFO:     192.168.100.50:60981 - "POST /hs/mes/exchange/v1/zp_etaps/changes/ HTTP/1.1" 200 OK
INFO:root:zp_etaps: obj_full_name='ДокументОбъект.ЭтапПроизводства2_2' GUID=UUID('93025588-a155-11f1-a4b9-30e1716be59e') action_type='MES.ERP/ЗП.Этапы.КонтрольИзменений' is_test=False status='Начат' is_deleted=False timestamp=1788778458
INFO:root:Запись завершена, результат: 1201034
INFO:     192.168.100.50:61013 - "POST /hs/mes/exchange/v1/zp_etaps/changes/ HTTP/1.1" 200 OK
INFO:root:zp_etaps: obj_full_name='ДокументОбъект.ЭтапПроизводства2_2' GUID=UUID('c32d7d79-a155-11f1-a4b9-30e1716be59e') action_type='MES.ERP/ЗП.Этапы.КонтрольИзменений' is_test=False status='Начат' is_deleted=False timestamp=1788778476
INFO:root:Запись завершена, результат: 1201035
INFO:     192.168.100.50:61055 - "POST /hs/mes/exchange/v1/zp_etaps/changes/ HTTP/1.1" 200 OK
INFO:root:zp_etaps: obj_full_name='ДокументОбъект.ЭтапПроизводства2_2' GUID=UUID('eaa5f988-8fe6-11f1-a4b5-30e1716be59f') action_type='MES.ERP/ЗП.Этапы.КонтрольИзменений' is_test=False status='Завершен' is_deleted=False timestamp=1788778479
INFO:root:Запись завершена, результат: 1201036
INFO:     192.168.100.50:61062 - "POST /hs/mes/exchange/v1/zp_etaps/changes/ HTTP/1.1" 200 OK
INFO:root:zp_etaps: obj_full_name='ДокументОбъект.ЭтапПроизводства2_2' GUID=UUID('3360e1e8-1c52-11f1-a499-30e1716be59f') action_type='MES.ERP/ЗП.Этапы.КонтрольИзменений' is_test=False status='Начат' is_deleted=False timestamp=1788778495
INFO:root:Запись завершена, результат: 1201037
INFO:     192.168.100.50:61096 - "POST /hs/mes/exchange/v1/zp_etaps/changes/ HTTP/1.1" 200 OK
INFO:     192.168.17.97:58020 - "POST /check-actual-password HTTP/1.1" 200 OK
INFO:root:zp_etaps: obj_full_name='ДокументОбъект.ЭтапПроизводства2_2' GUID=UUID('3360e200-1c52-11f1-a499-30e1716be59f') action_type='MES.ERP/ЗП.Этапы.КонтрольИзменений' is_test=False status='Начат' is_deleted=False timestamp=1788778520
INFO:root:Запись завершена, результат: 1201038
INFO:     192.168.100.50:61135 - "POST /hs/mes/exchange/v1/zp_etaps/changes/ HTTP/1.1" 200 OK
INFO:     IS_TEST_BASE: '0'
INFO:     [bitrix24.ЗаказПоставщику.СинхронизацияЗаказа/ТабличнойЧасти] Ответ успешно принят: {'DeletionMark': False,
 'Ref_Key': '51265522-a2c1-11f1-a4b9-30e1716be59e',
 'data_version': 'AAAAAATeS0g=',
 'description': 'ПУ00-002548 от 28.08.2026',
 'products': [{'Ref_Key': 'e0dc242c-3cc0-11e8-80cf-4ccc6a67082d',
               'count': 2.0,
               'description': 'Услуги по химчистки спецодежды',
               'measure_code': 'NULL',
               'measure_code_nomen': 'Штука',
               'measure_code_pos': 'NULL',
               'price': 240.0,
               'ratio_for_report': 1.0},
              {'Ref_Key': 'e0dc242c-3cc0-11e8-80cf-4ccc6a67082d',
               'count': 2.0,
               'description': 'Услуги по химчистки спецодежды',
               'measure_code': 'NULL',
               'measure_code_nomen': 'Штука',
               'measure_code_pos': 'NULL',
               'price': 240.0,
               'ratio_for_report': 1.0},
              {'Ref_Key': 'e0dc242c-3cc0-11e8-80cf-4ccc6a67082d',
               'count': 1.0,
               'description': 'Услуги по химчистки спецодежды',
               'measure_code': 'NULL',
               'measure_code_nomen': 'Штука',
               'measure_code_pos': 'NULL',
               'price': 145.0,
               'ratio_for_report': 1.0}],
 'status': 'Подтвержден'}
INFO:     192.168.100.50:61154 - "POST /hs/mes/exchange/v1/order-supplier/ HTTP/1.1" 200 OK
INFO:root:zp_etaps: obj_full_name='ДокументОбъект.ЭтапПроизводства2_2' GUID=UUID('93025588-a155-11f1-a4b9-30e1716be59e') action_type='MES.ERP/ЗП.Этапы.КонтрольИзменений' is_test=False status='Начат' is_deleted=False timestamp=1788778541
INFO:root:Запись завершена, результат: 1201040
INFO:     192.168.100.50:61170 - "POST /hs/mes/exchange/v1/zp_etaps/changes/ HTTP/1.1" 200 OK
INFO:root:zp_etaps: obj_full_name='ДокументОбъект.ЭтапПроизводства2_2' GUID=UUID('2b14caf3-aa91-11f1-a4bb-30e1716be59f') action_type='MES.ERP/ЗП.Этапы.КонтрольИзменений' is_test=False status='Сформирован' is_deleted=False timestamp=1788778544
INFO:root:Запись завершена, результат: 1201041
INFO:     192.168.100.50:61175 - "POST /hs/mes/exchange/v1/zp_etaps/changes/ HTTP/1.1" 200 OK
INFO:     192.168.17.48:56411 - "POST /authenticate HTTP/1.1" 200 OK
INFO:     IS_TEST_BASE: '0'
INFO:     [bitrix24.РаспоряжениеНаДоставку/Упаковка.СинхронизацияТабличнойЧастиУпаковки] Ответ успешно принят: {'deletion_mark': False,
 'parent_ref': '2506f1a0-aa91-11f1-a4bb-30e1716be59f',
 'title': 'Упаковка 000007586 от 07.09.2026 10:56:04',
 'ufCrm21Dimentions': '400x50x500',
 'ufCrm21Height': 500.0,
 'ufCrm21Length': 400.0,
 'ufCrm21Number': 1,
 'ufCrm21PackingType': '',
 'ufCrm21Volume': 0.01,
 'ufCrm21WeightGross': 3.0,
 'ufCrm21WeightNet': 3.0,
 'ufCrm21Width': 50.0,
 'xmlId': '8e179f1b-aa91-11f1-a4bb-30e1716be59f'}

2026-09-07 10:53:34 Load req
"
            INSERT INTO exchange(key, queue, data, finished, is_test)
            VALUES (?, ?, ?, 0, ?)
            RETURNING id;
            "
 from db: 0.029452 secs.

{'ok': True, 'accepted': True, 'task_id': 1201029, 'is_test_base': '0', 'queue': 'MES.ERP/ЗП.Этапы.КонтрольИзменений', 'detail': 'Событие принято.'}
2026-09-07 10:53:35 Load req
"
            SELECT id, key, queue, finished, message_status, chat_accepted, is_test
            FROM exchange
            WHERE queue = ? AND key = ?
            ORDER BY id DESC
            LIMIT 1;
            "
 from db: 0.385735 secs.

2026-09-07 10:53:35 Load req
"
            INSERT INTO exchange(key, queue, data, finished, is_test)
            VALUES (?, ?, ?, 0, ?)
            RETURNING id;
            "
 from db: 0.018959 secs.

{'ok': True, 'accepted': True, 'task_id': 1201030, 'is_test_base': '0', 'queue': 'MES.ERP/ЗП.Этапы.КонтрольИзменений', 'detail': 'Событие принято.'}
2026-09-07 10:53:36 Load req
"
            SELECT id, key, queue, finished, message_status, chat_accepted, is_test
            FROM exchange
            WHERE queue = ? AND key = ?
            ORDER BY id DESC
            LIMIT 1;
            "
 from db: 0.376483 secs.

2026-09-07 10:53:36 Load req
"
            INSERT INTO exchange(key, queue, data, finished, is_test)
            VALUES (?, ?, ?, 0, ?)
            RETURNING id;
            "
 from db: 0.019474 secs.

{'ok': True, 'accepted': True, 'task_id': 1201031, 'is_test_base': '0', 'queue': 'MES.ERP/ЗП.Этапы.КонтрольИзменений', 'detail': 'Событие принято.'}
2026-09-07 10:53:38 Load req
"
            SELECT id, key, queue, finished, message_status, chat_accepted, is_test
            FROM exchange
            WHERE queue = ? AND key = ?
            ORDER BY id DESC
            LIMIT 1;
            "
 from db: 0.387094 secs.

2026-09-07 10:53:38 Load req
"
            INSERT INTO exchange(key, queue, data, finished, is_test)
            VALUES (?, ?, ?, 0, ?)
            RETURNING id;
            "
 from db: 0.019725 secs.

{'ok': True, 'accepted': True, 'task_id': 1201032, 'is_test_base': '0', 'queue': 'MES.ERP/ЗП.Этапы.КонтрольИзменений', 'detail': 'Событие принято.'}
2026-09-07 10:54:02 Load req
"
            SELECT id, key, queue, finished, message_status, chat_accepted, is_test
            FROM exchange
            WHERE queue = ? AND key = ?
            ORDER BY id DESC
            LIMIT 1;
            "
 from db: 0.354683 secs.

2026-09-07 10:54:02 Load req
"
            INSERT INTO exchange(key, queue, data, finished, is_test)
            VALUES (?, ?, ?, 0, ?)
            RETURNING id;
            "
 from db: 0.010141 secs.

{'ok': True, 'accepted': True, 'task_id': 1201033, 'is_test_base': '0', 'queue': 'MES.ERP/ЗП.Этапы.КонтрольИзменений', 'detail': 'Событие принято.'}
2026-09-07 10:54:18 Load req
"
            SELECT id, key, queue, finished, message_status, chat_accepted, is_test
            FROM exchange
            WHERE queue = ? AND key = ?
            ORDER BY id DESC
            LIMIT 1;
            "
 from db: 0.4231 secs.

2026-09-07 10:54:18 Load req
"
            INSERT INTO exchange(key, queue, data, finished, is_test)
            VALUES (?, ?, ?, 0, ?)
            RETURNING id;
            "
 from db: 0.012514 secs.

{'ok': True, 'accepted': True, 'task_id': 1201034, 'is_test_base': '0', 'queue': 'MES.ERP/ЗП.Этапы.КонтрольИзменений', 'detail': 'Событие принято.'}
2026-09-07 10:54:37 Load req
"
            SELECT id, key, queue, finished, message_status, chat_accepted, is_test
            FROM exchange
            WHERE queue = ? AND key = ?
            ORDER BY id DESC
            LIMIT 1;
            "
 from db: 0.386235 secs.

2026-09-07 10:54:37 Load req
"
            INSERT INTO exchange(key, queue, data, finished, is_test)
            VALUES (?, ?, ?, 0, ?)
            RETURNING id;
            "
 from db: 0.020666 secs.

{'ok': True, 'accepted': True, 'task_id': 1201035, 'is_test_base': '0', 'queue': 'MES.ERP/ЗП.Этапы.КонтрольИзменений', 'detail': 'Событие принято.'}
2026-09-07 10:54:39 Load req
"
            SELECT id, key, queue, finished, message_status, chat_accepted, is_test
            FROM exchange
            WHERE queue = ? AND key = ?
            ORDER BY id DESC
            LIMIT 1;
            "
 from db: 0.36773 secs.

2026-09-07 10:54:39 Load req
"
            INSERT INTO exchange(key, queue, data, finished, is_test)
            VALUES (?, ?, ?, 0, ?)
            RETURNING id;
            "
 from db: 0.010004 secs.

{'ok': True, 'accepted': True, 'task_id': 1201036, 'is_test_base': '0', 'queue': 'MES.ERP/ЗП.Этапы.КонтрольИзменений', 'detail': 'Событие принято.'}
2026-09-07 10:54:56 Load req
"
            SELECT id, key, queue, finished, message_status, chat_accepted, is_test
            FROM exchange
            WHERE queue = ? AND key = ?
            ORDER BY id DESC
            LIMIT 1;
            "
 from db: 0.392306 secs.

2026-09-07 10:54:56 Load req
"
            INSERT INTO exchange(key, queue, data, finished, is_test)
            VALUES (?, ?, ?, 0, ?)
            RETURNING id;
            "
 from db: 0.011066 secs.

{'ok': True, 'accepted': True, 'task_id': 1201037, 'is_test_base': '0', 'queue': 'MES.ERP/ЗП.Этапы.КонтрольИзменений', 'detail': 'Событие принято.'}
2026-09-07 10:55:20 Load req
"
            SELECT id, key, queue, finished, message_status, chat_accepted, is_test
            FROM exchange
            WHERE queue = ? AND key = ?
            ORDER BY id DESC
            LIMIT 1;
            "
 from db: 0.367915 secs.

2026-09-07 10:55:20 Load req
"
            INSERT INTO exchange(key, queue, data, finished, is_test)
            VALUES (?, ?, ?, 0, ?)
            RETURNING id;
            "
 from db: 0.012277 secs.

{'ok': True, 'accepted': True, 'task_id': 1201038, 'is_test_base': '0', 'queue': 'MES.ERP/ЗП.Этапы.КонтрольИзменений', 'detail': 'Событие принято.'}
2026-09-07 10:55:30 Load req
"INSERT INTO exchange(key, queue, data, is_test) VALUES (?, ?, ?, ?)"
 from db: 0.021357 secs.

2026-09-07 10:55:42 Load req
"
            SELECT id, key, queue, finished, message_status, chat_accepted, is_test
            FROM exchange
            WHERE queue = ? AND key = ?
            ORDER BY id DESC
            LIMIT 1;
            "
 from db: 0.38859 secs.

2026-09-07 10:55:42 Load req
"
            INSERT INTO exchange(key, queue, data, finished, is_test)
            VALUES (?, ?, ?, 0, ?)
            RETURNING id;
            "
 from db: 0.010277 secs.

{'ok': True, 'accepted': True, 'task_id': 1201040, 'is_test_base': '0', 'queue': 'MES.ERP/ЗП.Этапы.КонтрольИзменений', 'detail': 'Событие принято.'}
2026-09-07 10:55:45 Load req
"
            SELECT id, key, queue, finished, message_status, chat_accepted, is_test
            FROM exchange
            WHERE queue = ? AND key = ?
            ORDER BY id DESC
            LIMIT 1;
            "
 from db: 0.362168 secs.

2026-09-07 10:55:45 Load req
"
            INSERT INTO exchange(key, queue, data, finished, is_test)
            VALUES (?, ?, ?, 0, ?)
            RETURNING id;
            "
 from db: 0.009987 secs.

{'ok': True, 'accepted': True, 'task_id': 1201041, 'is_test_base': '0', 'queue': 'MES.ERP/ЗП.Этапы.КонтрольИзменений', 'detail': 'Событие принято.'}
2026-09-07 10:56:05 Load req
"INSERT INTO exchange(key, queue, data, is_test) VALUES (?, ?, ?, ?)"
 from db: 0.018266 secs.

2026-09-07 10:56:05 Load req
"INSERT INTO exchange(key, queue, data, is_test) VALUES (?, ?, ?, ?)"
 from db: 0.018105 secs.
INFO:     [bitrix24.РаспоряжениеНаДоставку/Упаковка.СинхронизацияТабличнойЧастиУпаковки] Ответ успешно принят: {'deletion_mark': False,
 'parent_ref': '2506f1a0-aa91-11f1-a4bb-30e1716be59f',
 'title': 'Упаковка 000007586 от 07.09.2026 10:56:04',
 'ufCrm21Dimentions': '400x50x500',
 'ufCrm21Height': 500.0,
 'ufCrm21Length': 400.0,
 'ufCrm21Number': 2,
 'ufCrm21PackingType': '',
 'ufCrm21Volume': 0.01,
 'ufCrm21WeightGross': 8.0,
 'ufCrm21WeightNet': 8.0,
 'ufCrm21Width': 50.0,
 'xmlId': '8e179f1b-aa91-11f1-a4bb-30e1716be59f'}
INFO:     [bitrix24.РаспоряжениеНаДоставку/Упаковка.СинхронизацияТабличнойЧастиУпаковки] Ответ успешно принят: {'deletion_mark': False,
 'parent_ref': '2506f1a0-aa91-11f1-a4bb-30e1716be59f',
 'title': 'Упаковка 000007586 от 07.09.2026 10:56:04',
 'ufCrm21Dimentions': '400x50x500',
 'ufCrm21Height': 500.0,
 'ufCrm21Length': 400.0,
 'ufCrm21Number': 3,
 'ufCrm21PackingType': '',
 'ufCrm21Volume': 0.01,
 'ufCrm21WeightGross': 8.0,
 'ufCrm21WeightNet': 8.0,
 'ufCrm21Width': 50.0,
 'xmlId': '8e179f1b-aa91-11f1-a4bb-30e1716be59f'}
INFO:     [bitrix24.РаспоряжениеНаДоставку/Упаковка.СинхронизацияТабличнойЧастиУпаковки] Ответ успешно принят: {'deletion_mark': False,
 'parent_ref': '2506f1a0-aa91-11f1-a4bb-30e1716be59f',
 'title': 'Упаковка 000007586 от 07.09.2026 10:56:04',
 'ufCrm21Dimentions': '400x50x500',
 'ufCrm21Height': 500.0,
 'ufCrm21Length': 400.0,
 'ufCrm21Number': 4,
 'ufCrm21PackingType': '',
 'ufCrm21Volume': 0.01,
 'ufCrm21WeightGross': 8.0,
 'ufCrm21WeightNet': 8.0,
 'ufCrm21Width': 50.0,
 'xmlId': '8e179f1b-aa91-11f1-a4bb-30e1716be59f'}
INFO:     [bitrix24.РаспоряжениеНаДоставку/Упаковка.СинхронизацияТабличнойЧастиУпаковки] Ответ успешно принят: {'deletion_mark': False,
 'parent_ref': '2506f1a0-aa91-11f1-a4bb-30e1716be59f',
 'title': 'Упаковка 000007586 от 07.09.2026 10:56:04',
 'ufCrm21Dimentions': '320x215x205',
 'ufCrm21Height': 205.0,
 'ufCrm21Length': 320.0,
 'ufCrm21Number': 5,
 'ufCrm21PackingType': '',
 'ufCrm21Volume': 0.014,
 'ufCrm21WeightGross': 9.5,
 'ufCrm21WeightNet': 9.5,
 'ufCrm21Width': 215.0,
 'xmlId': '8e179f1b-aa91-11f1-a4bb-30e1716be59f'}
INFO:     [bitrix24.РаспоряжениеНаДоставку/Упаковка.СинхронизацияТабличнойЧастиУпаковки] Ответ успешно принят: {'deletion_mark': False,
 'parent_ref': '2506f1a0-aa91-11f1-a4bb-30e1716be59f',
 'title': 'Упаковка 000007586 от 07.09.2026 10:56:04',
 'ufCrm21Dimentions': '460x335x180',
 'ufCrm21Height': 180.0,
 'ufCrm21Length': 460.0,
 'ufCrm21Number': 6,
 'ufCrm21PackingType': '',
 'ufCrm21Volume': 0.028,
 'ufCrm21WeightGross': 10.0,
 'ufCrm21WeightNet': 10.0,
 'ufCrm21Width': 335.0,
 'xmlId': '8e179f1b-aa91-11f1-a4bb-30e1716be59f'}
INFO:     [bitrix24.РаспоряжениеНаДоставку/Упаковка.СинхронизацияТабличнойЧастиУпаковки] Ответ успешно принят: {'deletion_mark': False,
 'parent_ref': '2506f1a0-aa91-11f1-a4bb-30e1716be59f',
 'title': 'Упаковка 000007586 от 07.09.2026 10:56:04',
 'ufCrm21Dimentions': '460x335x180',
 'ufCrm21Height': 180.0,
 'ufCrm21Length': 460.0,
 'ufCrm21Number': 7,
 'ufCrm21PackingType': '',
 'ufCrm21Volume': 0.028,
 'ufCrm21WeightGross': 10.0,
 'ufCrm21WeightNet': 10.0,
 'ufCrm21Width': 335.0,
 'xmlId': '8e179f1b-aa91-11f1-a4bb-30e1716be59f'}
INFO:     [bitrix24.РаспоряжениеНаДоставку/Упаковка.СинхронизацияТабличнойЧастиУпаковки] Ответ успешно принят: {'deletion_mark': False,
 'parent_ref': '2506f1a0-aa91-11f1-a4bb-30e1716be59f',
 'title': 'Упаковка 000007586 от 07.09.2026 10:56:04',
 'ufCrm21Dimentions': '460x335x180',
 'ufCrm21Height': 180.0,
 'ufCrm21Length': 460.0,
 'ufCrm21Number': 8,
 'ufCrm21PackingType': '',
 'ufCrm21Volume': 0.028,
 'ufCrm21WeightGross': 10.0,
 'ufCrm21WeightNet': 10.0,
 'ufCrm21Width': 335.0,
 'xmlId': '8e179f1b-aa91-11f1-a4bb-30e1716be59f'}
INFO:     [bitrix24.РаспоряжениеНаДоставку/Упаковка.СинхронизацияТабличнойЧастиУпаковки] Ответ успешно принят: {'deletion_mark': False,
 'parent_ref': '2506f1a0-aa91-11f1-a4bb-30e1716be59f',
 'title': 'Упаковка 000007586 от 07.09.2026 10:56:04',
 'ufCrm21Dimentions': '495x190x245',
 'ufCrm21Height': 245.0,
 'ufCrm21Length': 495.0,
 'ufCrm21Number': 9,
 'ufCrm21PackingType': '',
 'ufCrm21Volume': 0.023,
 'ufCrm21WeightGross': 7.5,
 'ufCrm21WeightNet': 7.5,
 'ufCrm21Width': 190.0,
 'xmlId': '8e179f1b-aa91-11f1-a4bb-30e1716be59f'}
INFO:     [bitrix24.РаспоряжениеНаДоставку/Упаковка.СинхронизацияТабличнойЧастиУпаковки] Ответ успешно принят: {'deletion_mark': False,
 'parent_ref': '2506f1a0-aa91-11f1-a4bb-30e1716be59f',
 'title': 'Упаковка 000007586 от 07.09.2026 10:56:04',
 'ufCrm21Dimentions': '495x190x245',
 'ufCrm21Height': 245.0,
 'ufCrm21Length': 495.0,
 'ufCrm21Number': 10,
 'ufCrm21PackingType': '',
 'ufCrm21Volume': 0.023,
 'ufCrm21WeightGross': 7.5,
 'ufCrm21WeightNet': 7.5,
 'ufCrm21Width': 190.0,
 'xmlId': '8e179f1b-aa91-11f1-a4bb-30e1716be59f'}
INFO:     [bitrix24.РаспоряжениеНаДоставку/Упаковка.СинхронизацияТабличнойЧастиУпаковки] Ответ успешно принят: {'deletion_mark': False,
 'parent_ref': '2506f1a0-aa91-11f1-a4bb-30e1716be59f',
 'title': 'Упаковка 000007586 от 07.09.2026 10:56:04',
 'ufCrm21Dimentions': '495x190x245',
 'ufCrm21Height': 245.0,
 'ufCrm21Length': 495.0,
 'ufCrm21Number': 11,
 'ufCrm21PackingType': '',
 'ufCrm21Volume': 0.023,
 'ufCrm21WeightGross': 7.5,
 'ufCrm21WeightNet': 7.5,
 'ufCrm21Width': 190.0,
 'xmlId': '8e179f1b-aa91-11f1-a4bb-30e1716be59f'}
INFO:     192.168.100.50:61212 - "POST /hs/mes/exchange/v1/order-delivery/pack/ HTTP/1.1" 200 OK
INFO:     IS_TEST_BASE: '0'
INFO:     [bitrix24.РаспоряжениеНаДоставку.СинхронизацияТабличнойЧасти] Ответ успешно принят: {'title': '000008145 от 07.09.2026',
 'ufCrm18CountSpots': 11,
 'ufCrm18Customer': 'Келаст',
 'ufCrm18DateShipment': '08.09.2026',
 'ufCrm18DimensionsSpots': '400x50x500, 400x50x500, 400x50x500, 400x50x500, '
                           '320x215x205, 460x335x180, 460x335x180, '
                           '460x335x180, 495x190x245, 495x190x245, 495x190x245',
 'ufCrm18GrossWeight': 89.0,
 'ufCrm18Info': 'Заявка на 3 компании. Келаст 1 пакет Озон, Таткуз 2 пакета '
                'Озон, Пауэрз скорее всего 1 пакет Озон и и могу предположить '
                '7 коробок с инструментами: \n'
                'Келаст:\n'
                '2608-160135-30061 - 3 кг (ремни)\n'
                'Таткуз:\n'
                '2608-189487-35152 - 15 кг\n'
                '2608-181357-51686 - 1 кг\n'
                'Пауэрз:\n'
                '2609-180075-06324 - 2 кг\n'
                '2609-180088-54095 - 64 кг\n'
                '2609-184318-05733 - 0,2 кг\n'
                '2608-189777-79859 - 2 кг\n',
 'ufCrm18Insurance': 0.0,
 'ufCrm18NetWeigth': 89.0,
 'ufCrm18PackingType': '',
 'ufCrm18Payment': 'Организация',
 'ufCrm18Products': ' Ремень стяжной с храповым механизмом 6м, 2т - 2 Штука',
 'ufCrm18Recipient': 'Келаст, ИНН ',
 'ufCrm18RecipientAddress': '173526, Новгородская обл, р-н Новгородский, рп '
                            'Панковка, ул Индустриальная, д. 18А, офис 1',
 'ufCrm18RecipientContact': 'Шаляпина Марина Сергеевна, +7+79210250050',
 'ufCrm18Shipper': 'ООО "КЕЛАСТ"',
 'ufCrm18Shipper2': 'ВСЕИНСТРУМЕНТЫ.РУ ООО',
 'ufCrm18ShipperContact': 'Зотова Екатерина Николаевна, 8005503770',
 'ufCrm18ShippingAddress': '',
 'ufCrm18ShippingAddress2': 'В. Новгород, ул. Б.Санкт-Петербургская, д. 39 '
                            'Режим работы: 10-20 ПН-ВС',
 'ufCrm18ShippingMethod': 'На усмотрение транспортной службы',
 'ufCrm18Volume': 0.207,
 'xmlId': '2506f1a0-aa91-11f1-a4bb-30e1716be59f'}
INFO:     192.168.100.50:61213 - "POST /hs/mes/exchange/v1/order-delivery/ HTTP/1.1" 200 OK
INFO:root:zp_etaps: obj_full_name='ДокументОбъект.ЭтапПроизводства2_2' GUID=UUID('672603d0-5b54-11f1-a4a6-30e1716be59f') action_type='MES.ERP/ЗП.Этапы.КонтрольИзменений' is_test=False status='Начат' is_deleted=False timestamp=1788778570
INFO:root:Запись завершена, результат: 1201054
INFO:     192.168.100.50:61225 - "POST /hs/mes/exchange/v1/zp_etaps/changes/ HTTP/1.1" 200 OK
INFO:root:zp_etaps: obj_full_name='ДокументОбъект.ЭтапПроизводства2_2' GUID=UUID('1d7d5435-922f-11f1-a4b5-30e1716be59f') action_type='MES.ERP/ЗП.Этапы.КонтрольИзменений' is_test=False status='Завершен' is_deleted=False timestamp=1788778572
INFO:root:Запись завершена, результат: 1201055
INFO:     192.168.100.50:61228 - "POST /hs/mes/exchange/v1/zp_etaps/changes/ HTTP/1.1" 200 OK
INFO:     IS_TEST_BASE: '0'
INFO:     [bitrix24.РаспоряжениеНаДоставку/Упаковка.СинхронизацияТабличнойЧастиУпаковки] Ответ успешно принят: {'deletion_mark': False,
 'parent_ref': '21285c15-aa8b-11f1-a4bb-30e1716be59f',
 'title': 'Упаковка 000007585 от 07.09.2026 10:17:22',
 'ufCrm21Dimentions': '400x50x500',
 'ufCrm21Height': 500.0,
 'ufCrm21Length': 400.0,
 'ufCrm21Number': 1,
 'ufCrm21PackingType': '',
 'ufCrm21Volume': 0.01,
 'ufCrm21WeightGross': 3.0,
 'ufCrm21WeightNet': 3.0,
 'ufCrm21Width': 50.0,
 'xmlId': '292a125d-aa8c-11f1-a4bb-30e1716be59f'}
INFO:     [bitrix24.РаспоряжениеНаДоставку/Упаковка.СинхронизацияТабличнойЧастиУпаковки] Ответ успешно принят: {'deletion_mark': False,
 'parent_ref': '21285c15-aa8b-11f1-a4bb-30e1716be59f',
 'title': 'Упаковка 000007585 от 07.09.2026 10:17:22',
 'ufCrm21Dimentions': '400x50x500',
 'ufCrm21Height': 500.0,
 'ufCrm21Length': 400.0,
 'ufCrm21Number': 2,
 'ufCrm21PackingType': '',
 'ufCrm21Volume': 0.01,
 'ufCrm21WeightGross': 8.0,
 'ufCrm21WeightNet': 8.0,
 'ufCrm21Width': 50.0,
 'xmlId': '292a125d-aa8c-11f1-a4bb-30e1716be59f'}
INFO:     [bitrix24.РаспоряжениеНаДоставку/Упаковка.СинхронизацияТабличнойЧастиУпаковки] Ответ успешно принят: {'deletion_mark': False,
 'parent_ref': '21285c15-aa8b-11f1-a4bb-30e1716be59f',
 'title': 'Упаковка 000007585 от 07.09.2026 10:17:22',
 'ufCrm21Dimentions': '400x50x500',
 'ufCrm21Height': 500.0,
 'ufCrm21Length': 400.0,
 'ufCrm21Number': 3,
 'ufCrm21PackingType': '',
 'ufCrm21Volume': 0.01,
 'ufCrm21WeightGross': 8.0,
 'ufCrm21WeightNet': 8.0,
 'ufCrm21Width': 50.0,
 'xmlId': '292a125d-aa8c-11f1-a4bb-30e1716be59f'}
INFO:     [bitrix24.РаспоряжениеНаДоставку/Упаковка.СинхронизацияТабличнойЧастиУпаковки] Ответ успешно принят: {'deletion_mark': False,
 'parent_ref': '21285c15-aa8b-11f1-a4bb-30e1716be59f',
 'title': 'Упаковка 000007585 от 07.09.2026 10:17:22',
 'ufCrm21Dimentions': '400x50x500',
 'ufCrm21Height': 500.0,
 'ufCrm21Length': 400.0,
 'ufCrm21Number': 4,
 'ufCrm21PackingType': '',
 'ufCrm21Volume': 0.01,
 'ufCrm21WeightGross': 8.0,
 'ufCrm21WeightNet': 8.0,
 'ufCrm21Width': 50.0,
 'xmlId': '292a125d-aa8c-11f1-a4bb-30e1716be59f'}
INFO:     [bitrix24.РаспоряжениеНаДоставку/Упаковка.СинхронизацияТабличнойЧастиУпаковки] Ответ успешно принят: {'deletion_mark': False,
 'parent_ref': '21285c15-aa8b-11f1-a4bb-30e1716be59f',
 'title': 'Упаковка 000007585 от 07.09.2026 10:17:22',
 'ufCrm21Dimentions': '320x215x205',
 'ufCrm21Height': 205.0,
 'ufCrm21Length': 320.0,
 'ufCrm21Number': 5,
 'ufCrm21PackingType': '',
 'ufCrm21Volume': 0.014,
 'ufCrm21WeightGross': 9.5,
 'ufCrm21WeightNet': 9.5,
 'ufCrm21Width': 215.0,
 'xmlId': '292a125d-aa8c-11f1-a4bb-30e1716be59f'}
INFO:     [bitrix24.РаспоряжениеНаДоставку/Упаковка.СинхронизацияТабличнойЧастиУпаковки] Ответ успешно принят: {'deletion_mark': False,
 'parent_ref': '21285c15-aa8b-11f1-a4bb-30e1716be59f',
 'title': 'Упаковка 000007585 от 07.09.2026 10:17:22',
 'ufCrm21Dimentions': '335x180',
 'ufCrm21Height': 0.0,
 'ufCrm21Length': 335.0,
 'ufCrm21Number': 6,
 'ufCrm21PackingType': '',
 'ufCrm21Volume': 0.0,
 'ufCrm21WeightGross': 460.0,
 'ufCrm21WeightNet': 10.0,
 'ufCrm21Width': 180.0,
 'xmlId': '292a125d-aa8c-11f1-a4bb-30e1716be59f'}
INFO:     [bitrix24.РаспоряжениеНаДоставку/Упаковка.СинхронизацияТабличнойЧастиУпаковки] Ответ успешно принят: {'deletion_mark': False,
 'parent_ref': '21285c15-aa8b-11f1-a4bb-30e1716be59f',
 'title': 'Упаковка 000007585 от 07.09.2026 10:17:22',
 'ufCrm21Dimentions': '335x180',
 'ufCrm21Height': 0.0,
 'ufCrm21Length': 335.0,
 'ufCrm21Number': 7,
 'ufCrm21PackingType': '',
 'ufCrm21Volume': 0.0,
 'ufCrm21WeightGross': 460.0,
 'ufCrm21WeightNet': 10.0,
 'ufCrm21Width': 180.0,
 'xmlId': '292a125d-aa8c-11f1-a4bb-30e1716be59f'}
INFO:     [bitrix24.РаспоряжениеНаДоставку/Упаковка.СинхронизацияТабличнойЧастиУпаковки] Ответ успешно принят: {'deletion_mark': False,
 'parent_ref': '21285c15-aa8b-11f1-a4bb-30e1716be59f',
 'title': 'Упаковка 000007585 от 07.09.2026 10:17:22',
 'ufCrm21Dimentions': '335x180',
 'ufCrm21Height': 0.0,
 'ufCrm21Length': 335.0,
 'ufCrm21Number': 8,
 'ufCrm21PackingType': '',
 'ufCrm21Volume': 0.0,
 'ufCrm21WeightGross': 460.0,
 'ufCrm21WeightNet': 10.0,
 'ufCrm21Width': 180.0,
 'xmlId': '292a125d-aa8c-11f1-a4bb-30e1716be59f'}
INFO:     [bitrix24.РаспоряжениеНаДоставку/Упаковка.СинхронизацияТабличнойЧастиУпаковки] Ответ успешно принят: {'deletion_mark': False,
 'parent_ref': '21285c15-aa8b-11f1-a4bb-30e1716be59f',
 'title': 'Упаковка 000007585 от 07.09.2026 10:17:22',
 'ufCrm21Dimentions': '190x245',
 'ufCrm21Height': 0.0,
 'ufCrm21Length': 190.0,
 'ufCrm21Number': 9,
 'ufCrm21PackingType': '',
 'ufCrm21Volume': 0.0,
 'ufCrm21WeightGross': 495.0,
 'ufCrm21WeightNet': 7.5,
 'ufCrm21Width': 245.0,
 'xmlId': '292a125d-aa8c-11f1-a4bb-30e1716be59f'}
INFO:     [bitrix24.РаспоряжениеНаДоставку/Упаковка.СинхронизацияТабличнойЧастиУпаковки] Ответ успешно принят: {'deletion_mark': False,
 'parent_ref': '21285c15-aa8b-11f1-a4bb-30e1716be59f',
 'title': 'Упаковка 000007585 от 07.09.2026 10:17:22',
 'ufCrm21Dimentions': '190x245',
 'ufCrm21Height': 0.0,
 'ufCrm21Length': 190.0,
 'ufCrm21Number': 10,
 'ufCrm21PackingType': '',
 'ufCrm21Volume': 0.0,
 'ufCrm21WeightGross': 495.0,
 'ufCrm21WeightNet': 7.5,
 'ufCrm21Width': 245.0,
 'xmlId': '292a125d-aa8c-11f1-a4bb-30e1716be59f'}
INFO:     [bitrix24.РаспоряжениеНаДоставку/Упаковка.СинхронизацияТабличнойЧастиУпаковки] Ответ успешно принят: {'deletion_mark': False,
 'parent_ref': '21285c15-aa8b-11f1-a4bb-30e1716be59f',
 'title': 'Упаковка 000007585 от 07.09.2026 10:17:22',
 'ufCrm21Dimentions': '190x245',
 'ufCrm21Height': 0.0,
 'ufCrm21Length': 190.0,
 'ufCrm21Number': 11,
 'ufCrm21PackingType': '',
 'ufCrm21Volume': 0.0,
 'ufCrm21WeightGross': 495.0,
 'ufCrm21WeightNet': 7.5,
 'ufCrm21Width': 245.0,
 'xmlId': '292a125d-aa8c-11f1-a4bb-30e1716be59f'}
INFO:     192.168.100.50:61239 - "POST /hs/mes/exchange/v1/order-delivery/pack/ HTTP/1.1" 200 OK
INFO:     IS_TEST_BASE: '0'
INFO:     [bitrix24.РаспоряжениеНаДоставку.СинхронизацияТабличнойЧасти] Ответ успешно принят: {'title': '000008144 от 07.09.2026',
 'ufCrm18CountSpots': 11,
 'ufCrm18Customer': 'Келаст',
 'ufCrm18DateShipment': '08.09.2026',
 'ufCrm18DimensionsSpots': '400x50x500, 400x50x500, 400x50x500, 400x50x500, '
                           '320x215x205, 335x180, 335x180, 335x180, 190x245, '
                           '190x245, 190x245',
 'ufCrm18GrossWeight': 2901.5,
 'ufCrm18Info': 'Заявка на 3 компании:\n'
                'Келаст:\n'
                '2608-160135-30061 - 3 кг\n'
                'Таткуз:\n'
                '2608-189487-35152 - 15 кг\n'
                '2608-181357-51686 - 1 кг\n'
                'Пауэрз:\n'
                '2609-180075-06324 - 2 кг\n'
                '2609-180088-54095 - 64 кг\n'
                '2609-184318-05733 - 0,2 кг\n'
                '2608-189777-79859 - 2 кг\n',
 'ufCrm18Insurance': 0.0,
 'ufCrm18NetWeigth': 89.0,
 'ufCrm18PackingType': '',
 'ufCrm18Payment': 'Организация',
 'ufCrm18Products': ' Ремень стяжной с храповым механизмом 6м, 2т - 2 Штука',
 'ufCrm18Recipient': 'Келаст, ИНН ',
 'ufCrm18RecipientAddress': '173526, Новгородская обл, р-н Новгородский, рп '
                            'Панковка, ул Индустриальная, д. 18А, офис 1',
 'ufCrm18RecipientContact': 'Шаляпина Марина Сергеевна, +7+79210250050',
 'ufCrm18Shipper': 'ООО "КЕЛАСТ"',
 'ufCrm18Shipper2': 'ВСЕИНСТРУМЕНТЫ.РУ ООО',
 'ufCrm18ShipperContact': 'Зотова Екатерина Николаевна, 8005503770',
 'ufCrm18ShippingAddress': '',
 'ufCrm18ShippingAddress2': 'В. Новгород, ул. Б.Санкт-Петербургская, д. 39 '
                            'Режим работы: 10-20 ПН-ВС',
 'ufCrm18ShippingMethod': 'На усмотрение транспортной службы',
 'ufCrm18Volume': 0.054,
 'xmlId': '21285c15-aa8b-11f1-a4bb-30e1716be59f'}
INFO:     192.168.100.50:61240 - "POST /hs/mes/exchange/v1/order-delivery/ HTTP/1.1" 200 OK
INFO:     192.168.19.84:57925 - "GET /files/py/packages/list/ HTTP/1.1" 200 OK
INFO:     192.168.19.84:57933 - "GET / HTTP/1.1" 200 OK
INFO:     192.168.19.84:57934 - "GET /files/project-cust/hash/ HTTP/1.1" 200 OK
INFO:root:zp_etaps: obj_full_name='ДокументОбъект.ЭтапПроизводства2_2' GUID=UUID('2b14caf5-aa91-11f1-a4bb-30e1716be59f') action_type='MES.ERP/ЗП.Этапы.КонтрольИзменений' is_test=False status='Сформирован' is_deleted=False timestamp=1788778595
INFO:root:zp_etaps: obj_full_name='ДокументОбъект.ЭтапПроизводства2_2' GUID=UUID('342268f4-841b-11f1-a4b1-30e1716be59f') action_type='MES.ERP/ЗП.Этапы.КонтрольИзменений' is_test=False status='Начат' is_deleted=False timestamp=1788778595
INFO:root:Запись завершена, результат: 1201069
INFO:     192.168.100.50:61275 - "POST /hs/mes/exchange/v1/zp_etaps/changes/ HTTP/1.1" 200 OK
INFO:root:Запись завершена, результат: 1201070
INFO:     192.168.100.50:61277 - "POST /hs/mes/exchange/v1/zp_etaps/changes/ HTTP/1.1" 200 OK
INFO:     IS_TEST_BASE: '0'
INFO:     [bitrix24.ЗаказПоставщику.СинхронизацияЗаказа/ТабличнойЧасти] Ответ успешно принят: {'DeletionMark': False,
 'Ref_Key': '392d7917-897c-11f1-a4b3-30e1716be59e',
 'data_version': 'AAAAAATeS24=',
 'description': 'ПУ00-002154 от 27.07.2026',
 'products': [{'Ref_Key': '33ad0d05-340f-11f1-a49e-30e1716be59f',
               'count': 39.0,
               'description': 'ЛЗ.2601179.01.100 Отливка передней крышки (под '
                              '3д принтер)',
               'measure_code': '    ',
               'measure_code_nomen': 'Штука',
               'measure_code_pos': 'Штука',
               'price': 7576.76,
               'ratio_for_report': 1.0}],
 'status': 'Подтвержден'}
INFO:     192.168.100.50:61283 - "POST /hs/mes/exchange/v1/order-supplier/ HTTP/1.1" 200 OK
INFO:     IS_TEST_BASE: '0'
INFO:     [bitrix24.РаспоряжениеНаДоставку/Упаковка.СинхронизацияТабличнойЧастиУпаковки] Ответ успешно принят: {'deletion_mark': False,
 'parent_ref': '21285c15-aa8b-11f1-a4bb-30e1716be59f',
 'title': 'Упаковка 000007585 от 07.09.2026 10:17:22',
 'ufCrm21Dimentions': '400x50x500',
 'ufCrm21Height': 500.0,
 'ufCrm21Length': 400.0,
 'ufCrm21Number': 1,
 'ufCrm21PackingType': '',
 'ufCrm21Volume': 0.01,
 'ufCrm21WeightGross': 3.0,
 'ufCrm21WeightNet': 3.0,
 'ufCrm21Width': 50.0,
 'xmlId': '292a125d-aa8c-11f1-a4bb-30e1716be59f'}
INFO:     [bitrix24.РаспоряжениеНаДоставку/Упаковка.СинхронизацияТабличнойЧастиУпаковки] Ответ успешно принят: {'deletion_mark': False,
 'parent_ref': '21285c15-aa8b-11f1-a4bb-30e1716be59f',
 'title': 'Упаковка 000007585 от 07.09.2026 10:17:22',
 'ufCrm21Dimentions': '400x50x500',
 'ufCrm21Height': 500.0,
 'ufCrm21Length': 400.0,
 'ufCrm21Number': 2,
 'ufCrm21PackingType': '',
 'ufCrm21Volume': 0.01,
 'ufCrm21WeightGross': 8.0,
 'ufCrm21WeightNet': 8.0,
 'ufCrm21Width': 50.0,
 'xmlId': '292a125d-aa8c-11f1-a4bb-30e1716be59f'}
INFO:     [bitrix24.РаспоряжениеНаДоставку/Упаковка.СинхронизацияТабличнойЧастиУпаковки] Ответ успешно принят: {'deletion_mark': False,
 'parent_ref': '21285c15-aa8b-11f1-a4bb-30e1716be59f',
 'title': 'Упаковка 000007585 от 07.09.2026 10:17:22',
 'ufCrm21Dimentions': '400x50x500',
 'ufCrm21Height': 500.0,
 'ufCrm21Length': 400.0,
 'ufCrm21Number': 3,
 'ufCrm21PackingType': '',
 'ufCrm21Volume': 0.01,
 'ufCrm21WeightGross': 8.0,
 'ufCrm21WeightNet': 8.0,
 'ufCrm21Width': 50.0,
 'xmlId': '292a125d-aa8c-11f1-a4bb-30e1716be59f'}
INFO:     [bitrix24.РаспоряжениеНаДоставку/Упаковка.СинхронизацияТабличнойЧастиУпаковки] Ответ успешно принят: {'deletion_mark': False,
 'parent_ref': '21285c15-aa8b-11f1-a4bb-30e1716be59f',
 'title': 'Упаковка 000007585 от 07.09.2026 10:17:22',
 'ufCrm21Dimentions': '400x50x500',
 'ufCrm21Height': 500.0,
 'ufCrm21Length': 400.0,
 'ufCrm21Number': 4,
 'ufCrm21PackingType': '',
 'ufCrm21Volume': 0.01,
 'ufCrm21WeightGross': 8.0,
 'ufCrm21WeightNet': 8.0,
 'ufCrm21Width': 50.0,
 'xmlId': '292a125d-aa8c-11f1-a4bb-30e1716be59f'}
INFO:     [bitrix24.РаспоряжениеНаДоставку/Упаковка.СинхронизацияТабличнойЧастиУпаковки] Ответ успешно принят: {'deletion_mark': False,
 'parent_ref': '21285c15-aa8b-11f1-a4bb-30e1716be59f',
 'title': 'Упаковка 000007585 от 07.09.2026 10:17:22',
 'ufCrm21Dimentions': '320x215x205',
 'ufCrm21Height': 205.0,
 'ufCrm21Length': 320.0,
 'ufCrm21Number': 5,
 'ufCrm21PackingType': '',
 'ufCrm21Volume': 0.014,
 'ufCrm21WeightGross': 9.5,
 'ufCrm21WeightNet': 9.5,
 'ufCrm21Width': 215.0,
 'xmlId': '292a125d-aa8c-11f1-a4bb-30e1716be59f'}
INFO:     [bitrix24.РаспоряжениеНаДоставку/Упаковка.СинхронизацияТабличнойЧастиУпаковки] Ответ успешно принят: {'deletion_mark': False,
 'parent_ref': '21285c15-aa8b-11f1-a4bb-30e1716be59f',
 'title': 'Упаковка 000007585 от 07.09.2026 10:17:22',
 'ufCrm21Dimentions': '335x180',
 'ufCrm21Height': 0.0,
 'ufCrm21Length': 335.0,
 'ufCrm21Number': 6,
 'ufCrm21PackingType': '',
 'ufCrm21Volume': 0.0,
 'ufCrm21WeightGross': 460.0,
 'ufCrm21WeightNet': 10.0,
 'ufCrm21Width': 180.0,
 'xmlId': '292a125d-aa8c-11f1-a4bb-30e1716be59f'}
INFO:     [bitrix24.РаспоряжениеНаДоставку/Упаковка.СинхронизацияТабличнойЧастиУпаковки] Ответ успешно принят: {'deletion_mark': False,
 'parent_ref': '21285c15-aa8b-11f1-a4bb-30e1716be59f',
 'title': 'Упаковка 000007585 от 07.09.2026 10:17:22',
 'ufCrm21Dimentions': '335x180',
 'ufCrm21Height': 0.0,
 'ufCrm21Length': 335.0,
 'ufCrm21Number': 7,
 'ufCrm21PackingType': '',
 'ufCrm21Volume': 0.0,
 'ufCrm21WeightGross': 460.0,
 'ufCrm21WeightNet': 10.0,
 'ufCrm21Width': 180.0,
 'xmlId': '292a125d-aa8c-11f1-a4bb-30e1716be59f'}
INFO:     [bitrix24.РаспоряжениеНаДоставку/Упаковка.СинхронизацияТабличнойЧастиУпаковки] Ответ успешно принят: {'deletion_mark': False,
 'parent_ref': '21285c15-aa8b-11f1-a4bb-30e1716be59f',
 'title': 'Упаковка 000007585 от 07.09.2026 10:17:22',
 'ufCrm21Dimentions': '335x180',
 'ufCrm21Height': 0.0,
 'ufCrm21Length': 335.0,
 'ufCrm21Number': 8,
 'ufCrm21PackingType': '',
 'ufCrm21Volume': 0.0,
 'ufCrm21WeightGross': 460.0,
 'ufCrm21WeightNet': 10.0,
 'ufCrm21Width': 180.0,
 'xmlId': '292a125d-aa8c-11f1-a4bb-30e1716be59f'}
INFO:     [bitrix24.РаспоряжениеНаДоставку/Упаковка.СинхронизацияТабличнойЧастиУпаковки] Ответ успешно принят: {'deletion_mark': False,
 'parent_ref': '21285c15-aa8b-11f1-a4bb-30e1716be59f',
 'title': 'Упаковка 000007585 от 07.09.2026 10:17:22',
 'ufCrm21Dimentions': '190x245',
 'ufCrm21Height': 0.0,
 'ufCrm21Length': 190.0,
 'ufCrm21Number': 9,
 'ufCrm21PackingType': '',
 'ufCrm21Volume': 0.0,
 'ufCrm21WeightGross': 495.0,
 'ufCrm21WeightNet': 7.5,
 'ufCrm21Width': 245.0,
 'xmlId': '292a125d-aa8c-11f1-a4bb-30e1716be59f'}
INFO:     [bitrix24.РаспоряжениеНаДоставку/Упаковка.СинхронизацияТабличнойЧастиУпаковки] Ответ успешно принят: {'deletion_mark': False,
 'parent_ref': '21285c15-aa8b-11f1-a4bb-30e1716be59f',
 'title': 'Упаковка 000007585 от 07.09.2026 10:17:22',
 'ufCrm21Dimentions': '190x245',
 'ufCrm21Height': 0.0,
 'ufCrm21Length': 190.0,
 'ufCrm21Number': 10,
 'ufCrm21PackingType': '',
 'ufCrm21Volume': 0.0,
 'ufCrm21WeightGross': 495.0,
 'ufCrm21WeightNet': 7.5,
 'ufCrm21Width': 245.0,
 'xmlId': '292a125d-aa8c-11f1-a4bb-30e1716be59f'}
INFO:     [bitrix24.РаспоряжениеНаДоставку/Упаковка.СинхронизацияТабличнойЧастиУпаковки] Ответ успешно принят: {'deletion_mark': False,
 'parent_ref': '21285c15-aa8b-11f1-a4bb-30e1716be59f',
 'title': 'Упаковка 000007585 от 07.09.2026 10:17:22',
 'ufCrm21Dimentions': '190x245',
 'ufCrm21Height': 0.0,
 'ufCrm21Length': 190.0,
 'ufCrm21Number': 11,
 'ufCrm21PackingType': '',
 'ufCrm21Volume': 0.0,
 'ufCrm21WeightGross': 495.0,
 'ufCrm21WeightNet': 7.5,
 'ufCrm21Width': 245.0,
 'xmlId': '292a125d-aa8c-11f1-a4bb-30e1716be59f'}
INFO:     192.168.100.50:61299 - "POST /hs/mes/exchange/v1/order-delivery/pack/ HTTP/1.1" 200 OK
INFO:     IS_TEST_BASE: '0'
INFO:     [bitrix24.РаспоряжениеНаДоставку.СинхронизацияТабличнойЧасти] Ответ успешно принят: {'title': '000008144 от 07.09.2026',
 'ufCrm18CountSpots': 11,
 'ufCrm18Customer': 'Келаст',
 'ufCrm18DateShipment': '08.09.2026',
 'ufCrm18DimensionsSpots': '400x50x500, 400x50x500, 400x50x500, 400x50x500, '
                           '320x215x205, 335x180, 335x180, 335x180, 190x245, '
                           '190x245, 190x245',
 'ufCrm18GrossWeight': 2901.5,
 'ufCrm18Info': 'Заявка на 3 компании:\n'
                'Келаст:\n'
                '2608-160135-30061 - 3 кг\n'
                'Таткуз:\n'
                '2608-189487-35152 - 15 кг\n'
                '2608-181357-51686 - 1 кг\n'
                'Пауэрз:\n'
                '2609-180075-06324 - 2 кг\n'
                '2609-180088-54095 - 64 кг\n'
                '2609-184318-05733 - 0,2 кг\n'
                '2608-189777-79859 - 2 кг\n',
 'ufCrm18Insurance': 0.0,
 'ufCrm18NetWeigth': 89.0,
 'ufCrm18PackingType': '',
 'ufCrm18Payment': 'Организация',
 'ufCrm18Products': ' Ремень стяжной с храповым механизмом 6м, 2т - 2 Штука',
 'ufCrm18Recipient': 'Келаст, ИНН ',
 'ufCrm18RecipientAddress': '173526, Новгородская обл, р-н Новгородский, рп '
                            'Панковка, ул Индустриальная, д. 18А, офис 1',
 'ufCrm18RecipientContact': 'Шаляпина Марина Сергеевна, +7+79210250050',
 'ufCrm18Shipper': 'ООО "КЕЛАСТ"',
 'ufCrm18Shipper2': 'ВСЕИНСТРУМЕНТЫ.РУ ООО',
 'ufCrm18ShipperContact': 'Зотова Екатерина Николаевна, 8005503770',
 'ufCrm18ShippingAddress': '',
 'ufCrm18ShippingAddress2': 'В. Новгород, ул. Б.Санкт-Петербургская, д. 39 '
                            'Режим работы: 10-20 ПН-ВС',
 'ufCrm18ShippingMethod': 'На усмотрение транспортной службы',
 'ufCrm18Volume': 0.054,
 'xmlId': '21285c15-aa8b-11f1-a4bb-30e1716be59f'}
INFO:     192.168.100.50:61300 - "POST /hs/mes/exchange/v1/order-delivery/ HTTP/1.1" 200 OK
INFO:     IS_TEST_BASE: '0'
INFO:     [bitrix24.РаспоряжениеНаДоставку.СинхронизацияТабличнойЧасти] Ответ успешно принят: {'title': '000008088 от 27.08.2026',
 'ufCrm18CountSpots': 1,
 'ufCrm18Customer': 'Пауэрз',
 'ufCrm18DateShipment': '28.08.2026',
 'ufCrm18DimensionsSpots': '200x200x200',
 'ufCrm18GrossWeight': 1.0,
 'ufCrm18Info': 'груз небольшой - Саша\n36 комплеков щеток',
 'ufCrm18Insurance': 0.0,
 'ufCrm18NetWeigth': 1.0,
 'ufCrm18PackingType': 'коробка',
 'ufCrm18Payment': 'Организация',
 'ufCrm18Products': ' Щетки угольные AEG 4931428732 (см. описание) - 39 компл',
 'ufCrm18Recipient': 'Пауэрз, ИНН ',
 'ufCrm18RecipientAddress': '173526, Новгородская обл, р-н Новгородский, рп '
                            'Панковка, ул Индустриальная, д. 19',
 'ufCrm18RecipientContact': 'Шаляпина Марина Сергеевна, +7+79210250050',
 'ufCrm18Shipper': 'ООО "ПАУЭРЗ"',
 'ufCrm18Shipper2': 'ИНТЕРНЕТ РЕШЕНИЯ ООО поставщик',
 'ufCrm18ShipperContact': 'интернет магазин менеджера нет, +78002347000',
 'ufCrm18ShippingAddress': '',
 'ufCrm18ShippingAddress2': 'Панковка, Строительная ул., 17',
 'ufCrm18ShippingMethod': 'На усмотрение транспортной службы',
 'ufCrm18Volume': 0.008,
 'xmlId': '361d26c1-a1ef-11f1-a4b9-30e1716be59e'}
INFO:     192.168.100.50:61322 - "POST /hs/mes/exchange/v1/order-delivery/ HTTP/1.1" 200 OK
INFO:root:zp_etaps: obj_full_name='ДокументОбъект.ЭтапПроизводства2_2' GUID=UUID('d9ae82ca-a53e-11f1-a4ba-30e1716be59f') action_type='MES.ERP/ЗП.Этапы.КонтрольИзменений' is_test=False status='Начат' is_deleted=False timestamp=1788778624
INFO:root:Запись завершена, результат: 1201085
INFO:     192.168.100.50:61337 - "POST /hs/mes/exchange/v1/zp_etaps/changes/ HTTP/1.1" 200 OK
INFO:root:zp_etaps: obj_full_name='ДокументОбъект.ЭтапПроизводства2_2' GUID=UUID('2b14caf7-aa91-11f1-a4bb-30e1716be59f') action_type='MES.ERP/ЗП.Этапы.КонтрольИзменений' is_test=False status='Формируется' is_deleted=False timestamp=1788778631

2026-09-07 10:56:05 Load req
"INSERT INTO exchange(key, queue, data, is_test) VALUES (?, ?, ?, ?)"
 from db: 0.028104 secs.

2026-09-07 10:56:05 Load req
"INSERT INTO exchange(key, queue, data, is_test) VALUES (?, ?, ?, ?)"
 from db: 0.0192 secs.

2026-09-07 10:56:05 Load req
"INSERT INTO exchange(key, queue, data, is_test) VALUES (?, ?, ?, ?)"
 from db: 0.02864 secs.

2026-09-07 10:56:05 Load req
"INSERT INTO exchange(key, queue, data, is_test) VALUES (?, ?, ?, ?)"
 from db: 0.033762 secs.

2026-09-07 10:56:05 Load req
"INSERT INTO exchange(key, queue, data, is_test) VALUES (?, ?, ?, ?)"
 from db: 0.016633 secs.

2026-09-07 10:56:05 Load req
"INSERT INTO exchange(key, queue, data, is_test) VALUES (?, ?, ?, ?)"
 from db: 0.017628 secs.

2026-09-07 10:56:05 Load req
"INSERT INTO exchange(key, queue, data, is_test) VALUES (?, ?, ?, ?)"
 from db: 0.015138 secs.

2026-09-07 10:56:05 Load req
"INSERT INTO exchange(key, queue, data, is_test) VALUES (?, ?, ?, ?)"
 from db: 0.025501 secs.

2026-09-07 10:56:05 Load req
"INSERT INTO exchange(key, queue, data, is_test) VALUES (?, ?, ?, ?)"
 from db: 0.028044 secs.

2026-09-07 10:56:05 Load req
"INSERT INTO exchange(key, queue, data, is_test) VALUES (?, ?, ?, ?)"
 from db: 0.019665 secs.

2026-09-07 10:56:10 Load req
"
            SELECT id, key, queue, finished, message_status, chat_accepted, is_test
            FROM exchange
            WHERE queue = ? AND key = ?
            ORDER BY id DESC
            LIMIT 1;
            "
 from db: 0.392517 secs.

2026-09-07 10:56:10 Load req
"
            INSERT INTO exchange(key, queue, data, finished, is_test)
            VALUES (?, ?, ?, 0, ?)
            RETURNING id;
            "
 from db: 0.011641 secs.

{'ok': True, 'accepted': True, 'task_id': 1201054, 'is_test_base': '0', 'queue': 'MES.ERP/ЗП.Этапы.КонтрольИзменений', 'detail': 'Событие принято.'}
2026-09-07 10:56:13 Load req
"
            SELECT id, key, queue, finished, message_status, chat_accepted, is_test
            FROM exchange
            WHERE queue = ? AND key = ?
            ORDER BY id DESC
            LIMIT 1;
            "
 from db: 0.433551 secs.

2026-09-07 10:56:13 Load req
"
            INSERT INTO exchange(key, queue, data, finished, is_test)
            VALUES (?, ?, ?, 0, ?)
            RETURNING id;
            "
 from db: 0.011739 secs.

{'ok': True, 'accepted': True, 'task_id': 1201055, 'is_test_base': '0', 'queue': 'MES.ERP/ЗП.Этапы.КонтрольИзменений', 'detail': 'Событие принято.'}
2026-09-07 10:56:15 Load req
"INSERT INTO exchange(key, queue, data, is_test) VALUES (?, ?, ?, ?)"
 from db: 0.020475 secs.

2026-09-07 10:56:15 Load req
"INSERT INTO exchange(key, queue, data, is_test) VALUES (?, ?, ?, ?)"
 from db: 0.016854 secs.

2026-09-07 10:56:15 Load req
"INSERT INTO exchange(key, queue, data, is_test) VALUES (?, ?, ?, ?)"
 from db: 0.026911 secs.

2026-09-07 10:56:15 Load req
"INSERT INTO exchange(key, queue, data, is_test) VALUES (?, ?, ?, ?)"
 from db: 0.018866 secs.

2026-09-07 10:56:15 Load req
"INSERT INTO exchange(key, queue, data, is_test) VALUES (?, ?, ?, ?)"
 from db: 0.016907 secs.

2026-09-07 10:56:15 Load req
"INSERT INTO exchange(key, queue, data, is_test) VALUES (?, ?, ?, ?)"
 from db: 0.017562 secs.

2026-09-07 10:56:15 Load req
"INSERT INTO exchange(key, queue, data, is_test) VALUES (?, ?, ?, ?)"
 from db: 0.015997 secs.

2026-09-07 10:56:15 Load req
"INSERT INTO exchange(key, queue, data, is_test) VALUES (?, ?, ?, ?)"
 from db: 0.016728 secs.

2026-09-07 10:56:15 Load req
"INSERT INTO exchange(key, queue, data, is_test) VALUES (?, ?, ?, ?)"
 from db: 0.026314 secs.

2026-09-07 10:56:15 Load req
"INSERT INTO exchange(key, queue, data, is_test) VALUES (?, ?, ?, ?)"
 from db: 0.025516 secs.

2026-09-07 10:56:16 Load req
"INSERT INTO exchange(key, queue, data, is_test) VALUES (?, ?, ?, ?)"
 from db: 0.025936 secs.

2026-09-07 10:56:16 Load req
"INSERT INTO exchange(key, queue, data, is_test) VALUES (?, ?, ?, ?)"
 from db: 0.020305 secs.

/ping ошибка:  name 'for_1c' is not defined
2026-09-07 10:56:35 Load req
"
            SELECT id, key, queue, finished, message_status, chat_accepted, is_test
            FROM exchange
            WHERE queue = ? AND key = ?
            ORDER BY id DESC
            LIMIT 1;
            "
 from db: 0.432432 secs.

2026-09-07 10:56:35 Load req
"
            INSERT INTO exchange(key, queue, data, finished, is_test)
            VALUES (?, ?, ?, 0, ?)
            RETURNING id;
            "
 from db: 0.020078 secs.

{'ok': True, 'accepted': True, 'task_id': 1201069, 'is_test_base': '0', 'queue': 'MES.ERP/ЗП.Этапы.КонтрольИзменений', 'detail': 'Событие принято.'}
2026-09-07 10:56:35 Load req
"
            SELECT id, key, queue, finished, message_status, chat_accepted, is_test
            FROM exchange
            WHERE queue = ? AND key = ?
            ORDER BY id DESC
            LIMIT 1;
            "
 from db: 0.408505 secs.

2026-09-07 10:56:35 Load req
"
            INSERT INTO exchange(key, queue, data, finished, is_test)
            VALUES (?, ?, ?, 0, ?)
            RETURNING id;
            "
 from db: 0.028613 secs.

{'ok': True, 'accepted': True, 'task_id': 1201070, 'is_test_base': '0', 'queue': 'MES.ERP/ЗП.Этапы.КонтрольИзменений', 'detail': 'Событие принято.'}
2026-09-07 10:56:38 Load req
"INSERT INTO exchange(key, queue, data, is_test) VALUES (?, ?, ?, ?)"
 from db: 0.010907 secs.

2026-09-07 10:56:46 Load req
"INSERT INTO exchange(key, queue, data, is_test) VALUES (?, ?, ?, ?)"
 from db: 0.021059 secs.

2026-09-07 10:56:46 Load req
"INSERT INTO exchange(key, queue, data, is_test) VALUES (?, ?, ?, ?)"
 from db: 0.031987 secs.

2026-09-07 10:56:46 Load req
"INSERT INTO exchange(key, queue, data, is_test) VALUES (?, ?, ?, ?)"
 from db: 0.026785 secs.

2026-09-07 10:56:46 Load req
"INSERT INTO exchange(key, queue, data, is_test) VALUES (?, ?, ?, ?)"
 from db: 0.018671 secs.

2026-09-07 10:56:46 Load req
"INSERT INTO exchange(key, queue, data, is_test) VALUES (?, ?, ?, ?)"
 from db: 0.015617 secs.

2026-09-07 10:56:46 Load req
"INSERT INTO exchange(key, queue, data, is_test) VALUES (?, ?, ?, ?)"
 from db: 0.027281 secs.

2026-09-07 10:56:46 Load req
"INSERT INTO exchange(key, queue, data, is_test) VALUES (?, ?, ?, ?)"
 from db: 0.018079 secs.

2026-09-07 10:56:46 Load req
"INSERT INTO exchange(key, queue, data, is_test) VALUES (?, ?, ?, ?)"
 from db: 0.016503 secs.

2026-09-07 10:56:46 Load req
"INSERT INTO exchange(key, queue, data, is_test) VALUES (?, ?, ?, ?)"
 from db: 0.014671 secs.

2026-09-07 10:56:46 Load req
"INSERT INTO exchange(key, queue, data, is_test) VALUES (?, ?, ?, ?)"
 from db: 0.025743 secs.

2026-09-07 10:56:46 Load req
"INSERT INTO exchange(key, queue, data, is_test) VALUES (?, ?, ?, ?)"
 from db: 0.015217 secs.

2026-09-07 10:56:46 Load req
"INSERT INTO exchange(key, queue, data, is_test) VALUES (?, ?, ?, ?)"
 from db: 0.027539 secs.

2026-09-07 10:57:01 Load req
"INSERT INTO exchange(key, queue, data, is_test) VALUES (?, ?, ?, ?)"
 from db: 0.028467 secs.

2026-09-07 10:57:04 Load req
"
            SELECT id, key, queue, finished, message_status, chat_accepted, is_test
            FROM exchange
            WHERE queue = ? AND key = ?
            ORDER BY id DESC
            LIMIT 1;
            "
 from db: 0.363307 secs.

2026-09-07 10:57:04 Load req
"
            INSERT INTO exchange(key, queue, data, finished, is_test)
            VALUES (?, ?, ?, 0, ?)
            RETURNING id;
            "
 from db: 0.010279 secs.

{'ok': True, 'accepted': True, 'task_id': 1201085, 'is_test_base': '0', 'queue': 'MES.ERP/ЗП.Этапы.КонтрольИзменений', 'detail': 'Событие принято.'}
2026-09-07 10:57:11 Load req
"
            SELECT id, key, queue, finished, message_status, chat_accepted, is_test
            FROM exchange
            WHERE queue = ? AND key = ?
            ORDER BY id DESC
            LIMIT 1;
            "
 from db: 0.484204 secs.
INFO:root:Запись завершена, результат: 1201086
INFO:     192.168.100.50:61358 - "POST /hs/mes/exchange/v1/zp_etaps/changes/ HTTP/1.1" 200 OK
INFO:root:zp_etaps: obj_full_name='ДокументОбъект.ЭтапПроизводства2_2' GUID=UUID('d9ae82ca-a53e-11f1-a4ba-30e1716be59f') action_type='MES.ERP/ЗП.Этапы.КонтрольИзменений' is_test=False status='Начат' is_deleted=False timestamp=1788778640
INFO:root:Запись завершена, результат: 1201087
INFO:     192.168.100.50:61381 - "POST /hs/mes/exchange/v1/zp_etaps/changes/ HTTP/1.1" 200 OK
INFO:     192.168.17.48:56442 - "POST /check-actual-password HTTP/1.1" 200 OK
INFO:     192.168.19.84:58029 - "GET /files/py/packages/list/ HTTP/1.1" 200 OK
INFO:     192.168.19.84:58044 - "GET / HTTP/1.1" 200 OK
INFO:     192.168.19.84:58045 - "GET /files/project-cust/hash/ HTTP/1.1" 200 OK
INFO:root:zp_etaps: obj_full_name='ДокументОбъект.ЭтапПроизводства2_2' GUID=UUID('2b14caf9-aa91-11f1-a4bb-30e1716be59f') action_type='MES.ERP/ЗП.Этапы.КонтрольИзменений' is_test=False status='Сформирован' is_deleted=False timestamp=1788778656
INFO:root:Запись завершена, результат: 1201088
INFO:     192.168.100.50:61423 - "POST /hs/mes/exchange/v1/zp_etaps/changes/ HTTP/1.1" 200 OK
INFO:root:zp_etaps: obj_full_name='ДокументОбъект.ЭтапПроизводства2_2' GUID=UUID('d9ae82ca-a53e-11f1-a4ba-30e1716be59f') action_type='MES.ERP/ЗП.Этапы.КонтрольИзменений' is_test=False status='Начат' is_deleted=False timestamp=1788778658
INFO:root:Запись завершена, результат: 1201089
INFO:     192.168.100.50:61425 - "POST /hs/mes/exchange/v1/zp_etaps/changes/ HTTP/1.1" 200 OK
INFO:root:zp_etaps: obj_full_name='ДокументОбъект.ЭтапПроизводства2_2' GUID=UUID('d9ae82ca-a53e-11f1-a4ba-30e1716be59f') action_type='MES.ERP/ЗП.Этапы.КонтрольИзменений' is_test=False status='Начат' is_deleted=False timestamp=1788778676
INFO:root:Запись завершена, результат: 1201090
INFO:     192.168.100.50:61459 - "POST /hs/mes/exchange/v1/zp_etaps/changes/ HTTP/1.1" 200 OK
INFO:root:zp_etaps: obj_full_name='ДокументОбъект.ЭтапПроизводства2_2' GUID=UUID('2b14cafb-aa91-11f1-a4bb-30e1716be59f') action_type='MES.ERP/ЗП.Этапы.КонтрольИзменений' is_test=False status='Сформирован' is_deleted=False timestamp=1788778715
INFO:root:Запись завершена, результат: 1201091
INFO:     192.168.100.50:61557 - "POST /hs/mes/exchange/v1/zp_etaps/changes/ HTTP/1.1" 200 OK
INFO:     192.168.17.97:58091 - "POST /authenticate HTTP/1.1" 200 OK
INFO:root:zp_etaps: obj_full_name='ДокументОбъект.ЭтапПроизводства2_2' GUID=UUID('2b14cafd-aa91-11f1-a4bb-30e1716be59f') action_type='MES.ERP/ЗП.Этапы.КонтрольИзменений' is_test=False status='Формируется' is_deleted=False timestamp=1788778737
INFO:root:Запись завершена, результат: 1201092
INFO:     192.168.100.50:61596 - "POST /hs/mes/exchange/v1/zp_etaps/changes/ HTTP/1.1" 200 OK
INFO:     IS_TEST_BASE: '0'
INFO:     [bitrix24.РаспоряжениеНаДоставку.СинхронизацияТабличнойЧасти] Ответ успешно принят: {'title': '000008145 от 07.09.2026',
 'ufCrm18CountSpots': 11,
 'ufCrm18Customer': 'Келаст',
 'ufCrm18DateShipment': '08.09.2026',
 'ufCrm18DimensionsSpots': '400x50x500, 400x50x500, 400x50x500, 400x50x500, '
                           '320x215x205, 460x335x180, 460x335x180, '
                           '460x335x180, 495x190x245, 495x190x245, 495x190x245',
 'ufCrm18GrossWeight': 89.0,
 'ufCrm18Info': 'Заявка на 3 компании. Келаст 1 пакет Озон, Таткуз 2 пакета '
                'Озон, Пауэрз скорее всего 1 пакет Озон и и могу предположить '
                '7 коробок с инструментами: \n'
                'Келаст:\n'
                '2608-160135-30061 - 3 кг (ремни)\n'
                'Таткуз:\n'
                '2608-189487-35152 - 15 кг\n'
                '2608-181357-51686 - 1 кг\n'
                'Пауэрз:\n'
                '2609-180075-06324 - 2 кг\n'
                '2609-180088-54095 - 64 кг\n'
                '2609-184318-05733 - 0,2 кг\n'
                '2608-189777-79859 - 2 кг\n',
 'ufCrm18Insurance': 0.0,
 'ufCrm18NetWeigth': 89.0,
 'ufCrm18PackingType': '',
 'ufCrm18Payment': 'Организация',
 'ufCrm18Products': ' Ремень стяжной с храповым механизмом 6м, 2т - 2 Штука',
 'ufCrm18Recipient': 'Келаст, ИНН ',
 'ufCrm18RecipientAddress': '173526, Новгородская обл, р-н Новгородский, рп '
                            'Панковка, ул Индустриальная, д. 18А, офис 1',
 'ufCrm18RecipientContact': 'Шаляпина Марина Сергеевна, +7+79210250050',
 'ufCrm18Shipper': 'ООО "КЕЛАСТ"',
 'ufCrm18Shipper2': 'ВСЕИНСТРУМЕНТЫ.РУ ООО',
 'ufCrm18ShipperContact': 'Зотова Екатерина Николаевна, 8005503770',
 'ufCrm18ShippingAddress': '',
 'ufCrm18ShippingAddress2': 'В. Новгород, ул. Б.Санкт-Петербургская, д. 39 '
                            'Режим работы: 10-20 ПН-ВС',
 'ufCrm18ShippingMethod': 'На усмотрение транспортной службы',
 'ufCrm18Volume': 0.207,
 'xmlId': '2506f1a0-aa91-11f1-a4bb-30e1716be59f'}
INFO:     192.168.100.50:61623 - "POST /hs/mes/exchange/v1/order-delivery/ HTTP/1.1" 200 OK
INFO:root:zp_etaps: obj_full_name='ДокументОбъект.ЭтапПроизводства2_2' GUID=UUID('2b14caff-aa91-11f1-a4bb-30e1716be59f') action_type='MES.ERP/ЗП.Этапы.КонтрольИзменений' is_test=False status='Сформирован' is_deleted=False timestamp=1788778764
INFO:root:Запись завершена, результат: 1201094
INFO:     192.168.100.50:61650 - "POST /hs/mes/exchange/v1/zp_etaps/changes/ HTTP/1.1" 200 OK
INFO:root:zp_etaps: obj_full_name='ДокументОбъект.ЭтапПроизводства2_2' GUID=UUID('2b14cb01-aa91-11f1-a4bb-30e1716be59f') action_type='MES.ERP/ЗП.Этапы.КонтрольИзменений' is_test=False status='Сформирован' is_deleted=False timestamp=1788778792
INFO:root:Запись завершена, результат: 1201095
INFO:     192.168.100.50:61691 - "POST /hs/mes/exchange/v1/zp_etaps/changes/ HTTP/1.1" 200 OK
INFO:root:zp_etaps: obj_full_name='ДокументОбъект.ЭтапПроизводства2_2' GUID=UUID('2b14cb03-aa91-11f1-a4bb-30e1716be59f') action_type='MES.ERP/ЗП.Этапы.КонтрольИзменений' is_test=False status='Формируется' is_deleted=False timestamp=1788778822
INFO:root:Запись завершена, результат: 1201096
INFO:     192.168.100.50:61753 - "POST /hs/mes/exchange/v1/zp_etaps/changes/ HTTP/1.1" 200 OK
INFO:     IS_TEST_BASE: '0'
INFO:     [MES.Номенклатура/СинхронизацияПолей] Ответ успешно принят: {'Ref_Key': '3d482ab1-aa92-11f1-a4bb-30e1716be59f',
 'data_version': 'AAAAAATeS6Y=',
 'types_tree': '0f1fee33-0f04-11e7-80c0-4ccc6a67082d;2b302c73-9ed8-11e7-80c5-4ccc6a67082d',
 'unit_code': '    ',
 'unit_ratio': 1.0,
 'Артикул': 'РФ.2609031.01',
 'Вид': 'Рукава фильтровальные',
 'Вид_Ref_Key': '0f4e2d28-f4e6-11ef-861b-00d861dd2b4a',
 'ЕдиницаИзмерения': 'Штука',
 'Закупочная_цена': 0.0,
 'Код': '00-00190600',
 'На_удаление': False,
 'Наименование': 'РФ.2609031.01 (123х5135)',
 'РодительRefKey': None,
 'СхемаОбеспечения': '52513773-2597-11e7-80c0-4ccc6a67082d',
 'ЭтоГруппа': False}
INFO:     192.168.100.50:61841 - "POST /hs/mes/exchange/v1/nomenclature/ HTTP/1.1" 200 OK
INFO:     IS_TEST_BASE: '0'
INFO:     [bitrix24.ЗаказПоставщику.СинхронизацияЗаказа/ТабличнойЧасти] Ответ успешно принят: {'DeletionMark': False,
 'Ref_Key': '436cbe3a-aa92-11f1-a4bb-30e1716be59f',
 'data_version': 'AAAAAATeS6k=',
 'description': 'ПУ00-002647 от 27.08.2026',
 'products': [{'Ref_Key': 'ff654c96-3424-11e8-80cf-4ccc6a67082d',
               'count': 3.0,
               'description': 'Вышивка',
               'measure_code': 'NULL',
               'measure_code_nomen': 'Штука',
               'measure_code_pos': 'NULL',
               'price': 1000.0,
               'ratio_for_report': 1.0},
              {'Ref_Key': 'ff654c96-3424-11e8-80cf-4ccc6a67082d',
               'count': 1.0,
               'description': 'Вышивка',
               'measure_code': 'NULL',
               'measure_code_nomen': 'Штука',
               'measure_code_pos': 'NULL',
               'price': 1100.0,
               'ratio_for_report': 1.0}],
 'status': 'Подтвержден'}
INFO:     192.168.100.50:61854 - "POST /hs/mes/exchange/v1/order-supplier/ HTTP/1.1" 200 OK
INFO:     192.168.19.136:53598 - "POST /check-actual-password HTTP/1.1" 200 OK
INFO:     192.168.19.98:56229 - "POST /check-actual-password HTTP/1.1" 200 OK
INFO:     IS_TEST_BASE: '0'
INFO:     [bitrix24.РаспоряжениеНаДоставку.СинхронизацияТабличнойЧасти] Ответ успешно принят: {'title': '000008088 от 27.08.2026',
 'ufCrm18CountSpots': 1,
 'ufCrm18Customer': 'Пауэрз',
 'ufCrm18DateShipment': '28.08.2026',
 'ufCrm18DimensionsSpots': '200x200x200',
 'ufCrm18GrossWeight': 1.0,
 'ufCrm18Info': 'груз небольшой - Саша\n36 комплеков щеток',
 'ufCrm18Insurance': 0.0,
 'ufCrm18NetWeigth': 1.0,
 'ufCrm18PackingType': 'коробка',
 'ufCrm18Payment': 'Организация',
 'ufCrm18Products': ' Щетки угольные AEG 4931428732 (см. описание) - 39 компл',
 'ufCrm18Recipient': 'Пауэрз, ИНН ',
 'ufCrm18RecipientAddress': '173526, Новгородская обл, р-н Новгородский, рп '
                            'Панковка, ул Индустриальная, д. 19',
 'ufCrm18RecipientContact': 'Шаляпина Марина Сергеевна, +7+79210250050',
 'ufCrm18Shipper': 'ООО "ПАУЭРЗ"',
 'ufCrm18Shipper2': 'ИНТЕРНЕТ РЕШЕНИЯ ООО поставщик',
 'ufCrm18ShipperContact': 'интернет магазин менеджера нет, +78002347000',
 'ufCrm18ShippingAddress': '',
 'ufCrm18ShippingAddress2': 'Панковка, Строительная ул., 17',
 'ufCrm18ShippingMethod': 'На усмотрение транспортной службы',
 'ufCrm18Volume': 0.008,
 'xmlId': '361d26c1-a1ef-11f1-a4b9-30e1716be59e'}
INFO:     192.168.100.50:61963 - "POST /hs/mes/exchange/v1/order-delivery/ HTTP/1.1" 200 OK
INFO:     IS_TEST_BASE: '0'
INFO:     [bitrix24.ЗаказПоставщику.СинхронизацияЗаказа/ТабличнойЧасти] Ответ успешно принят: {'DeletionMark': False,
 'Ref_Key': '6d6da5a5-9d1d-11f1-a4b8-30e1716be59f',
 'data_version': 'AAAAAATeS7Y=',
 'description': 'ПУ00-002476 от 21.08.2026',
 'products': [{'Ref_Key': '31faefae-054f-11f0-a3a8-30e1716be59f',
               'count': 32.0,
               'description': 'Лист Б-ПН-8 ГОСТ 19903-2015 / AISI 410S (08Х13) '
                              '1500 x 3000',
               'measure_code': '    ',
               'measure_code_nomen': 'кг',
               'measure_code_pos': 'шт',
               'price': 88101.56,
               'ratio_for_report': 280.8},
              {'Ref_Key': 'e316fb82-6895-11f1-a4a9-30e1716be59f',
               'count': 6.7,
               'description': 'Труба 42x5 - AISI 321 (12Х18Н10Т)',
               'measure_code': '006 ',
               'measure_code_nomen': 'кг',
               'measure_code_pos': 'м',
               'price': 3146.27,
               'ratio_for_report': 4.558},
              {'Ref_Key': '97ee4ebd-5d8a-11f1-a4a7-30e1716be59f',
               'count': 3.0,
               'description': 'Лист Б-ПН-20 ГОСТ 19903-2015 / AISI 304 '
                              '(08Х18Н10) 1500 x 3000',
               'measure_code': '    ',
               'measure_code_nomen': 'кг',
               'measure_code_pos': 'шт',
               'price': 257375.0,
               'ratio_for_report': 715.5}],
 'status': 'На согласовании'}
INFO:     192.168.100.50:62079 - "POST /hs/mes/exchange/v1/order-supplier/ HTTP/1.1" 200 OK
INFO:     IS_TEST_BASE: '0'
INFO:     [bitrix24.ЗаказПоставщику.СинхронизацияЗаказа/ТабличнойЧасти] Ответ успешно принят: {'DeletionMark': False,
 'Ref_Key': '6d6da5a5-9d1d-11f1-a4b8-30e1716be59f',
 'data_version': 'AAAAAATeS7w=',
 'description': 'ПУ00-002476 от 21.08.2026',
 'products': [{'Ref_Key': '31faefae-054f-11f0-a3a8-30e1716be59f',
               'count': 32.0,
               'description': 'Лист Б-ПН-8 ГОСТ 19903-2015 / AISI 410S (08Х13) '
                              '1500 x 3000',
               'measure_code': '    ',
               'measure_code_nomen': 'кг',
               'measure_code_pos': 'шт',
               'price': 88101.56,
               'ratio_for_report': 280.8},
              {'Ref_Key': 'e316fb82-6895-11f1-a4a9-30e1716be59f',
               'count': 6.7,
               'description': 'Труба 42x5 - AISI 321 (12Х18Н10Т)',
               'measure_code': '006 ',
               'measure_code_nomen': 'кг',
               'measure_code_pos': 'м',
               'price': 3146.27,
               'ratio_for_report': 4.558},
              {'Ref_Key': '97ee4ebd-5d8a-11f1-a4a7-30e1716be59f',
               'count': 3.0,
               'description': 'Лист Б-ПН-20 ГОСТ 19903-2015 / AISI 304 '
                              '(08Х18Н10) 1500 x 3000',
               'measure_code': '    ',
               'measure_code_nomen': 'кг',
               'measure_code_pos': 'шт',
               'price': 257375.0,
               'ratio_for_report': 715.5}],
 'status': 'На согласовании'}
INFO:     192.168.100.50:62155 - "POST /hs/mes/exchange/v1/order-supplier/ HTTP/1.1" 200 OK
INFO:     192.168.17.140:60194 - "POST /api/v1/revit/types/ HTTP/1.1" 307 Temporary Redirect

2026-09-07 10:57:11 Load req
"
            INSERT INTO exchange(key, queue, data, finished, is_test)
            VALUES (?, ?, ?, 0, ?)
            RETURNING id;
            "
 from db: 0.010183 secs.

{'ok': True, 'accepted': True, 'task_id': 1201086, 'is_test_base': '0', 'queue': 'MES.ERP/ЗП.Этапы.КонтрольИзменений', 'detail': 'Событие принято.'}
2026-09-07 10:57:21 Load req
"
            SELECT id, key, queue, finished, message_status, chat_accepted, is_test
            FROM exchange
            WHERE queue = ? AND key = ?
            ORDER BY id DESC
            LIMIT 1;
            "
 from db: 0.36298 secs.

2026-09-07 10:57:21 Load req
"
            INSERT INTO exchange(key, queue, data, finished, is_test)
            VALUES (?, ?, ?, 0, ?)
            RETURNING id;
            "
 from db: 0.020945 secs.

{'ok': True, 'accepted': True, 'task_id': 1201087, 'is_test_base': '0', 'queue': 'MES.ERP/ЗП.Этапы.КонтрольИзменений', 'detail': 'Событие принято.'}
/ping ошибка:  name 'for_1c' is not defined
2026-09-07 10:57:37 Load req
"
            SELECT id, key, queue, finished, message_status, chat_accepted, is_test
            FROM exchange
            WHERE queue = ? AND key = ?
            ORDER BY id DESC
            LIMIT 1;
            "
 from db: 0.415996 secs.

2026-09-07 10:57:37 Load req
"
            INSERT INTO exchange(key, queue, data, finished, is_test)
            VALUES (?, ?, ?, 0, ?)
            RETURNING id;
            "
 from db: 0.021702 secs.

{'ok': True, 'accepted': True, 'task_id': 1201088, 'is_test_base': '0', 'queue': 'MES.ERP/ЗП.Этапы.КонтрольИзменений', 'detail': 'Событие принято.'}
2026-09-07 10:57:38 Load req
"
            SELECT id, key, queue, finished, message_status, chat_accepted, is_test
            FROM exchange
            WHERE queue = ? AND key = ?
            ORDER BY id DESC
            LIMIT 1;
            "
 from db: 0.38224 secs.

2026-09-07 10:57:38 Load req
"
            INSERT INTO exchange(key, queue, data, finished, is_test)
            VALUES (?, ?, ?, 0, ?)
            RETURNING id;
            "
 from db: 0.012045 secs.

{'ok': True, 'accepted': True, 'task_id': 1201089, 'is_test_base': '0', 'queue': 'MES.ERP/ЗП.Этапы.КонтрольИзменений', 'detail': 'Событие принято.'}
2026-09-07 10:57:57 Load req
"
            SELECT id, key, queue, finished, message_status, chat_accepted, is_test
            FROM exchange
            WHERE queue = ? AND key = ?
            ORDER BY id DESC
            LIMIT 1;
            "
 from db: 0.361702 secs.

2026-09-07 10:57:57 Load req
"
            INSERT INTO exchange(key, queue, data, finished, is_test)
            VALUES (?, ?, ?, 0, ?)
            RETURNING id;
            "
 from db: 0.020325 secs.

{'ok': True, 'accepted': True, 'task_id': 1201090, 'is_test_base': '0', 'queue': 'MES.ERP/ЗП.Этапы.КонтрольИзменений', 'detail': 'Событие принято.'}
2026-09-07 10:58:35 Load req
"
            SELECT id, key, queue, finished, message_status, chat_accepted, is_test
            FROM exchange
            WHERE queue = ? AND key = ?
            ORDER BY id DESC
            LIMIT 1;
            "
 from db: 0.393857 secs.

2026-09-07 10:58:35 Load req
"
            INSERT INTO exchange(key, queue, data, finished, is_test)
            VALUES (?, ?, ?, 0, ?)
            RETURNING id;
            "
 from db: 0.020657 secs.

{'ok': True, 'accepted': True, 'task_id': 1201091, 'is_test_base': '0', 'queue': 'MES.ERP/ЗП.Этапы.КонтрольИзменений', 'detail': 'Событие принято.'}
2026-09-07 10:58:57 Load req
"
            SELECT id, key, queue, finished, message_status, chat_accepted, is_test
            FROM exchange
            WHERE queue = ? AND key = ?
            ORDER BY id DESC
            LIMIT 1;
            "
 from db: 0.355732 secs.

2026-09-07 10:58:57 Load req
"
            INSERT INTO exchange(key, queue, data, finished, is_test)
            VALUES (?, ?, ?, 0, ?)
            RETURNING id;
            "
 from db: 0.012138 secs.

{'ok': True, 'accepted': True, 'task_id': 1201092, 'is_test_base': '0', 'queue': 'MES.ERP/ЗП.Этапы.КонтрольИзменений', 'detail': 'Событие принято.'}
2026-09-07 10:59:14 Load req
"INSERT INTO exchange(key, queue, data, is_test) VALUES (?, ?, ?, ?)"
 from db: 0.020256 secs.

2026-09-07 10:59:24 Load req
"
            SELECT id, key, queue, finished, message_status, chat_accepted, is_test
            FROM exchange
            WHERE queue = ? AND key = ?
            ORDER BY id DESC
            LIMIT 1;
            "
 from db: 0.364205 secs.

2026-09-07 10:59:24 Load req
"
            INSERT INTO exchange(key, queue, data, finished, is_test)
            VALUES (?, ?, ?, 0, ?)
            RETURNING id;
            "
 from db: 0.029816 secs.

{'ok': True, 'accepted': True, 'task_id': 1201094, 'is_test_base': '0', 'queue': 'MES.ERP/ЗП.Этапы.КонтрольИзменений', 'detail': 'Событие принято.'}
2026-09-07 10:59:52 Load req
"
            SELECT id, key, queue, finished, message_status, chat_accepted, is_test
            FROM exchange
            WHERE queue = ? AND key = ?
            ORDER BY id DESC
            LIMIT 1;
            "
 from db: 0.362892 secs.

2026-09-07 10:59:52 Load req
"
            INSERT INTO exchange(key, queue, data, finished, is_test)
            VALUES (?, ?, ?, 0, ?)
            RETURNING id;
            "
 from db: 0.020374 secs.

{'ok': True, 'accepted': True, 'task_id': 1201095, 'is_test_base': '0', 'queue': 'MES.ERP/ЗП.Этапы.КонтрольИзменений', 'detail': 'Событие принято.'}
2026-09-07 11:00:22 Load req
"
            SELECT id, key, queue, finished, message_status, chat_accepted, is_test
            FROM exchange
            WHERE queue = ? AND key = ?
            ORDER BY id DESC
            LIMIT 1;
            "
 from db: 0.346044 secs.

2026-09-07 11:00:22 Load req
"
            INSERT INTO exchange(key, queue, data, finished, is_test)
            VALUES (?, ?, ?, 0, ?)
            RETURNING id;
            "
 from db: 0.01005 secs.

{'ok': True, 'accepted': True, 'task_id': 1201096, 'is_test_base': '0', 'queue': 'MES.ERP/ЗП.Этапы.КонтрольИзменений', 'detail': 'Событие принято.'}
2026-09-07 11:00:57 Load req
"INSERT INTO exchange(key, queue, data, is_test) VALUES (?, ?, ?, ?)"
 from db: 0.021302 secs.

2026-09-07 11:01:08 Load req
"INSERT INTO exchange(key, queue, data, is_test) VALUES (?, ?, ?, ?)"
 from db: 0.020892 secs.

2026-09-07 11:02:01 Load req
"INSERT INTO exchange(key, queue, data, is_test) VALUES (?, ?, ?, ?)"
 from db: 0.028365 secs.

2026-09-07 11:02:55 Load req
"INSERT INTO exchange(key, queue, data, is_test) VALUES (?, ?, ?, ?)"
 from db: 0.03223 secs.

2026-09-07 11:03:38 Load req
"INSERT INTO exchange(key, queue, data, is_test) VALUES (?, ?, ?, ?)"
 from db: 0.021976 secs.


---------------
2026-09-07 11:03:43.861369 wet_req start:
            ВЫБРАТЬ
                Номенклатура.Код КАК code,
                Номенклатура.Наименование КАК name
            ИЗ
                Справочник.Номенклатура КАК Номенклатура
            ГДЕ
                Номенклатура.Код В ("00-00179666","00-00171669")


---------------
2026-09-07 11:03:43.864041 wet_req start:
        ВЫБРАТЬ
            ПРЕДСТАВЛЕНИЕ(УНИКАЛЬНЫЙИДЕНТИФИКАТОР(ВидыНоменклатуры.Ссылка)) КАК Ref_Key,
            ПРЕДСТАВЛЕНИЕ(УНИКАЛЬНЫЙИДЕНТИФИКАТОР(ВидыНоменклатуры.Родитель)) КАК Parent_Key,
            ВидыНоменклатуры.Наименование КАК Description,
            ВидыНоменклатуры.ПометкаУдаления КАК ПометкаУдаления,
            ВидыНоменклатуры.ЭтоГруппа КАК IsFolder
        ИЗ
            Справочник.ВидыНоменклатуры КАК ВидыНоменклатуры
        УПОРЯДОЧИТЬ ПО
            ВидыНоменклатуры.Наименование
    INFO:     192.168.17.140:60193 - "POST /api/v1/revit/nomens/bycodearray/ HTTP/1.1" 200 OK
INFO:     192.168.17.140:60194 - "POST /api/v1/revit/types HTTP/1.1" 200 OK
INFO:     192.168.17.86:60810 - "GET /files/py/packages/list/ HTTP/1.1" 200 OK
INFO:     IS_TEST_BASE: '0'
INFO:     [bitrix24.ЗаказПоставщику.СинхронизацияЗаказа/ТабличнойЧасти] Ответ успешно принят: {'DeletionMark': False,
 'Ref_Key': '6d6da5a5-9d1d-11f1-a4b8-30e1716be59f',
 'data_version': 'AAAAAATeS74=',
 'description': 'ПУ00-002476 от 21.08.2026',
 'products': [{'Ref_Key': '31faefae-054f-11f0-a3a8-30e1716be59f',
               'count': 32.0,
               'description': 'Лист Б-ПН-8 ГОСТ 19903-2015 / AISI 410S (08Х13) '
                              '1500 x 3000',
               'measure_code': '    ',
               'measure_code_nomen': 'кг',
               'measure_code_pos': 'шт',
               'price': 88101.56,
               'ratio_for_report': 280.8},
              {'Ref_Key': 'e316fb82-6895-11f1-a4a9-30e1716be59f',
               'count': 6.7,
               'description': 'Труба 42x5 - AISI 321 (12Х18Н10Т)',
               'measure_code': '006 ',
               'measure_code_nomen': 'кг',
               'measure_code_pos': 'м',
               'price': 3146.27,
               'ratio_for_report': 4.558},
              {'Ref_Key': '97ee4ebd-5d8a-11f1-a4a7-30e1716be59f',
               'count': 3.0,
               'description': 'Лист Б-ПН-20 ГОСТ 19903-2015 / AISI 304 '
                              '(08Х18Н10) 1500 x 3000',
               'measure_code': '    ',
               'measure_code_nomen': 'кг',
               'measure_code_pos': 'шт',
               'price': 257375.0,
               'ratio_for_report': 715.5}],
 'status': 'На согласовании'}
INFO:     192.168.100.50:62185 - "POST /hs/mes/exchange/v1/order-supplier/ HTTP/1.1" 200 OK
INFO:     192.168.17.86:60813 - "GET / HTTP/1.1" 200 OK
INFO:     192.168.17.86:60814 - "GET /files/project-cust/hash/ HTTP/1.1" 200 OK
INFO:     192.168.17.86:60815 - "GET / HTTP/1.1" 200 OK
INFO:     192.168.17.86:60816 - "GET / HTTP/1.1" 200 OK
INFO:     192.168.17.86:60817 - "GET /files/project-cust/ HTTP/1.1" 200 OK
INFO:     IS_TEST_BASE: '0'
INFO:     [bitrix24.ЗаказПоставщику.СинхронизацияЗаказа/ТабличнойЧасти] Ответ успешно принят: {'DeletionMark': False,
 'Ref_Key': '6d6da5a5-9d1d-11f1-a4b8-30e1716be59f',
 'data_version': 'AAAAAATeS8E=',
 'description': 'ПУ00-002476 от 21.08.2026',
 'products': [{'Ref_Key': '31faefae-054f-11f0-a3a8-30e1716be59f',
               'count': 32.0,
               'description': 'Лист Б-ПН-8 ГОСТ 19903-2015 / AISI 410S (08Х13) '
                              '1500 x 3000',
               'measure_code': '    ',
               'measure_code_nomen': 'кг',
               'measure_code_pos': 'шт',
               'price': 88101.56,
               'ratio_for_report': 280.8},
              {'Ref_Key': 'e316fb82-6895-11f1-a4a9-30e1716be59f',
               'count': 6.7,
               'description': 'Труба 42x5 - AISI 321 (12Х18Н10Т)',
               'measure_code': '006 ',
               'measure_code_nomen': 'кг',
               'measure_code_pos': 'м',
               'price': 3146.27,
               'ratio_for_report': 4.558},
              {'Ref_Key': '97ee4ebd-5d8a-11f1-a4a7-30e1716be59f',
               'count': 3.0,
               'description': 'Лист Б-ПН-20 ГОСТ 19903-2015 / AISI 304 '
                              '(08Х18Н10) 1500 x 3000',
               'measure_code': '    ',
               'measure_code_nomen': 'кг',
               'measure_code_pos': 'шт',
               'price': 257375.0,
               'ratio_for_report': 715.5}],
 'status': 'Подтвержден'}
INFO:     192.168.100.50:62236 - "POST /hs/mes/exchange/v1/order-supplier/ HTTP/1.1" 200 OK
INFO:     192.168.17.97:58130 - "POST /authenticate HTTP/1.1" 200 OK
INFO:     192.168.19.98:56372 - "GET /files/py/packages/list/ HTTP/1.1" 200 OK
INFO:     192.168.19.98:56376 - "GET / HTTP/1.1" 200 OK
INFO:     192.168.19.98:56377 - "GET /files/project-cust/hash/ HTTP/1.1" 200 OK
INFO:root:zp_etaps: obj_full_name='ДокументОбъект.ЭтапПроизводства2_2' GUID=UUID('2b14cb05-aa91-11f1-a4bb-30e1716be59f') action_type='MES.ERP/ЗП.Этапы.КонтрольИзменений' is_test=False status='Формируется' is_deleted=False timestamp=1788779215
INFO:root:Запись завершена, результат: 1201108
INFO:     192.168.100.50:62528 - "POST /hs/mes/exchange/v1/zp_etaps/changes/ HTTP/1.1" 200 OK
INFO:     192.168.19.98:56442 - "POST /authenticate HTTP/1.1" 200 OK
INFO:     IS_TEST_BASE: '0'
INFO:     [bitrix24.РаспоряжениеНаДоставку.СинхронизацияТабличнойЧасти] Ответ успешно принят: {'title': '000008088 от 27.08.2026',
 'ufCrm18CountSpots': 1,
 'ufCrm18Customer': 'Пауэрз',
 'ufCrm18DateShipment': '28.08.2026',
 'ufCrm18DimensionsSpots': '200x200x200',
 'ufCrm18GrossWeight': 1.0,
 'ufCrm18Info': 'груз небольшой - Саша\n36 комплеков щеток',
 'ufCrm18Insurance': 0.0,
 'ufCrm18NetWeigth': 1.0,
 'ufCrm18PackingType': 'коробка',
 'ufCrm18Payment': 'Организация',
 'ufCrm18Products': ' Щетки угольные AEG 4931428732 (см. описание) - 39 компл',
 'ufCrm18Recipient': 'Пауэрз, ИНН ',
 'ufCrm18RecipientAddress': '173526, Новгородская обл, р-н Новгородский, рп '
                            'Панковка, ул Индустриальная, д. 19',
 'ufCrm18RecipientContact': 'Шаляпина Марина Сергеевна, +7+79210250050',
 'ufCrm18Shipper': 'ООО "ПАУЭРЗ"',
 'ufCrm18Shipper2': 'ИНТЕРНЕТ РЕШЕНИЯ ООО поставщик',
 'ufCrm18ShipperContact': 'интернет магазин менеджера нет, +78002347000',
 'ufCrm18ShippingAddress': '',
 'ufCrm18ShippingAddress2': 'Панковка, Строительная ул., 17',
 'ufCrm18ShippingMethod': 'На усмотрение транспортной службы',
 'ufCrm18Volume': 0.008,
 'xmlId': '361d26c1-a1ef-11f1-a4b9-30e1716be59e'}
INFO:     192.168.100.50:62537 - "POST /hs/mes/exchange/v1/order-delivery/ HTTP/1.1" 200 OK
INFO:     192.168.17.97:58150 - "POST /authenticate HTTP/1.1" 200 OK
INFO:root:zp_etaps: obj_full_name='ДокументОбъект.ЭтапПроизводства2_2' GUID=UUID('2b14cb05-aa91-11f1-a4bb-30e1716be59f') action_type='MES.ERP/ЗП.Этапы.КонтрольИзменений' is_test=False status='Формируется' is_deleted=False timestamp=1788779293
INFO:root:Запись завершена, результат: 1201110
INFO:     192.168.100.50:62678 - "POST /hs/mes/exchange/v1/zp_etaps/changes/ HTTP/1.1" 200 OK
INFO:root:zp_etaps: obj_full_name='ДокументОбъект.ЗаказНаПроизводство2_2' GUID=UUID('a88c0e49-a772-11f1-a4ba-30e1716be59f') action_type='MES.ERP/ЗП.Этапы.КонтрольИзменений' is_test=False status='' is_deleted=False timestamp=None
INFO:root:Запись завершена, результат: 1201111
INFO:     192.168.100.50:62700 - "POST /hs/mes/exchange/v1/zp_etaps/changes/ HTTP/1.1" 200 OK
INFO:     IS_TEST_BASE: '0'
INFO:     [bitrix24.РаспоряжениеНаДоставку/Упаковка.СинхронизацияТабличнойЧастиУпаковки] Ответ успешно принят: {'deletion_mark': True,
 'parent_ref': '21285c15-aa8b-11f1-a4bb-30e1716be59f',
 'title': 'Упаковка 000007585 от 07.09.2026 10:17:22',
 'ufCrm21Dimentions': '400x50x500',
 'ufCrm21Height': 500.0,
 'ufCrm21Length': 400.0,
 'ufCrm21Number': 1,
 'ufCrm21PackingType': '',
 'ufCrm21Volume': 0.01,
 'ufCrm21WeightGross': 3.0,
 'ufCrm21WeightNet': 3.0,
 'ufCrm21Width': 50.0,
 'xmlId': '292a125d-aa8c-11f1-a4bb-30e1716be59f'}
INFO:     [bitrix24.РаспоряжениеНаДоставку/Упаковка.СинхронизацияТабличнойЧастиУпаковки] Ответ успешно принят: {'deletion_mark': True,
 'parent_ref': '21285c15-aa8b-11f1-a4bb-30e1716be59f',
 'title': 'Упаковка 000007585 от 07.09.2026 10:17:22',
 'ufCrm21Dimentions': '400x50x500',
 'ufCrm21Height': 500.0,
 'ufCrm21Length': 400.0,
 'ufCrm21Number': 2,
 'ufCrm21PackingType': '',
 'ufCrm21Volume': 0.01,
 'ufCrm21WeightGross': 8.0,
 'ufCrm21WeightNet': 8.0,
 'ufCrm21Width': 50.0,
 'xmlId': '292a125d-aa8c-11f1-a4bb-30e1716be59f'}
INFO:     [bitrix24.РаспоряжениеНаДоставку/Упаковка.СинхронизацияТабличнойЧастиУпаковки] Ответ успешно принят: {'deletion_mark': True,
 'parent_ref': '21285c15-aa8b-11f1-a4bb-30e1716be59f',
 'title': 'Упаковка 000007585 от 07.09.2026 10:17:22',
 'ufCrm21Dimentions': '400x50x500',
 'ufCrm21Height': 500.0,
 'ufCrm21Length': 400.0,
 'ufCrm21Number': 3,
 'ufCrm21PackingType': '',
 'ufCrm21Volume': 0.01,
 'ufCrm21WeightGross': 8.0,
 'ufCrm21WeightNet': 8.0,
 'ufCrm21Width': 50.0,
 'xmlId': '292a125d-aa8c-11f1-a4bb-30e1716be59f'}
INFO:     [bitrix24.РаспоряжениеНаДоставку/Упаковка.СинхронизацияТабличнойЧастиУпаковки] Ответ успешно принят: {'deletion_mark': True,
 'parent_ref': '21285c15-aa8b-11f1-a4bb-30e1716be59f',
 'title': 'Упаковка 000007585 от 07.09.2026 10:17:22',
 'ufCrm21Dimentions': '400x50x500',
 'ufCrm21Height': 500.0,
 'ufCrm21Length': 400.0,
 'ufCrm21Number': 4,
 'ufCrm21PackingType': '',
 'ufCrm21Volume': 0.01,
 'ufCrm21WeightGross': 8.0,
 'ufCrm21WeightNet': 8.0,
 'ufCrm21Width': 50.0,
 'xmlId': '292a125d-aa8c-11f1-a4bb-30e1716be59f'}
INFO:     [bitrix24.РаспоряжениеНаДоставку/Упаковка.СинхронизацияТабличнойЧастиУпаковки] Ответ успешно принят: {'deletion_mark': True,
 'parent_ref': '21285c15-aa8b-11f1-a4bb-30e1716be59f',
 'title': 'Упаковка 000007585 от 07.09.2026 10:17:22',
 'ufCrm21Dimentions': '320x215x205',
 'ufCrm21Height': 205.0,
 'ufCrm21Length': 320.0,
 'ufCrm21Number': 5,
 'ufCrm21PackingType': '',
 'ufCrm21Volume': 0.014,
 'ufCrm21WeightGross': 9.5,
 'ufCrm21WeightNet': 9.5,
 'ufCrm21Width': 215.0,
 'xmlId': '292a125d-aa8c-11f1-a4bb-30e1716be59f'}
INFO:     [bitrix24.РаспоряжениеНаДоставку/Упаковка.СинхронизацияТабличнойЧастиУпаковки] Ответ успешно принят: {'deletion_mark': True,
 'parent_ref': '21285c15-aa8b-11f1-a4bb-30e1716be59f',
 'title': 'Упаковка 000007585 от 07.09.2026 10:17:22',
 'ufCrm21Dimentions': '335x180',
 'ufCrm21Height': 0.0,
 'ufCrm21Length': 335.0,
 'ufCrm21Number': 6,
 'ufCrm21PackingType': '',
 'ufCrm21Volume': 0.0,
 'ufCrm21WeightGross': 460.0,
 'ufCrm21WeightNet': 10.0,
 'ufCrm21Width': 180.0,
 'xmlId': '292a125d-aa8c-11f1-a4bb-30e1716be59f'}
INFO:     [bitrix24.РаспоряжениеНаДоставку/Упаковка.СинхронизацияТабличнойЧастиУпаковки] Ответ успешно принят: {'deletion_mark': True,
 'parent_ref': '21285c15-aa8b-11f1-a4bb-30e1716be59f',
 'title': 'Упаковка 000007585 от 07.09.2026 10:17:22',
 'ufCrm21Dimentions': '335x180',
 'ufCrm21Height': 0.0,
 'ufCrm21Length': 335.0,
 'ufCrm21Number': 7,
 'ufCrm21PackingType': '',
 'ufCrm21Volume': 0.0,
 'ufCrm21WeightGross': 460.0,
 'ufCrm21WeightNet': 10.0,
 'ufCrm21Width': 180.0,
 'xmlId': '292a125d-aa8c-11f1-a4bb-30e1716be59f'}
INFO:     [bitrix24.РаспоряжениеНаДоставку/Упаковка.СинхронизацияТабличнойЧастиУпаковки] Ответ успешно принят: {'deletion_mark': True,
 'parent_ref': '21285c15-aa8b-11f1-a4bb-30e1716be59f',
 'title': 'Упаковка 000007585 от 07.09.2026 10:17:22',
 'ufCrm21Dimentions': '335x180',
 'ufCrm21Height': 0.0,
 'ufCrm21Length': 335.0,
 'ufCrm21Number': 8,
 'ufCrm21PackingType': '',
 'ufCrm21Volume': 0.0,
 'ufCrm21WeightGross': 460.0,
 'ufCrm21WeightNet': 10.0,
 'ufCrm21Width': 180.0,
 'xmlId': '292a125d-aa8c-11f1-a4bb-30e1716be59f'}
INFO:     [bitrix24.РаспоряжениеНаДоставку/Упаковка.СинхронизацияТабличнойЧастиУпаковки] Ответ успешно принят: {'deletion_mark': True,
 'parent_ref': '21285c15-aa8b-11f1-a4bb-30e1716be59f',
 'title': 'Упаковка 000007585 от 07.09.2026 10:17:22',
 'ufCrm21Dimentions': '190x245',
 'ufCrm21Height': 0.0,
 'ufCrm21Length': 190.0,
 'ufCrm21Number': 9,
 'ufCrm21PackingType': '',
 'ufCrm21Volume': 0.0,
 'ufCrm21WeightGross': 495.0,
 'ufCrm21WeightNet': 7.5,
 'ufCrm21Width': 245.0,
 'xmlId': '292a125d-aa8c-11f1-a4bb-30e1716be59f'}
INFO:     [bitrix24.РаспоряжениеНаДоставку/Упаковка.СинхронизацияТабличнойЧастиУпаковки] Ответ успешно принят: {'deletion_mark': True,
 'parent_ref': '21285c15-aa8b-11f1-a4bb-30e1716be59f',
 'title': 'Упаковка 000007585 от 07.09.2026 10:17:22',
 'ufCrm21Dimentions': '190x245',
 'ufCrm21Height': 0.0,
 'ufCrm21Length': 190.0,
 'ufCrm21Number': 10,
 'ufCrm21PackingType': '',
 'ufCrm21Volume': 0.0,
 'ufCrm21WeightGross': 495.0,
 'ufCrm21WeightNet': 7.5,
 'ufCrm21Width': 245.0,
 'xmlId': '292a125d-aa8c-11f1-a4bb-30e1716be59f'}
INFO:     [bitrix24.РаспоряжениеНаДоставку/Упаковка.СинхронизацияТабличнойЧастиУпаковки] Ответ успешно принят: {'deletion_mark': True,
 'parent_ref': '21285c15-aa8b-11f1-a4bb-30e1716be59f',
 'title': 'Упаковка 000007585 от 07.09.2026 10:17:22',
 'ufCrm21Dimentions': '190x245',
 'ufCrm21Height': 0.0,
 'ufCrm21Length': 190.0,
 'ufCrm21Number': 11,
 'ufCrm21PackingType': '',
 'ufCrm21Volume': 0.0,
 'ufCrm21WeightGross': 495.0,
 'ufCrm21WeightNet': 7.5,
 'ufCrm21Width': 245.0,
 'xmlId': '292a125d-aa8c-11f1-a4bb-30e1716be59f'}
INFO:     192.168.100.50:62723 - "POST /hs/mes/exchange/v1/order-delivery/pack/ HTTP/1.1" 200 OK
INFO:     IS_TEST_BASE: '0'
INFO:     [bitrix24.РаспоряжениеНаДоставку.СинхронизацияТабличнойЧасти] Ответ успешно принят: {'title': '000008144 от 07.09.2026',
 'ufCrm18CountSpots': 11,
 'ufCrm18Customer': 'Келаст',
 'ufCrm18DateShipment': '08.09.2026',
 'ufCrm18DimensionsSpots': '400x50x500, 400x50x500, 400x50x500, 400x50x500, '
                           '320x215x205, 335x180, 335x180, 335x180, 190x245, '
                           '190x245, 190x245',
 'ufCrm18GrossWeight': 2901.5,
 'ufCrm18Info': 'Заявка на 3 компании:\n'
                'Келаст:\n'
                '2608-160135-30061 - 3 кг\n'
                'Таткуз:\n'
                '2608-189487-35152 - 15 кг\n'
                '2608-181357-51686 - 1 кг\n'
                'Пауэрз:\n'
                '2609-180075-06324 - 2 кг\n'
                '2609-180088-54095 - 64 кг\n'
                '2609-184318-05733 - 0,2 кг\n'
                '2608-189777-79859 - 2 кг\n',
 'ufCrm18Insurance': 0.0,
 'ufCrm18NetWeigth': 89.0,
 'ufCrm18PackingType': '',
 'ufCrm18Payment': 'Организация',
 'ufCrm18Products': ' Ремень стяжной с храповым механизмом 6м, 2т - 2 Штука',
 'ufCrm18Recipient': 'Келаст, ИНН ',
 'ufCrm18RecipientAddress': '173526, Новгородская обл, р-н Новгородский, рп '
                            'Панковка, ул Индустриальная, д. 18А, офис 1',
 'ufCrm18RecipientContact': 'Шаляпина Марина Сергеевна, +7+79210250050',
 'ufCrm18Shipper': 'ООО "КЕЛАСТ"',
 'ufCrm18Shipper2': 'ВСЕИНСТРУМЕНТЫ.РУ ООО',
 'ufCrm18ShipperContact': 'Зотова Екатерина Николаевна, 8005503770',
 'ufCrm18ShippingAddress': '',
 'ufCrm18ShippingAddress2': 'В. Новгород, ул. Б.Санкт-Петербургская, д. 39 '
                            'Режим работы: 10-20 ПН-ВС',
 'ufCrm18ShippingMethod': 'На усмотрение транспортной службы',
 'ufCrm18Volume': 0.054,
 'xmlId': '21285c15-aa8b-11f1-a4bb-30e1716be59f'}
INFO:     192.168.100.50:62725 - "POST /hs/mes/exchange/v1/order-delivery/ HTTP/1.1" 200 OK
INFO:     IS_TEST_BASE: '0'
INFO:     [bitrix24.ЗаказПоставщику.СинхронизацияЗаказа/ТабличнойЧасти] Ответ успешно принят: {'DeletionMark': False,
 'Ref_Key': '6d6da5a5-9d1d-11f1-a4b8-30e1716be59f',
 'data_version': 'AAAAAATeTVE=',
 'description': 'ПУ00-002476 от 21.08.2026',
 'products': [{'Ref_Key': '31faefae-054f-11f0-a3a8-30e1716be59f',
               'count': 32.0,
               'description': 'Лист Б-ПН-8 ГОСТ 19903-2015 / AISI 410S (08Х13) '
                              '1500 x 3000',
               'measure_code': '    ',
               'measure_code_nomen': 'кг',
               'measure_code_pos': 'шт',
               'price': 88101.56,
               'ratio_for_report': 280.8},
              {'Ref_Key': 'e316fb82-6895-11f1-a4a9-30e1716be59f',
               'count': 6.7,
               'description': 'Труба 42x5 - AISI 321 (12Х18Н10Т)',
               'measure_code': '006 ',
               'measure_code_nomen': 'кг',
               'measure_code_pos': 'м',
               'price': 3146.27,
               'ratio_for_report': 4.558},
              {'Ref_Key': '97ee4ebd-5d8a-11f1-a4a7-30e1716be59f',
               'count': 3.0,
               'description': 'Лист Б-ПН-20 ГОСТ 19903-2015 / AISI 304 '
                              '(08Х18Н10) 1500 x 3000',
               'measure_code': '    ',
               'measure_code_nomen': 'кг',
               'measure_code_pos': 'шт',
               'price': 257375.0,
               'ratio_for_report': 715.5}],
 'status': 'Подтвержден'}
INFO:     192.168.100.50:62816 - "POST /hs/mes/exchange/v1/order-supplier/ HTTP/1.1" 200 OK
INFO:root:zp_etaps: obj_full_name='ДокументОбъект.ЗаказНаПроизводство2_2' GUID=UUID('782c0451-9d51-11f1-a4b8-30e1716be59f') action_type='MES.ERP/ЗП.Этапы.КонтрольИзменений' is_test=False status='' is_deleted=False timestamp=None
INFO:root:Запись завершена, результат: 1201125
INFO:     192.168.100.50:62842 - "POST /hs/mes/exchange/v1/zp_etaps/changes/ HTTP/1.1" 200 OK
INFO:     IS_TEST_BASE: '0'
INFO:     [bitrix24.Сделка/ОбновлениеСтатуса] Ответ успешно принят: {'UF_CRM_1737711083528': '',
 'UF_CRM_1737727925': '',
 'forced': False,
 'id': 19027,
 'status_code': 'C1:5'}
INFO:     192.168.100.50:62847 - "POST /hs/mes/exchange/v1/deal/status/ HTTP/1.1" 200 OK
INFO:root:zp_etaps: obj_full_name='ДокументОбъект.ЭтапПроизводства2_2' GUID=UUID('9b2a0af4-94b1-11f1-a4b7-30e1716be59f') action_type='MES.ERP/ЗП.Этапы.КонтрольИзменений' is_test=False status='Начат' is_deleted=False timestamp=1788779458
INFO:root:Запись завершена, результат: 1201128
INFO:     192.168.100.50:63012 - "POST /hs/mes/exchange/v1/zp_etaps/changes/ HTTP/1.1" 200 OK
INFO:root:zp_etaps: obj_full_name='ДокументОбъект.ЗаказНаПроизводство2_2' GUID=UUID('e9a661b7-a6c3-11f1-a4ba-30e1716be59f') action_type='MES.ERP/ЗП.Этапы.КонтрольИзменений' is_test=False status='' is_deleted=False timestamp=None
INFO:root:Запись завершена, результат: 1201129
INFO:     192.168.100.50:63034 - "POST /hs/mes/exchange/v1/zp_etaps/changes/ HTTP/1.1" 200 OK
INFO:     IS_TEST_BASE: '0'
INFO:     [bitrix24.Сделка/ОбновлениеСтатуса] Ответ успешно принят: {'UF_CRM_1737711083528': '',
 'UF_CRM_1737727925': '',
 'forced': False,
 'id': 19275,
 'status_code': 'C1:5'}
INFO:     192.168.100.50:63045 - "POST /hs/mes/exchange/v1/deal/status/ HTTP/1.1" 200 OK
INFO:     192.168.17.97:58161 - "POST /authenticate HTTP/1.1" 200 OK
INFO:     192.168.17.97:58167 - "POST /check-actual-password HTTP/1.1" 200 OK
INFO:root:zp_etaps: obj_full_name='ДокументОбъект.ЭтапПроизводства2_2' GUID=UUID('9b2a0af4-94b1-11f1-a4b7-30e1716be59f') action_type='MES.ERP/ЗП.Этапы.КонтрольИзменений' is_test=False status='Начат' is_deleted=False timestamp=1788779514
INFO:root:Запись завершена, результат: 1201131
INFO:     192.168.100.50:63116 - "POST /hs/mes/exchange/v1/zp_etaps/changes/ HTTP/1.1" 200 OK
INFO:     IS_TEST_BASE: '0'
INFO:     [bitrix24.РаспоряжениеНаДоставку.СинхронизацияТабличнойЧасти] Ответ успешно принят: {'title': '000008088 от 27.08.2026',
 'ufCrm18CountSpots': 1,
 'ufCrm18Customer': 'Пауэрз',
 'ufCrm18DateShipment': '28.08.2026',
 'ufCrm18DimensionsSpots': '200x200x200',
 'ufCrm18GrossWeight': 1.0,
 'ufCrm18Info': 'груз небольшой - Саша\n36 комплеков щеток',
 'ufCrm18Insurance': 0.0,
 'ufCrm18NetWeigth': 1.0,
 'ufCrm18PackingType': 'коробка',
 'ufCrm18Payment': 'Организация',
 'ufCrm18Products': ' Щетки угольные AEG 4931428732 (см. описание) - 39 компл',
 'ufCrm18Recipient': 'Пауэрз, ИНН ',
 'ufCrm18RecipientAddress': '173526, Новгородская обл, р-н Новгородский, рп '
                            'Панковка, ул Индустриальная, д. 19',
 'ufCrm18RecipientContact': 'Шаляпина Марина Сергеевна, +7+79210250050',
 'ufCrm18Shipper': 'ООО "ПАУЭРЗ"',
 'ufCrm18Shipper2': 'ИНТЕРНЕТ РЕШЕНИЯ ООО поставщик',
 'ufCrm18ShipperContact': 'интернет магазин менеджера нет, +78002347000',
 'ufCrm18ShippingAddress': '',
 'ufCrm18ShippingAddress2': 'Панковка, Строительная ул., 17',
 'ufCrm18ShippingMethod': 'На усмотрение транспортной службы',
 'ufCrm18Volume': 0.008,
 'xmlId': '361d26c1-a1ef-11f1-a4b9-30e1716be59e'}
INFO:     192.168.100.50:63136 - "POST /hs/mes/exchange/v1/order-delivery/ HTTP/1.1" 200 OK
INFO:     192.168.19.95:65127 - "POST /check-actual-password HTTP/1.1" 200 OK
INFO:root:zp_etaps: obj_full_name='ДокументОбъект.ЭтапПроизводства2_2' GUID=UUID('9b2a0af4-94b1-11f1-a4b7-30e1716be59f') action_type='MES.ERP/ЗП.Этапы.КонтрольИзменений' is_test=False status='Начат' is_deleted=False timestamp=1788779588
INFO:root:Запись завершена, результат: 1201133
INFO:     192.168.100.50:63272 - "POST /hs/mes/exchange/v1/zp_etaps/changes/ HTTP/1.1" 200 OK
INFO:     192.168.19.95:65138 - "POST /check-actual-password HTTP/1.1" 200 OK
INFO:root:zp_etaps: obj_full_name='ДокументОбъект.ЭтапПроизводства2_2' GUID=UUID('9b2a0af4-94b1-11f1-a4b7-30e1716be59f') action_type='MES.ERP/ЗП.Этапы.КонтрольИзменений' is_test=False status='Завершен' is_deleted=False timestamp=1788779646

wet_req end 0.028281
wet_req end 0.29266
2026-09-07 11:03:57 Load req
"INSERT INTO exchange(key, queue, data, is_test) VALUES (?, ?, ?, ?)"
 from db: 0.020977 secs.

/ping ошибка:  name 'for_1c' is not defined
/ping ошибка:  name 'for_1c' is not defined
/ping ошибка:  name 'for_1c' is not defined
2026-09-07 11:04:25 Load req
"INSERT INTO exchange(key, queue, data, is_test) VALUES (?, ?, ?, ?)"
 from db: 0.034681 secs.

/ping ошибка:  name 'for_1c' is not defined
2026-09-07 11:06:56 Load req
"
            SELECT id, key, queue, finished, message_status, chat_accepted, is_test
            FROM exchange
            WHERE queue = ? AND key = ?
            ORDER BY id DESC
            LIMIT 1;
            "
 from db: 0.352609 secs.

2026-09-07 11:06:56 Load req
"
            INSERT INTO exchange(key, queue, data, finished, is_test)
            VALUES (?, ?, ?, 0, ?)
            RETURNING id;
            "
 from db: 0.022016 secs.

{'ok': True, 'accepted': True, 'task_id': 1201108, 'is_test_base': '0', 'queue': 'MES.ERP/ЗП.Этапы.КонтрольИзменений', 'detail': 'Событие принято.'}
2026-09-07 11:07:01 Load req
"INSERT INTO exchange(key, queue, data, is_test) VALUES (?, ?, ?, ?)"
 from db: 0.030359 secs.

2026-09-07 11:08:13 Load req
"
            SELECT id, key, queue, finished, message_status, chat_accepted, is_test
            FROM exchange
            WHERE queue = ? AND key = ?
            ORDER BY id DESC
            LIMIT 1;
            "
 from db: 0.34755 secs.

2026-09-07 11:08:13 Load req
"
            INSERT INTO exchange(key, queue, data, finished, is_test)
            VALUES (?, ?, ?, 0, ?)
            RETURNING id;
            "
 from db: 0.014055 secs.

{'ok': True, 'accepted': True, 'task_id': 1201110, 'is_test_base': '0', 'queue': 'MES.ERP/ЗП.Этапы.КонтрольИзменений', 'detail': 'Событие принято.'}
2026-09-07 11:08:26 Load req
"
            SELECT id, key, queue, finished, message_status, chat_accepted, is_test
            FROM exchange
            WHERE queue = ? AND key = ?
            ORDER BY id DESC
            LIMIT 1;
            "
 from db: 0.384491 secs.

2026-09-07 11:08:26 Load req
"
            INSERT INTO exchange(key, queue, data, finished, is_test)
            VALUES (?, ?, ?, 0, ?)
            RETURNING id;
            "
 from db: 0.020338 secs.

{'ok': True, 'accepted': True, 'task_id': 1201111, 'is_test_base': '0', 'queue': 'MES.ERP/ЗП.Этапы.КонтрольИзменений', 'detail': 'Событие принято.'}
2026-09-07 11:08:36 Load req
"INSERT INTO exchange(key, queue, data, is_test) VALUES (?, ?, ?, ?)"
 from db: 0.023159 secs.

2026-09-07 11:08:36 Load req
"INSERT INTO exchange(key, queue, data, is_test) VALUES (?, ?, ?, ?)"
 from db: 0.025143 secs.

2026-09-07 11:08:36 Load req
"INSERT INTO exchange(key, queue, data, is_test) VALUES (?, ?, ?, ?)"
 from db: 0.016778 secs.

2026-09-07 11:08:36 Load req
"INSERT INTO exchange(key, queue, data, is_test) VALUES (?, ?, ?, ?)"
 from db: 0.015451 secs.

2026-09-07 11:08:36 Load req
"INSERT INTO exchange(key, queue, data, is_test) VALUES (?, ?, ?, ?)"
 from db: 0.01748 secs.

2026-09-07 11:08:36 Load req
"INSERT INTO exchange(key, queue, data, is_test) VALUES (?, ?, ?, ?)"
 from db: 0.029993 secs.

2026-09-07 11:08:36 Load req
"INSERT INTO exchange(key, queue, data, is_test) VALUES (?, ?, ?, ?)"
 from db: 0.024713 secs.

2026-09-07 11:08:36 Load req
"INSERT INTO exchange(key, queue, data, is_test) VALUES (?, ?, ?, ?)"
 from db: 0.01555 secs.

2026-09-07 11:08:36 Load req
"INSERT INTO exchange(key, queue, data, is_test) VALUES (?, ?, ?, ?)"
 from db: 0.016764 secs.

2026-09-07 11:08:36 Load req
"INSERT INTO exchange(key, queue, data, is_test) VALUES (?, ?, ?, ?)"
 from db: 0.015623 secs.

2026-09-07 11:08:36 Load req
"INSERT INTO exchange(key, queue, data, is_test) VALUES (?, ?, ?, ?)"
 from db: 0.015862 secs.

2026-09-07 11:08:36 Load req
"INSERT INTO exchange(key, queue, data, is_test) VALUES (?, ?, ?, ?)"
 from db: 0.026867 secs.

2026-09-07 11:09:33 Load req
"INSERT INTO exchange(key, queue, data, is_test) VALUES (?, ?, ?, ?)"
 from db: 0.023141 secs.

2026-09-07 11:09:44 Load req
"
            SELECT id, key, queue, finished, message_status, chat_accepted, is_test
            FROM exchange
            WHERE queue = ? AND key = ?
            ORDER BY id DESC
            LIMIT 1;
            "
 from db: 0.377361 secs.

2026-09-07 11:09:44 Load req
"
            INSERT INTO exchange(key, queue, data, finished, is_test)
            VALUES (?, ?, ?, 0, ?)
            RETURNING id;
            "
 from db: 0.011421 secs.

{'ok': True, 'accepted': True, 'task_id': 1201125, 'is_test_base': '0', 'queue': 'MES.ERP/ЗП.Этапы.КонтрольИзменений', 'detail': 'Событие принято.'}
2026-09-07 11:09:45 Load req
"INSERT INTO exchange(key, queue, data, is_test) VALUES (?, ?, ?, ?)"
 from db: 0.019362 secs.

2026-09-07 11:10:59 Load req
"
            SELECT id, key, queue, finished, message_status, chat_accepted, is_test
            FROM exchange
            WHERE queue = ? AND key = ?
            ORDER BY id DESC
            LIMIT 1;
            "
 from db: 0.37062 secs.

2026-09-07 11:10:59 Load req
"
            INSERT INTO exchange(key, queue, data, finished, is_test)
            VALUES (?, ?, ?, 0, ?)
            RETURNING id;
            "
 from db: 0.010465 secs.

{'ok': True, 'accepted': True, 'task_id': 1201128, 'is_test_base': '0', 'queue': 'MES.ERP/ЗП.Этапы.КонтрольИзменений', 'detail': 'Событие принято.'}
2026-09-07 11:11:05 Load req
"
            SELECT id, key, queue, finished, message_status, chat_accepted, is_test
            FROM exchange
            WHERE queue = ? AND key = ?
            ORDER BY id DESC
            LIMIT 1;
            "
 from db: 0.378026 secs.

2026-09-07 11:11:05 Load req
"
            INSERT INTO exchange(key, queue, data, finished, is_test)
            VALUES (?, ?, ?, 0, ?)
            RETURNING id;
            "
 from db: 0.010298 secs.

{'ok': True, 'accepted': True, 'task_id': 1201129, 'is_test_base': '0', 'queue': 'MES.ERP/ЗП.Этапы.КонтрольИзменений', 'detail': 'Событие принято.'}
2026-09-07 11:11:05 Load req
"INSERT INTO exchange(key, queue, data, is_test) VALUES (?, ?, ?, ?)"
 from db: 0.029614 secs.

2026-09-07 11:11:54 Load req
"
            SELECT id, key, queue, finished, message_status, chat_accepted, is_test
            FROM exchange
            WHERE queue = ? AND key = ?
            ORDER BY id DESC
            LIMIT 1;
            "
 from db: 0.406677 secs.

2026-09-07 11:11:54 Load req
"
            INSERT INTO exchange(key, queue, data, finished, is_test)
            VALUES (?, ?, ?, 0, ?)
            RETURNING id;
            "
 from db: 0.021348 secs.

{'ok': True, 'accepted': True, 'task_id': 1201131, 'is_test_base': '0', 'queue': 'MES.ERP/ЗП.Этапы.КонтрольИзменений', 'detail': 'Событие принято.'}
2026-09-07 11:12:01 Load req
"INSERT INTO exchange(key, queue, data, is_test) VALUES (?, ?, ?, ?)"
 from db: 0.034864 secs.

2026-09-07 11:13:08 Load req
"
            SELECT id, key, queue, finished, message_status, chat_accepted, is_test
            FROM exchange
            WHERE queue = ? AND key = ?
            ORDER BY id DESC
            LIMIT 1;
            "
 from db: 0.451735 secs.

2026-09-07 11:13:08 Load req
"
            INSERT INTO exchange(key, queue, data, finished, is_test)
            VALUES (?, ?, ?, 0, ?)
            RETURNING id;
            "
 from db: 0.021129 secs.

{'ok': True, 'accepted': True, 'task_id': 1201133, 'is_test_base': '0', 'queue': 'MES.ERP/ЗП.Этапы.КонтрольИзменений', 'detail': 'Событие принято.'}
2026-09-07 11:14:07 Load req
"
            SELECT id, key, queue, finished, message_status, chat_accepted, is_test
            FROM exchange
            WHERE queue = ? AND key = ?
            ORDER BY id DESC
            LIMIT 1;
            "
 from db: 0.368871 secs.
INFO:root:Запись завершена, результат: 1201135
INFO:     192.168.100.50:63374 - "POST /hs/mes/exchange/v1/zp_etaps/changes/ HTTP/1.1" 200 OK
INFO:     192.168.17.97:58175 - "POST /authenticate HTTP/1.1" 200 OK
INFO:root:zp_etaps: obj_full_name='ДокументОбъект.ЭтапПроизводства2_2' GUID=UUID('66239648-9605-11f1-a4b7-30e1716be59f') action_type='MES.ERP/ЗП.Этапы.КонтрольИзменений' is_test=False status='Завершен' is_deleted=False timestamp=1788779698
INFO:root:Запись завершена, результат: 1201136
INFO:     192.168.100.50:63474 - "POST /hs/mes/exchange/v1/zp_etaps/changes/ HTTP/1.1" 200 OK
INFO:     192.168.17.97:58177 - "POST /check-actual-password HTTP/1.1" 200 OK
INFO:root:zp_etaps: obj_full_name='ДокументОбъект.ЭтапПроизводства2_2' GUID=UUID('86f99403-a4f5-11f1-a4ba-30e1716be59f') action_type='MES.ERP/ЗП.Этапы.КонтрольИзменений' is_test=False status='Завершен' is_deleted=False timestamp=1788779746
INFO:root:Запись завершена, результат: 1201137
INFO:     192.168.100.50:63553 - "POST /hs/mes/exchange/v1/zp_etaps/changes/ HTTP/1.1" 200 OK
INFO:root:zp_etaps: obj_full_name='ДокументОбъект.ЭтапПроизводства2_2' GUID=UUID('86f99403-a4f5-11f1-a4ba-30e1716be59f') action_type='MES.ERP/ЗП.Этапы.КонтрольИзменений' is_test=False status='Завершен' is_deleted=False timestamp=1788779764
INFO:root:Запись завершена, результат: 1201138
INFO:     192.168.100.50:63585 - "POST /hs/mes/exchange/v1/zp_etaps/changes/ HTTP/1.1" 200 OK
INFO:root:zp_etaps: obj_full_name='ДокументОбъект.ЭтапПроизводства2_2' GUID=UUID('27500065-a506-11f1-a4ba-30e1716be59f') action_type='MES.ERP/ЗП.Этапы.КонтрольИзменений' is_test=False status='Сформирован' is_deleted=True timestamp=1788779800
INFO:root:Запись завершена, результат: 1201139
INFO:     192.168.100.50:63644 - "POST /hs/mes/exchange/v1/zp_etaps/changes/ HTTP/1.1" 200 OK
INFO:     IS_TEST_BASE: '0'
INFO:     [bitrix24.РаспоряжениеНаДоставку.СинхронизацияТабличнойЧасти] Ответ успешно принят: {'title': '000008088 от 27.08.2026',
 'ufCrm18CountSpots': 1,
 'ufCrm18Customer': 'Пауэрз',
 'ufCrm18DateShipment': '28.08.2026',
 'ufCrm18DimensionsSpots': '200x200x200',
 'ufCrm18GrossWeight': 1.0,
 'ufCrm18Info': 'груз небольшой - Саша\n36 комплеков щеток',
 'ufCrm18Insurance': 0.0,
 'ufCrm18NetWeigth': 1.0,
 'ufCrm18PackingType': 'коробка',
 'ufCrm18Payment': 'Организация',
 'ufCrm18Products': ' Щетки угольные AEG 4931428732 (см. описание) - 39 компл',
 'ufCrm18Recipient': 'Пауэрз, ИНН ',
 'ufCrm18RecipientAddress': '173526, Новгородская обл, р-н Новгородский, рп '
                            'Панковка, ул Индустриальная, д. 19',
 'ufCrm18RecipientContact': 'Шаляпина Марина Сергеевна, +7+79210250050',
 'ufCrm18Shipper': 'ООО "ПАУЭРЗ"',
 'ufCrm18Shipper2': 'ИНТЕРНЕТ РЕШЕНИЯ ООО поставщик',
 'ufCrm18ShipperContact': 'интернет магазин менеджера нет, +78002347000',
 'ufCrm18ShippingAddress': '',
 'ufCrm18ShippingAddress2': 'Панковка, Строительная ул., 17',
 'ufCrm18ShippingMethod': 'На усмотрение транспортной службы',
 'ufCrm18Volume': 0.008,
 'xmlId': '361d26c1-a1ef-11f1-a4b9-30e1716be59e'}
INFO:     192.168.100.50:63687 - "POST /hs/mes/exchange/v1/order-delivery/ HTTP/1.1" 200 OK
INFO:root:zp_etaps: obj_full_name='ДокументОбъект.ЭтапПроизводства2_2' GUID=UUID('aeb9bf0f-9628-11f1-a4b7-30e1716be59f') action_type='MES.ERP/ЗП.Этапы.КонтрольИзменений' is_test=False status='Завершен' is_deleted=False timestamp=1788779864
INFO:root:Запись завершена, результат: 1201143
INFO:     192.168.100.50:63769 - "POST /hs/mes/exchange/v1/zp_etaps/changes/ HTTP/1.1" 200 OK
INFO:     192.168.19.95:65214 - "POST /check-actual-password HTTP/1.1" 200 OK
INFO:     192.168.19.95:65229 - "POST /check-actual-password HTTP/1.1" 200 OK
INFO:root:zp_etaps: obj_full_name='ДокументОбъект.ЭтапПроизводства2_2' GUID=UUID('c83a7807-9a16-11f1-a4b8-30e1716be59f') action_type='MES.ERP/ЗП.Этапы.КонтрольИзменений' is_test=False status='Начат' is_deleted=False timestamp=1788779936
INFO:root:Запись завершена, результат: 1201144
INFO:     192.168.100.50:63911 - "POST /hs/mes/exchange/v1/zp_etaps/changes/ HTTP/1.1" 200 OK
INFO:     192.168.17.86:61111 - "POST /authenticate HTTP/1.1" 200 OK
INFO:     192.168.20.100:50453 - "GET /files/py/packages/list/ HTTP/1.1" 200 OK
INFO:     192.168.17.86:61114 - "POST /authenticate HTTP/1.1" 200 OK
Collecting lxml==5.3.0
  Downloading lxml-5.3.0-cp313-cp313-win_amd64.whl.metadata (3.9 kB)
Collecting numpy==2.4.3
  Downloading numpy-2.4.3-cp313-cp313-win_amd64.whl.metadata (6.6 kB)
Collecting opencv-python==4.13.0.92
  Downloading opencv_python-4.13.0.92-cp37-abi3-win_amd64.whl.metadata (20 kB)
Collecting psycopg-binary==3.3.3
  Downloading psycopg_binary-3.3.3-cp313-cp313-win_amd64.whl.metadata (2.7 kB)
Collecting psycopg==3.3.3
  Downloading psycopg-3.3.3-py3-none-any.whl.metadata (4.3 kB)
Collecting scipy==1.18.0
  Downloading scipy-1.18.0-cp313-cp313-win_amd64.whl.metadata (61 kB)
Collecting typing_extensions==4.12.2
  Downloading typing_extensions-4.12.2-py3-none-any.whl.metadata (3.0 kB)
Collecting tzdata==2026.1
  Downloading tzdata-2026.1-py2.py3-none-any.whl.metadata (1.4 kB)
Downloading lxml-5.3.0-cp313-cp313-win_amd64.whl (3.8 MB)
   ---------------------------------------- 3.8/3.8 MB 6.3 MB/s  0:00:00
Downloading numpy-2.4.3-cp313-cp313-win_amd64.whl (12.3 MB)
INFO:     192.168.17.86:61118 - "POST /authenticate HTTP/1.1" 200 OK
   ---------------------------------------- 12.3/12.3 MB 8.4 MB/s  0:00:01
Downloading opencv_python-4.13.0.92-cp37-abi3-win_amd64.whl (40.2 MB)
INFO:     192.168.19.68:64069 - "POST /authenticate HTTP/1.1" 200 OK
   ---------------------------------------- 40.2/40.2 MB 7.1 MB/s  0:00:05
Downloading psycopg_binary-3.3.3-cp313-cp313-win_amd64.whl (3.6 MB)
   ---------------------------------------- 3.6/3.6 MB 8.4 MB/s  0:00:00
Downloading psycopg-3.3.3-py3-none-any.whl (212 kB)
INFO:     192.168.17.86:61123 - "POST /check-actual-password HTTP/1.1" 200 OK
Downloading scipy-1.18.0-cp313-cp313-win_amd64.whl (36.6 MB)
   ---------------------------------------- 36.6/36.6 MB 9.6 MB/s  0:00:03
Downloading typing_extensions-4.12.2-py3-none-any.whl (37 kB)
Downloading tzdata-2026.1-py2.py3-none-any.whl (348 kB)
Saved c:\users\sv.mes\appdata\local\temp\mes-packages\f1dcc28042e5e561bc089810dc5a5818a878dd44be03712b0baee067b54b0385-k8rb_3ff\downloads\lxml-5.3.0-cp313-cp313-win_amd64.whl
Saved c:\users\sv.mes\appdata\local\temp\mes-packages\f1dcc28042e5e561bc089810dc5a5818a878dd44be03712b0baee067b54b0385-k8rb_3ff\downloads\numpy-2.4.3-cp313-cp313-win_amd64.whl
Saved c:\users\sv.mes\appdata\local\temp\mes-packages\f1dcc28042e5e561bc089810dc5a5818a878dd44be03712b0baee067b54b0385-k8rb_3ff\downloads\opencv_python-4.13.0.92-cp37-abi3-win_amd64.whl
Saved c:\users\sv.mes\appdata\local\temp\mes-packages\f1dcc28042e5e561bc089810dc5a5818a878dd44be03712b0baee067b54b0385-k8rb_3ff\downloads\psycopg_binary-3.3.3-cp313-cp313-win_amd64.whl
Saved c:\users\sv.mes\appdata\local\temp\mes-packages\f1dcc28042e5e561bc089810dc5a5818a878dd44be03712b0baee067b54b0385-k8rb_3ff\downloads\psycopg-3.3.3-py3-none-any.whl
Saved c:\users\sv.mes\appdata\local\temp\mes-packages\f1dcc28042e5e561bc089810dc5a5818a878dd44be03712b0baee067b54b0385-k8rb_3ff\downloads\scipy-1.18.0-cp313-cp313-win_amd64.whl
Saved c:\users\sv.mes\appdata\local\temp\mes-packages\f1dcc28042e5e561bc089810dc5a5818a878dd44be03712b0baee067b54b0385-k8rb_3ff\downloads\typing_extensions-4.12.2-py3-none-any.whl
Saved c:\users\sv.mes\appdata\local\temp\mes-packages\f1dcc28042e5e561bc089810dc5a5818a878dd44be03712b0baee067b54b0385-k8rb_3ff\downloads\tzdata-2026.1-py2.py3-none-any.whl
Successfully downloaded lxml numpy opencv-python psycopg-binary psycopg scipy typing_extensions tzdata
INFO:root:zp_etaps: obj_full_name='ДокументОбъект.ЭтапПроизводства2_2' GUID=UUID('c83a7807-9a16-11f1-a4b8-30e1716be59f') action_type='MES.ERP/ЗП.Этапы.КонтрольИзменений' is_test=False status='Завершен' is_deleted=False timestamp=1788779989
INFO:root:Запись завершена, результат: 1201145
INFO:     192.168.100.50:63988 - "POST /hs/mes/exchange/v1/zp_etaps/changes/ HTTP/1.1" 200 OK
INFO:     192.168.20.100:50457 - "POST /files/py/packages/ HTTP/1.1" 200 OK
INFO:     192.168.17.140:61360 - "POST /api/v1/revit/nomens HTTP/1.1" 500 Internal Server Error
ERROR:    Exception in ASGI application
Traceback (most recent call last):
  File "C:\srv_mes\srv_mes\python\Lib\site-packages\uvicorn\protocols\http\httptools_impl.py", line 416, in run_asgi
    result = await app(  # type: ignore[func-returns-value]
             ^^^^^^^^^^^^^^^^^^^^^^^^^^^^^^^^^^^^^^^^^^^^^^
        self.scope, self.receive, self.send
        ^^^^^^^^^^^^^^^^^^^^^^^^^^^^^^^^^^^
    )
    ^
  File "C:\srv_mes\srv_mes\python\Lib\site-packages\uvicorn\middleware\proxy_headers.py", line 60, in __call__
    return await self.app(scope, receive, send)
           ^^^^^^^^^^^^^^^^^^^^^^^^^^^^^^^^^^^^
  File "C:\srv_mes\srv_mes\python\Lib\site-packages\fastapi\applications.py", line 1054, in __call__
    await super().__call__(scope, receive, send)
  File "C:\srv_mes\srv_mes\python\Lib\site-packages\starlette\applications.py", line 113, in __call__
    await self.middleware_stack(scope, receive, send)
  File "C:\srv_mes\srv_mes\python\Lib\site-packages\starlette\middleware\errors.py", line 186, in __call__
    raise exc
  File "C:\srv_mes\srv_mes\python\Lib\site-packages\starlette\middleware\errors.py", line 164, in __call__
    await self.app(scope, receive, _send)
  File "C:\srv_mes\srv_mes\python\Lib\site-packages\starlette\middleware\cors.py", line 85, in __call__
    await self.app(scope, receive, send)
  File "C:\srv_mes\srv_mes\python\Lib\site-packages\starlette\middleware\exceptions.py", line 63, in __call__
    await wrap_app_handling_exceptions(self.app, conn)(scope, receive, send)
  File "C:\srv_mes\srv_mes\python\Lib\site-packages\starlette\_exception_handler.py", line 53, in wrapped_app
    raise exc
  File "C:\srv_mes\srv_mes\python\Lib\site-packages\starlette\_exception_handler.py", line 42, in wrapped_app
    await app(scope, receive, sender)
  File "C:\srv_mes\srv_mes\python\Lib\site-packages\starlette\routing.py", line 716, in __call__
    await self.middleware_stack(scope, receive, send)
  File "C:\srv_mes\srv_mes\python\Lib\site-packages\starlette\routing.py", line 736, in app
    await route.handle(scope, receive, send)
  File "C:\srv_mes\srv_mes\python\Lib\site-packages\starlette\routing.py", line 290, in handle
    await self.app(scope, receive, send)
  File "C:\srv_mes\srv_mes\python\Lib\site-packages\starlette\routing.py", line 78, in app
    await wrap_app_handling_exceptions(app, request)(scope, receive, send)
  File "C:\srv_mes\srv_mes\python\Lib\site-packages\starlette\_exception_handler.py", line 53, in wrapped_app
    raise exc
  File "C:\srv_mes\srv_mes\python\Lib\site-packages\starlette\_exception_handler.py", line 42, in wrapped_app
    await app(scope, receive, sender)
  File "C:\srv_mes\srv_mes\python\Lib\site-packages\starlette\routing.py", line 75, in app
    response = await f(request)
               ^^^^^^^^^^^^^^^^
  File "C:\srv_mes\srv_mes\python\Lib\site-packages\fastapi\routing.py", line 302, in app
    raw_response = await run_endpoint_function(
                   ^^^^^^^^^^^^^^^^^^^^^^^^^^^^
    ...<3 lines>...
    )
    ^
  File "C:\srv_mes\srv_mes\python\Lib\site-packages\fastapi\routing.py", line 215, in run_endpoint_function
    return await run_in_threadpool(dependant.call, **values)
           ^^^^^^^^^^^^^^^^^^^^^^^^^^^^^^^^^^^^^^^^^^^^^^^^^
  File "C:\srv_mes\srv_mes\python\Lib\site-packages\starlette\concurrency.py", line 38, in run_in_threadpool
    return await anyio.to_thread.run_sync(func)
           ^^^^^^^^^^^^^^^^^^^^^^^^^^^^^^^^^^^^
  File "C:\srv_mes\srv_mes\python\Lib\site-packages\anyio\to_thread.py", line 56, in run_sync
    return await get_async_backend().run_sync_in_worker_thread(
           ^^^^^^^^^^^^^^^^^^^^^^^^^^^^^^^^^^^^^^^^^^^^^^^^^^^^
        func, args, abandon_on_cancel=abandon_on_cancel, limiter=limiter
        ^^^^^^^^^^^^^^^^^^^^^^^^^^^^^^^^^^^^^^^^^^^^^^^^^^^^^^^^^^^^^^^^
    )
    ^
  File "C:\srv_mes\srv_mes\python\Lib\site-packages\anyio\_backends\_asyncio.py", line 2476, in run_sync_in_worker_thread
    return await future
           ^^^^^^^^^^^^
  File "C:\srv_mes\srv_mes\python\Lib\site-packages\anyio\_backends\_asyncio.py", line 967, in run
    result = context.run(func, *args)
  File "C:\srv_mes\srv_mes\API_server\revit_router.py", line 200, in nomens
    started = time.monotonic()
KeyError: 'parent_ref'
INFO:     192.168.17.86:61128 - "POST /check-actual-password HTTP/1.1" 200 OK
INFO:     192.168.17.140:61361 - "POST /api/v1/revit/nomens HTTP/1.1" 500 Internal Server Error
ERROR:    Exception in ASGI application
Traceback (most recent call last):
  File "C:\srv_mes\srv_mes\python\Lib\site-packages\uvicorn\protocols\http\httptools_impl.py", line 416, in run_asgi
    result = await app(  # type: ignore[func-returns-value]
             ^^^^^^^^^^^^^^^^^^^^^^^^^^^^^^^^^^^^^^^^^^^^^^
        self.scope, self.receive, self.send
        ^^^^^^^^^^^^^^^^^^^^^^^^^^^^^^^^^^^
    )
    ^
  File "C:\srv_mes\srv_mes\python\Lib\site-packages\uvicorn\middleware\proxy_headers.py", line 60, in __call__
    return await self.app(scope, receive, send)
           ^^^^^^^^^^^^^^^^^^^^^^^^^^^^^^^^^^^^
  File "C:\srv_mes\srv_mes\python\Lib\site-packages\fastapi\applications.py", line 1054, in __call__
    await super().__call__(scope, receive, send)
  File "C:\srv_mes\srv_mes\python\Lib\site-packages\starlette\applications.py", line 113, in __call__
    await self.middleware_stack(scope, receive, send)
  File "C:\srv_mes\srv_mes\python\Lib\site-packages\starlette\middleware\errors.py", line 186, in __call__
    raise exc
  File "C:\srv_mes\srv_mes\python\Lib\site-packages\starlette\middleware\errors.py", line 164, in __call__
    await self.app(scope, receive, _send)
  File "C:\srv_mes\srv_mes\python\Lib\site-packages\starlette\middleware\cors.py", line 85, in __call__
    await self.app(scope, receive, send)
  File "C:\srv_mes\srv_mes\python\Lib\site-packages\starlette\middleware\exceptions.py", line 63, in __call__
    await wrap_app_handling_exceptions(self.app, conn)(scope, receive, send)
  File "C:\srv_mes\srv_mes\python\Lib\site-packages\starlette\_exception_handler.py", line 53, in wrapped_app
    raise exc
  File "C:\srv_mes\srv_mes\python\Lib\site-packages\starlette\_exception_handler.py", line 42, in wrapped_app
    await app(scope, receive, sender)
  File "C:\srv_mes\srv_mes\python\Lib\site-packages\starlette\routing.py", line 716, in __call__
    await self.middleware_stack(scope, receive, send)
  File "C:\srv_mes\srv_mes\python\Lib\site-packages\starlette\routing.py", line 736, in app
    await route.handle(scope, receive, send)
  File "C:\srv_mes\srv_mes\python\Lib\site-packages\starlette\routing.py", line 290, in handle
    await self.app(scope, receive, send)
  File "C:\srv_mes\srv_mes\python\Lib\site-packages\starlette\routing.py", line 78, in app
    await wrap_app_handling_exceptions(app, request)(scope, receive, send)
  File "C:\srv_mes\srv_mes\python\Lib\site-packages\starlette\_exception_handler.py", line 53, in wrapped_app
    raise exc
  File "C:\srv_mes\srv_mes\python\Lib\site-packages\starlette\_exception_handler.py", line 42, in wrapped_app
    await app(scope, receive, sender)
  File "C:\srv_mes\srv_mes\python\Lib\site-packages\starlette\routing.py", line 75, in app
    response = await f(request)
               ^^^^^^^^^^^^^^^^
  File "C:\srv_mes\srv_mes\python\Lib\site-packages\fastapi\routing.py", line 302, in app
    raw_response = await run_endpoint_function(
                   ^^^^^^^^^^^^^^^^^^^^^^^^^^^^
    ...<3 lines>...
    )
    ^
  File "C:\srv_mes\srv_mes\python\Lib\site-packages\fastapi\routing.py", line 215, in run_endpoint_function
    return await run_in_threadpool(dependant.call, **values)
           ^^^^^^^^^^^^^^^^^^^^^^^^^^^^^^^^^^^^^^^^^^^^^^^^^
  File "C:\srv_mes\srv_mes\python\Lib\site-packages\starlette\concurrency.py", line 38, in run_in_threadpool
    return await anyio.to_thread.run_sync(func)
           ^^^^^^^^^^^^^^^^^^^^^^^^^^^^^^^^^^^^
  File "C:\srv_mes\srv_mes\python\Lib\site-packages\anyio\to_thread.py", line 56, in run_sync
    return await get_async_backend().run_sync_in_worker_thread(
           ^^^^^^^^^^^^^^^^^^^^^^^^^^^^^^^^^^^^^^^^^^^^^^^^^^^^
        func, args, abandon_on_cancel=abandon_on_cancel, limiter=limiter
        ^^^^^^^^^^^^^^^^^^^^^^^^^^^^^^^^^^^^^^^^^^^^^^^^^^^^^^^^^^^^^^^^
    )
    ^
  File "C:\srv_mes\srv_mes\python\Lib\site-packages\anyio\_backends\_asyncio.py", line 2476, in run_sync_in_worker_thread
    return await future
           ^^^^^^^^^^^^
  File "C:\srv_mes\srv_mes\python\Lib\site-packages\anyio\_backends\_asyncio.py", line 967, in run
    result = context.run(func, *args)
  File "C:\srv_mes\srv_mes\API_server\revit_router.py", line 200, in nomens
    started = time.monotonic()
KeyError: 'parent_ref'
INFO:     Shutting down
INFO:     Waiting for application shutdown.
INFO:     Application shutdown complete.
INFO:     Finished server process [73504]

---------------
2026-09-07 11:20:19.502583 wet_req start:
            ВЫБРАТЬ
        СтруктураПредприятия.Наименование КАК Наименование,
        СтруктураПредприятия.Родитель.Представление КАК РодительПредставление,
        СтруктураПредприятия.Код КАК Код
    ИЗ
        Справочник.СтруктураПредприятия КАК СтруктураПредприятия
    ГДЕ
        СтруктураПредприятия.ПометкаУдаления = ЛОЖЬ
        И СтруктураПредприятия.Родитель.Ссылка В ИЕРАРХИИ            (ВЫБРАТЬ ПЕРВЫЕ 1
                СтруктураПредприятия.Ссылка КАК Ссылка
            ИЗ
                Справочник.СтруктураПредприятия КАК СтруктураПредприятия
            ГДЕ
                СтруктураПредприятия.ПометкаУдаления = ЛОЖЬ
                )
    УПОРЯДОЧИТЬ ПО
        Наименование

wet_req end PC 0.009062 secs.

---------------
2026-09-07 11:20:19.511927 wet_req start:
            ВЫБРАТЬ
                РесурсныеСпецификации.Наименование КАК Наименование,
                РесурсныеСпецификации.Родитель.Представление КАК РодительПредставление,
                РесурсныеСпецификации.Код КАК Код
            ИЗ
                Справочник.РесурсныеСпецификации КАК РесурсныеСпецификации
            ГДЕ
                РесурсныеСпецификации.ПометкаУдаления = ЛОЖЬ
                И РесурсныеСпецификации.ЭтоГруппа = ИСТИНА

            УПОРЯДОЧИТЬ ПО
                Наименование

wet_req end PC 0.000859 secs.

---------------
2026-09-07 11:20:19.515019 wet_req start:
            ВЫБРАТЬ
    ПРЕДСТАВЛЕНИЕ(СпособыРаспределенияЗатратНаВыходныеИзделия.Ссылка) КАК Наименование,
    СпособыРаспределенияЗатратНаВыходныеИзделия.Порядок КАК Порядок,
        УНИКАЛЬНЫЙИДЕНТИФИКАТОР(СпособыРаспределенияЗатратНаВыходныеИзделия.Ссылка) КАК ref_key
ИЗ
    Перечисление.СпособыРаспределенияЗатратНаВыходныеИзделия КАК СпособыРаспределенияЗатратНаВыходныеИзделия


wet_req end PC 0.00054 secs.

---------------
2026-09-07 11:20:19.515661 wet_req start: ВЫБРАТЬ
                СтатьиКалькуляции.Наименование КАК Наименование,
                УНИКАЛЬНЫЙИДЕНТИФИКАТОР(СтатьиКалькуляции.Ссылка) КАК ref_key,
                СтатьиКалькуляции.Родитель.Наименование КАК РодительПредставление
            ИЗ
                Справочник.СтатьиКалькуляции КАК СтатьиКалькуляции
            ГДЕ
                СтатьиКалькуляции.ЭтоГруппа = ЛОЖЬ
                И СтатьиКалькуляции.ПометкаУдаления = ЛОЖЬ
wet_req end PC 0.000655 secs.

---------------
2026-09-07 11:20:19.517820 wet_req start:
            ВЫБРАТЬ
    ПРЕДСТАВЛЕНИЕ(СпособыПолученияМатериаловВСпецификации.Ссылка) КАК Наименование,
    СпособыПолученияМатериаловВСпецификации.Порядок КАК Порядок,
        УНИКАЛЬНЫЙИДЕНТИФИКАТОР(СпособыПолученияМатериаловВСпецификации.Ссылка) КАК ref_key
ИЗ
    Перечисление.СпособыПолученияМатериаловВСпецификации КАК СпособыПолученияМатериаловВСпецификации


wet_req end PC 0.000625 secs.

---------------
2026-09-07 11:20:19.518511 wet_req start:
        ВЫБРАТЬ

            ВидыРаботСотрудников.Наименование КАК Наименование,
            ВидыРаботСотрудников.Код КАК Код,
            ВидыРаботСотрудников.Родитель.Представление КАК Родитель,
            УНИКАЛЬНЫЙИДЕНТИФИКАТОР(ВидыРаботСотрудников.Ссылка) КАК ref_key
        ИЗ
            Справочник.ВидыРаботСотрудников КАК ВидыРаботСотрудников
        ГДЕ
            ВидыРаботСотрудников.ПометкаУдаления = ЛОЖЬ

        УПОРЯДОЧИТЬ ПО
            Наименование

wet_req end PC 0.000705 secs.

---------------
2026-09-07 11:20:19.521748 wet_req start:
ВЫБРАТЬ
    СтавкиНДС.Наименование КАК Наименование,
    УНИКАЛЬНЫЙИДЕНТИФИКАТОР(СтавкиНДС.Ссылка) КАК ref_key
ИЗ
    Справочник.СтавкиНДС КАК СтавкиНДС
 ГДЕ
            СтавкиНДС.ПометкаУдаления = ЛОЖЬ
        УПОРЯДОЧИТЬ ПО
            Наименование

wet_req end PC 0.000541 secs.

---------------
2026-09-07 11:20:19.522484 wet_req start:
ВЫБРАТЬ
    ПРЕДСТАВЛЕНИЕ(ТипыНоменклатуры.Ссылка) КАК Наименование,
    ТипыНоменклатуры.Порядок КАК Порядок,
        УНИКАЛЬНЫЙИДЕНТИФИКАТОР(ТипыНоменклатуры.Ссылка) КАК ref_key
ИЗ
    Перечисление.ТипыНоменклатуры КАК ТипыНоменклатуры

wet_req end PC 0.000434 secs.

---------------
2026-09-07 11:20:19.522997 wet_req start:
ВЫБРАТЬ
    ВидыНоменклатуры.Родитель.Наименование КАК РодительНаименование,
    ВидыНоменклатуры.Наименование КАК Наименование,
    ВидыНоменклатуры.ЭтоГруппа КАК ЭтоГруппа,
    УНИКАЛЬНЫЙИДЕНТИФИКАТОР(ВидыНоменклатуры.Ссылка) КАК ref_key
ИЗ
    Справочник.ВидыНоменклатуры КАК ВидыНоменклатуры
ГДЕ
    ВидыНоменклатуры.ЭтоГруппа = ЛОЖЬ
    И ВидыНоменклатуры.ПометкаУдаления = ЛОЖЬ

wet_req end PC 0.001461 secs.

---------------
2026-09-07 11:20:19.533351 wet_req start:
ВЫБРАТЬ
    Номенклатура.Наименование КАК Наименование,
    Номенклатура.Код КАК Код,
    УНИКАЛЬНЫЙИДЕНТИФИКАТОР(Номенклатура.Ссылка) КАК ref_key,
    Номенклатура.ЭтоГруппа КАК ЭтоГруппа,
    Номенклатура.Родитель.Код + " " + Номенклатура.Родитель.Наименование КАК Родитель
ИЗ
    Справочник.Номенклатура КАК Номенклатура
ГДЕ
    Номенклатура.ЭтоГруппа = ИСТИНА
    И Номенклатура.ПометкаУдаления = ЛОЖЬ            import config try...
import config success
==== Проверка подключения диска: 'Z:' ====
Диск 'Z:' подключен
======Загрузка настроек C:\srv_mes\srv_mes\API_server\======
    C:\srv_mes\srv_mes\Config\CFG.cfg
    Z:\Data
    SRV:Naryad.db
    ОТК,контоль,контроля
    SRV:DB_kplan.db
    SRV:BD_resxml.db
    SRV:BD_dse.db
    SRV:DB_nomenklatura_erp.db
    SRV:BD_files.db
    SRV:BD_users.db
=====Успешно=====
Cursors imported
2026-09-07 11:20:19 Load req
"SELECT * FROM config "
 from db: 0.017283 secs.

2026-09-07 11:20:19 Load req
"SELECT COUNT(*) as cnt FROM app_config  WHERE module = ?"
 from db: 0.01977 secs.

Приложение "API_server.py" не найдено в таблице "app_config"
2026-09-07 11:20:19 Load req
"SELECT "Имя" FROM places"
 from db: 0.022159 secs.

2026-09-07 11:20:19 Load req
"SELECT name FROM "bases_ERP" where type_base = ?; "
 from db: 0.007306 secs.

2026-09-07 11:20:19 Load req
"SELECT name FROM "bases_ERP" where type_base = ?; "
 from db: 0.007132 secs.

2026-09-07 11:20:19 Load req
"
    SELECT "s_num",
       "name",
       "КластерСерверов"
  FROM "bases_ERP" WHERE name = ?;
"
 from db: 0.006955 secs.

2026-09-07 11:20:19 Load req
"
    SELECT "s_num",
       "name",
       "КластерСерверов"
  FROM "bases_ERP" WHERE name = ?;
"
 from db: 0.006687 secs.

2026-09-07 11:20:19 Load req
"
        WITH slice AS (
            SELECT *
              FROM (
                       SELECT "КадроваяИстория"."ФизическоеЛицо_Key",
                                "КадроваяИстория"."Должность_Key",
                                "Должности"."Наименование" as "Должность_Наименование",
                                "КадроваяИстория"."Подразделение_Key",
                                "КадроваяИстория"."Организация_Key",
                                "КадроваяИстория"."Сотрудник_Key",
                                "КадроваяИстория"."Период",
                                "КадроваяИстория".id,
                                "Подразделения"."Организация_poki",
                              ROW_NUMBER() OVER (PARTITION BY "КадроваяИстория"."ФизическоеЛицо_Key" ORDER BY "КадроваяИстория"."Период" DESC) AS rn
                         FROM "КадроваяИстория"
                         inner join "ФизическиеЛица" ON "ФизическиеЛица"."ФизическоеЛицо_Key" = "КадроваяИстория"."ФизическоеЛицо_Key"
                         inner join "Должности" ON "Должности"."Ref_Key" = "КадроваяИстория"."Должность_Key"
                         inner join "Подразделения" ON "Подразделения"."Подразделение_Key" = "КадроваяИстория"."Подразделение_Key"
                        WHERE "ФизическиеЛица"."Наименование" = ?
                   )
                   AS ranked
             WHERE rn = 1
             ORDER BY id
)
 SELECT
        "employee"."ФИО" as "ФИО",
        "employee"."Пномер" as "Пномер",
        "employee"."Должность" as "Должность",
        "employee"."Статус" as "Статус",
        "employee"."Подразделение" as "Подразделение",
        "employee"."Режим" as "Режим",
        "employee"."Компания" as "Компания",
        "employee"."ID_ФизЛица" as "ID_ФизЛица",
        "employee"."ВидЗанятости" as "ВидЗанятости",
        "employee"."ДатаИзмененияДолжности" as "ДатаИзмененияДолжности",
        "ФизическиеЛица"."Фамилия" as "Фамилия",
        "ФизическиеЛица"."Имя" as "Имя",
        "ФизическиеЛица"."Отчество" as "Отчество",
        "ФизическиеЛица"."Пол" as "Пол",
        "ФизическиеЛица".login as login,
        "ФизическиеЛица".id_bitrix as id_bitrix,
        "slice"."Должность_Key" as "current_Должность_Key",
        "slice"."Должность_Наименование" as "current_Должность",
        "slice"."Подразделение_Key" as "current_Подразделение_Key",
        "slice"."Организация_Key" as "current_Организация_Key",
        "slice"."Сотрудник_Key" as "current_Сотрудник_Key",
        "slice"."Организация_poki" as "current_Организация_poki"
         FROM employee
         LEFT JOIN "ФизическиеЛица" ON "ФизическиеЛица"."ФизическоеЛицо_Key" = "employee"."ID_ФизЛица"
         LEFT JOIN "slice" on "slice"."ФизическоеЛицо_Key" = "ФизическиеЛица"."ФизическоеЛицо_Key"
        WHERE "employee"."ФИО" = ? ;"
 from db: 0.018877 secs.

INFO:     Started server process [62156]
INFO:     Waiting for application startup.
INFO:     Application startup complete.
INFO:     Uvicorn running on http://192.168.100.135:20011 (Press CTRL+C to quit)

wet_req end PC 0.000778 secs.

---------------
2026-09-07 11:20:19.534244 wet_req start:
ВЫБРАТЬ
    ГруппыДоступаНоменклатуры.Наименование КАК Наименование,
    УНИКАЛЬНЫЙИДЕНТИФИКАТОР(ГруппыДоступаНоменклатуры.Ссылка) КАК ref_key
ИЗ
    Справочник.ГруппыДоступаНоменклатуры КАК ГруппыДоступаНоменклатуры
 ГДЕ
            ГруппыДоступаНоменклатуры.ПометкаУдаления = ЛОЖЬ
        УПОРЯДОЧИТЬ ПО
            Наименование

wet_req end PC 0.000578 secs.

---------------
2026-09-07 11:20:19.535779 wet_req start:
ВЫБРАТЬ
    ПРЕДСТАВЛЕНИЕ(ВариантыОформленияПродажи.Ссылка) КАК Наименование,
    ВариантыОформленияПродажи.Порядок КАК Порядок,
        УНИКАЛЬНЫЙИДЕНТИФИКАТОР(ВариантыОформленияПродажи.Ссылка) КАК ref_key
ИЗ
    Перечисление.ВариантыОформленияПродажи КАК ВариантыОформленияПродажи

wet_req end PC 0.000513 secs.

---------------
2026-09-07 11:20:19.536387 wet_req start:
            ВЫБРАТЬ РАЗЛИЧНЫЕ
                УНИКАЛЬНЫЙИДЕНТИФИКАТОР(УпаковкиЕдиницыИзмерения.Ссылка) КАК ref_key,
                УпаковкиЕдиницыИзмерения.Код КАК Код,
                УпаковкиЕдиницыИзмерения.Наименование КАК Наименование,
                УпаковкиЕдиницыИзмерения.НаименованиеПолное КАК НаименованиеПолное
            ИЗ
                Справочник.УпаковкиЕдиницыИзмерения КАК УпаковкиЕдиницыИзмерения
            ГДЕ
                УпаковкиЕдиницыИзмерения.ПометкаУдаления = ЛОЖЬ
                И УпаковкиЕдиницыИзмерения.НаименованиеПолное <> ""

            УПОРЯДОЧИТЬ ПО
                Наименование

wet_req end PC 0.00112 secs.

---------------
2026-09-07 11:20:19.542866 wet_req start:
ВЫБРАТЬ
УНИКАЛЬНЫЙИДЕНТИФИКАТОР(ГруппыАналитическогоУчетаНоменклатуры.Ссылка) КАК ref_key,
    ГруппыАналитическогоУчетаНоменклатуры.Наименование КАК Наименование,
    ГруппыАналитическогоУчетаНоменклатуры.Родитель.Представление КАК РодительПредставление,
    ГруппыАналитическогоУчетаНоменклатуры.ЭтоГруппа КАК ЭтоГруппа
ИЗ
    Справочник.ГруппыАналитическогоУчетаНоменклатуры КАК ГруппыАналитическогоУчетаНоменклатуры
ГДЕ
    ГруппыАналитическогоУчетаНоменклатуры.ЭтоГруппа = ЛОЖЬ
    И ГруппыАналитическогоУчетаНоменклатуры.ПометкаУдаления = ЛОЖЬ

wet_req end PC 0.000668 secs.

---------------
2026-09-07 11:20:19.544519 wet_req start:
ВЫБРАТЬ
    УНИКАЛЬНЫЙИДЕНТИФИКАТОР(ГруппыФинансовогоУчетаНоменклатуры.Ссылка) КАК ref_key,
    ГруппыФинансовогоУчетаНоменклатуры.Родитель.Представление КАК Родитель,

    ГруппыФинансовогоУчетаНоменклатуры.Наименование КАК Наименование,
    ГруппыФинансовогоУчетаНоменклатуры.ЭтоГруппа КАК ЭтоГруппа,

    ГруппыФинансовогоУчетаНоменклатуры.ВидЦенностиНДС КАК ВидЦенностиНДС
ИЗ
    Справочник.ГруппыФинансовогоУчетаНоменклатуры КАК ГруппыФинансовогоУчетаНоменклатуры
ГДЕ
    ГруппыФинансовогоУчетаНоменклатуры.ЭтоГруппа = ЛОЖЬ
    И ГруппыФинансовогоУчетаНоменклатуры.ПометкаУдаления = ЛОЖЬ

wet_req end PC 0.000602 secs.
No module named 'revit_contract'
INFO:     192.168.20.100:50530 - "GET / HTTP/1.1" 200 OK
INFO:     192.168.20.100:50531 - "GET /files/project-cust/hash/ HTTP/1.1" 200 OK
INFO:     192.168.20.100:50534 - "GET / HTTP/1.1" 200 OK
INFO:     192.168.20.100:50535 - "GET / HTTP/1.1" 200 OK
INFO:     192.168.20.100:50536 - "GET /files/project-cust/ HTTP/1.1" 200 OK
INFO:     192.168.17.140:61414 - "POST /api/v1/revit/nomens HTTP/1.1" 404 Not Found
INFO:     192.168.17.55:57526 - "POST /check-actual-password HTTP/1.1" 200 OK
INFO:     192.168.17.55:57541 - "POST /check-actual-password HTTP/1.1" 200 OK
get_prices -  -  - 2026-09-07 11:22:02 -
==== Объединение цен по номенклатуре из трех источников ====
get_prices -  -  - 2026-09-07 11:22:02 - 2026-09-07 11:22:02 Load req
"SELECT s_num, resp_date,
            CASE WHEN datetime(resp_date) >= datetime('2026-09-06 11:22:02.614165')
        THEN file
        ELSE null
        END AS file,

              hash_file FROM odata_lazy_resps
            where resp = 'd80db345fff8dc29f229e7270a0179dd' limit 1"
 from db: 0.02725 secs.
get_prices -  -  - 2026-09-07 11:22:02 - 2026-09-07 11:22:02 Load req
"SELECT s_num, resp_date,
            CASE WHEN datetime(resp_date) >= datetime('2026-09-07 11:07:02.717123')
        THEN file
        ELSE null
        END AS file,

              hash_file FROM odata_lazy_resps
            where resp = '6315f2844d117869758be140aeefa739' limit 1"
 from db: 0.017636 secs.
get_prices -  -  - 2026-09-07 11:22:06 - 2026-09-07 11:22:06 Load req
"UPDATE odata_lazy_resps set (resp_date, file, file_size, hash_file ) = (?,?,?,?) WHERE s_num == 37;"
 from db: 0.048474 secs.
get_prices -  -  - 2026-09-07 11:22:06 - 2026-09-07 11:22:06 Load req
"SELECT s_num, resp_date,
            CASE WHEN datetime(resp_date) >= datetime('2026-09-07 11:07:06.802979')
        THEN file
        ELSE null
        END AS file,

              hash_file FROM odata_lazy_resps
            where resp = 'f80ceac8bcba534ae0d2db6ac163d375' limit 1"
 from db: 0.027975 secs.
get_prices -  -  - 2026-09-07 11:22:08 - 2026-09-07 11:22:08 Load req
"UPDATE odata_lazy_resps set (resp_date ) = (?) WHERE s_num == 38;"
 from db: 0.021692 secs.
get_prices -  -  - 2026-09-07 11:22:08 - 2026-09-07 11:22:08 Load req
"SELECT s_num, resp_date,
            CASE WHEN datetime(resp_date) >= datetime('2026-09-07 11:07:08.777312')
        THEN file
        ELSE null
        END AS file,

              hash_file FROM odata_lazy_resps
            where resp = '3c5da930ff1356a68a29eaaaabccbf17' limit 1"
 from db: 0.018603 secs.
get_prices -  -  - 2026-09-07 11:22:10 - 2026-09-07 11:22:10 Load req
"UPDATE odata_lazy_resps set (resp_date ) = (?) WHERE s_num == 39;"
 from db: 0.023573 secs.
get_prices -  -  - 2026-09-07 11:22:11 - —Номенклатура: 00-00000006 БСТВ (МТПБ) 50 мм  Цена: 6110
—Номенклатура: 00-00000013 Изо Керам 19 мм (128 кг/м3)  Цена: 486.3
—Номенклатура: 00-00000026 Оксфорд (чёрный)  Цена: 67.42
—Номенклатура: 00-00000030 Полифом 5 мм  Цена: 183.61
—Номенклатура: 00-00000037 Ткань стеклянная TG-660  Цена: 153.4
—Номенклатура: 00-00000046 Герметик 310 мл  Цена: 453.9
—Номенклатура: 00-00000108 Фастекс  Цена: 5.76
—Номенклатура: 00-00000122 Кабель силовой ВВГ 3х1,5  Цена: 31
—Номенклатура: 00-00000124 Кабель силовой морозостойкий 3х1,5  Цена: 170
—Номенклатура: 00-00000157 Кабель греющий 28 Вт/м  Цена: 1520.01
—Номенклатура: 00-00000169 Коробка взрывозащищённая КР-В-100  Цена: 1746.4
—Номенклатура: 00-00000685 Гайка М16 оцинк.  Цена: 4.42
—Номенклатура: 00-00001175 Лист 1,5 08ПС  Цена: 44
—Номенклатура: 00-00001192 Лист 3,0 Ст3сп5 ГОСТ 14637-89  Цена: 42
—Номенклатура: 00-00001201 Лист 14,0 Ст3  Цена: 42
—Номенклатура: 00-00001865 Шайба М16 оцинк.  Цена: 1.08
—Номенклатура: 00-00001963 Брус 200х100х6000  Цена: 1083.33
—Номенклатура: 00-00002247 Брус 200х200х6000  Цена: 1800
—Номенклатура: 00-00002345 Элатекс Изо ИПС  Цена: 49.4
—Номенклатура: 00-00005609 Лист 8,0 Ст3  Цена: 42
—Номенклатура: 00-00006528 Лист 6,0 09Г2С  Цена: 42
—Номенклатура: 00-00006652 Лист 5,0 Ст3Сп5  Цена: 42
—Номенклатура: 00-00006945 Лист 12,0 Ст3 ГОСТ 14637-89  Цена: 42
—Номенклатура: 00-00006946 Лист 4,0 Ст3  Цена: 42
—Номенклатура: 00-00007662 Антисептик  Цена: 60.63
—Номенклатура: 00-00008140 Лист 1,0 Ст3  Цена: 42
—Номенклатура: 00-00008385 Шпилька оцинк. М16х1000  Цена: 128
—Номенклатура: 00-00008943 Лист 10,0 Ст3 ГОСТ 14637-89  Цена: 42
—Номенклатура: 00-00015374 Лист 10,0 Ст20  Цена: 52
—Номенклатура: 00-00016216 Пластина соедин.200х50х2мм оцинк.  Цена: 25.89
—Номенклатура: 00-00016218 Шуруп 12х200  Цена: 20.81
—Номенклатура: 00-00017002 Лист 2,5 12Х18Н10Т  Цена: 220
—Номенклатура: 00-00017004 Лист 2,5 Ст3  Цена: 42
—Номенклатура: 00-00017275 Изоляционный картон Isoplan 1100  Цена: 2109
—Номенклатура: 00-00018558 Лист 2,5 Ст20  Цена: 52
—Номенклатура: 00-00018576 Лист 4,0 Ст20  Цена: 52
—Номенклатура: 00-00018626 Лист 11,0 Ст3  Цена: 42
—Номенклатура: 00-00019909 Синтекрон  Цена: 65.7
—Номенклатура: 00-00020199 Шпилька резьбовая М16х2000  Цена: 200
—Номенклатура: 00-00020567 Лист 9,0 Ст3  Цена: 42
—Номенклатура: 00-00021302 Лист 5,0 09Г2С  Цена: 42
—Номенклатура: 00-00021949 Лист 1,0 09Г2С  Цена: 42
—Номенклатура: 00-00021950 Уголок 63х63х6 09Г2С  Цена: 43
—Номенклатура: 00-00022204 Лист 1,5 09Г2С  Цена: 42
—Номенклатура: 00-00022374 Лист 1,5 12Х18Н10Т  Цена: 220
—Номенклатура: 00-00046706 Клапан контр.  Цена: 250
—Номенклатура: 00-00051621 Клапан газоплотный 1912064.02  Цена: 273164
—Номенклатура: 00-00055770 Изо Керам 25 мм (160 кг/м3)  Цена: 588.1
—Номенклатура: 00-00068050 Клапан ПГВУ 2010109.01  Цена: 44763.57
—Номенклатура: 00-00074815 Элатекс НейлонПУ 60  Цена: 182
—Номенклатура: 00-00106808 КЛ.1802015.04.001 Вал передний  Цена: 3286.53
—Номенклатура: 00-00106811 КЛ.1802015.04.10 Корпус  Цена: 12878.51
—Номенклатура: 00-00106815 КЛ.1802015.04.004 Дистанционное кольцо  Цена: 7.46
—Номенклатура: 00-00106818 КЛ.1802015.04.20 Створка  Цена: 30542.15
—Номенклатура: 00-00106820 КЛ.1802015.04.005 Стойка  Цена: 134.93
—Номенклатура: 00-00106822 КЛ.1802015.04.002 Вал задний  Цена: 688.45
—Номенклатура: 00-00106823 КЛ.1802015.04.30 Корпус уплотнения  Цена: 1331.61
—Номенклатура: 00-00106828 КЛ.1802015.04.007 Упор  Цена: 18.43
—Номенклатура: 00-00106829 КЛ.1802015.04.011 Лимб  Цена: 162.83
—Номенклатура: 00-00106836 КЛ.1802015.04.009-1 Шкала  Цена: 1284.77
—Номенклатура: 00-00106842 КЛ.1802015.04.010 Штифт  Цена: 55.83
—Номенклатура: 00-00106846 КЛ.1802015.04.003 Кольцо  Цена: 2.74
—Номенклатура: 00-00106848 КЛ.1802015.04.006 Упор  Цена: 272.14
—Номенклатура: 00-00106850 КТ.2109044.01.05.002 Конус  Цена: 1345.76
—Номенклатура: 00-00106731 КТ.2109044.01.05.001 Фланец  Цена: 2365.03
—Номенклатура: 00-00136631 Набивка ШПС.2110122.01  Цена: 33409
—Номенклатура: 00-00127742 Набивка ШСГ.2304050.02  Цена: 8829
—Номенклатура: 00-00148203 Набивка ШСГ.2203030.01  Цена: 608
—Номенклатура: 00-00148229 Набивка ШПС.2308050.01  Цена: 35334
—Номенклатура: 00-00148230 Набивка ШПС.2304131.01  Цена: 5546
—Номенклатура: 00-00180395 Модельная оснастка АЛ.2501065.01.23 Ящик стержневой  Цена: 67564.31
—Номенклатура: 00-00181435 Термочехол для клапана 3000x1100 FRI 2601121.01  Цена: 121684.04
—Номенклатура: 00-00181436 Термочехол для клапана 1800x1200 FRI 2601121.02  Цена: 82002.16
—Номенклатура: 00-00181515 Тканевый компенсатор КТ.2601121.01.00  Цена: 1
—Номенклатура: 00-00184773 РФ.2604152.01 (124х350)  Цена: 89.02
—Номенклатура: 00-00160244 Кольцо внутреннее FRI.2402035.03.02  Цена: 1
—Номенклатура: 00-00160245 Кольцо внешнее FRI.2402035.03.03  Цена: 1
—Номенклатура: 00-00160246 Кольцо внутреннее FRI.2402035.04.02  Цена: 1
—Номенклатура: 00-00160247 Кольцо внешнее FRI.2402035.04.03  Цена: 1
—Номенклатура: 00-00171181 Дробеструйка: Отливка корпуса  Цена: 1
—Номенклатура: 00-00181978 Металлическая арматура для компенсатора КТ.2601121.01.00  Цена: 1
—Номенклатура: 00-00185978 Механообработка ЛЗ.2512042.01 Отвод 15°  Цена: 1
—Номенклатура: 00-00185979 Механообработка ЛЗ.2512042.02 Отвод 30°  Цена: 1
—Номенклатура: 00-00189501 ПН.26.068 Стеллаж для Таткуза  Цена: 1
—Номенклатура: 00-00046484 Металлическая арматура для компенсатора КТ.1507029.06.00  Цена: 52895.52
—Номенклатура: 00-00069698 Металлическая арматура для компенсатора КТ.1507029.15.00  Цена: 70716.45
—Номенклатура: 00-00069824 Металлическая арматура для компенсатора КТ.1507029.36.00  Цена: 26464.98
—Номенклатура: 00-00157978 Металлическая арматура для компенсатора КТ.1507029.13.00  Цена: 18239.98
—Номенклатура: 00-00130926 Соединение разъемное НР 1/2"  Цена: 90
—Номенклатура: 00-00093768 Стелаж  Цена: 11137.5
—Номенклатура: 00-00184993 Сверло по металлу 4,0х119 мм  Цена: 90.17
—Номенклатура: 00-00009450 Наконечник штыревой НШвИ 2,5х12  Цена: 38.34
—Номенклатура: 00-00028987 Штуцер папа с внешн.резьбой 1/4М  Цена: 35
—Номенклатура: 00-00041313 Шланг высокого давления G 1 1/4  Цена: 163.33
—Номенклатура: 00-00056177 Тройник равный ВР 1 1/2 латунь"  Цена: 186.67
—Номенклатура: 00-00091937 Сгон Ду15 резьба 1/2"  Цена: 70
—Номенклатура: 00-00145552 Регулятор давления с манометром резьба 1/4 Pegas pneumatic 4604  Цена: 933.34
—Номенклатура: 00-00130919 Сгон Valtec НР 1/2"  Цена: 390
—Номенклатура: 00-00130920 Контргайка Valtec ВР 1/2"  Цена: 12.75
—Номенклатура: 00-00130922 Кольцо уплотнительное под американку 1/2"  Цена: 9.17
—Номенклатура: 00-00007443 Штукатурка гипсовая ротбанд 30 кг  Цена: 460.83
—Номенклатура: 00-00011831 Валик сменный 250мм  Цена: 167.5
—Номенклатура: 00-00011922 Шпаклевка  Цена: 836.67
—Номенклатура: 00-00018108 Саморез 4,5х40  Цена: 1.77
—Номенклатура: 00-00018634 Песок 25 кг  Цена: 74.59
—Номенклатура: 00-00024410 Перчатки хай фит 7.710  Цена: 24.17
—Номенклатура: 00-00041338 Краска ВД бел.  Цена: 972.5
—Номенклатура: 00-00057924 Мешки для мусора (уп)  Цена: 9.75
—Номенклатура: 00-00105206 Саморез 3,5х25  Цена: 1.03
—Номенклатура: 00-00010743 Кабель-удлинитель 1,8м  Цена: 150
—Номенклатура: 00-00025072 Монитор HP 23.8"VH240a  Цена: 16850
—Номенклатура: 00-00066498 Жесткий диск HDD 6ТБ, Western Dijital Purple  Цена: 12458.34
—Номенклатура: 00-00084330 Инструмент для заделки и обрезки витой пары 110  Цена: 625
—Номенклатура: 00-00093401 SSD накопитель INTEL DC D3-S4510 SSDSC2KB019T801 1.9TБ 2.5", SATA |||  Цена: 20833.33
—Номенклатура: 00-00027749 Хомут червячный 80-100мм  Цена: 15.83
—Номенклатура: 00-00045361 Хомут червячный  Цена: 23.17
—Номенклатура: 00-00134794 Винт с цилиндрической головкой и шестигранным углублением под ключ ГОСТ Р ИСО 4762 - M16x70-8.8-A6J  Цена: 44
—Номенклатура: 00-00134795 Винт с цилиндрической головкой и шестигранным углублением под ключ ГОСТ Р ИСО 4762 - M16x80-8.8-A6J  Цена: 48.58
—Номенклатура: 00-00141516 Винт с шестигранной головкой ГОСТ Р ИСО 4017 - M36x100-8.8-A6J  Цена: 413.92
—Номенклатура: 00-00162615 Куртка СПЕЦ-АВАНГАРД  Цена: 2728.72
—Номенклатура: 00-00162616 Брюки СПЕЦ-АВАНГАРД  Цена: 2425
—Номенклатура: 00-00140951 Костюм  сигнальный 3 класса защиты СПЕЦ-АНТИСТАТ  Цена: 4486.25
—Номенклатура: 00-00145551 Кран трёхходовой с фторопластовой прокладкой и натяжной гайкой  Цена: 533.33
—Номенклатура: 00-00146466 Элатекс Сил 1С рус  Цена: 450
—Номенклатура: 00-00026699 Подшипниковый узел  480210 UCР  Цена: 635.83
—Номенклатура: 00-00109569 Пружина растяжения 1727х10х1,3(мм) EN 10270-1-SM-Zn  Цена: 487.5
—Номенклатура: 00-00134792 Винт с цилиндрической головкой и шестигранным углублением под ключ ГОСТ Р ИСО 4762 - M16x50-8.8-A6J  Цена: 20.25
—Номенклатура: 00-00134796 Винт с цилиндрической головкой и шестигранным углублением под ключ ГОСТ Р ИСО 4762 - M20x70-8.8-A6J  Цена: 48.66
—Номенклатура: 00-00002305 Файл А4  Цена: 3.38
—Номенклатура: 00-00008228 Набор настольный  Цена: 329.83
—Номенклатура: 00-00013348 Накопитель вертикальный  Цена: 135
—Номенклатура: 00-00031050 Подставка для бумаг  Цена: 404.55
—Номенклатура: 00-00058243 Лоток  Цена: 174.74
—Номенклатура: 00-00083402 Стикер  Цена: 155.58
—Номенклатура: 00-00009555 Папка файл-вкладыш  Цена: 66.54
—Номенклатура: 00-00024168 Папка файловая 60  Цена: 152.44
—Номенклатура: 00-00039808 Бумага для цв. струй. печ.  Цена: 345.87
—Номенклатура: 00-00110283 Бумага широкоформатная ProMEGA engineer (80 г/кв.м, длина 45 м, ширина 610 мм, диаметр втулки 50,8 мм)  Цена: 408.16
—Номенклатура: 00-00040243 Тумба приставная  Цена: 4553.12
—Номенклатура: 00-00073848 Линейка мет. 300мм ГОСТ 427-75(поверенная)  Цена: 594.12
—Номенклатура: 00-00128647 хх  Цена: 103.5
—Номенклатура: 00-00146997 Датчик ВБИ-М30-91В-2111-С  Цена: 3880.16
—Номенклатура: 00-00147762 Датчик положения ВБИ-М12-39В-2112-С.51  Цена: 2945
—Номенклатура: 00-00101679 F3AL250V, 6x30мм 3A предохранитель плавкий, стеклянный  Цена: 3
—Номенклатура: 00-00185150 Маска сварщика с блоком очистки воздуха  Цена: 36885.25
—Номенклатура: 00-00185151 Фильтр к блоку очистки воздуха для маски сварщика  Цена: 1423.77
—Номенклатура: 00-00065172 Видеокарта  Цена: 2781
—Номенклатура: 00-00049793 Клемма 221-413  Цена: 441.67
—Номенклатура: 00-00144911 Коробка соединительная КСА12 - (-60+40)12 - 1x20sКНК Ni(А) - 1x25КБУ Ni(В) - (В)  Цена: 3666.67
—Номенклатура: 00-00146083 Лента AISI 321 0,1х400 М  Цена: 2250
—Номенклатура: 00-00146084 Лента AISI 321 0,15х400 М  Цена: 2250
—Номенклатура: 00-00146085 Лента AISI 321 0,2х400 М  Цена: 2250
—Номенклатура: 00-00146086 Лента AISI 321 0,3х400 М  Цена: 2250
—Номенклатура: 00-00144866 Блок пружинный 07 ОСТ24.125.166-01  Цена: 5908.33
—Номенклатура: 00-00146455 Талреп 02 ОСТ24.125.105-01  Цена: 2433.33
—Номенклатура: 00-00135478 Герметик ЭКОН Силиконовый 280мл  Цена: 339.4
—Номенклатура: 00-00115556 Полотно ленточное по дереву 3480х25х0,9 (3 зуба)  Цена: 2416.67
—Номенклатура: 00-00115557 Полотно ленточное по дереву 3480х20х0,8 (4 зуба)  Цена: 1975
—Номенклатура: 00-00187949 Закалка деталей КМД.2604064.01_78257.11 Втулка  Цена: 1
get_prices -  -  - 2026-09-07 11:22:11 - ==== END  Объединение цен по номенклатуре из трех источников ====
load_budgets_prices - Загрузка_бюджетов -  - 2026-09-07 11:22:11 - 2026-09-07 11:22:11 == Загрузка_бюджетов ОК===
load_budgets_states -  -  - 2026-09-07 11:22:11 - не найдены в БИТ_СоответствиеСтатейРасходовИСтатейБюджетирования статьи бюджетов:
2023:
—ф.5.1. Бюджет расходов по оплате труда, резервов, страховые взносы  по подразделениям компании:
———Резерв отпусков
———Премиальная часть
2024:
—ф.6.3. Бюджет по кредитам и займам, финансовым вложениям (год):
———% по полученным займам и кредитам
—ф.1.1. Инвестиционный бюджет (CAPEX) на год:
———Основные средства
—ф.5.1. Бюджет расходов по оплате труда, резервов, страховые взносы  по подразделениям компании:
———Резерв отпусков
—ф.5.2. Бюджет затрат на обучение и подбор персонала (год):
———Кадровое делопроизводство
2026:
—ф.4.3. Бюджет расходов на  безопасность и охрану объектов (год) :
———Техника и оборудование (системы безопасности)
—ф.6.1. Бюджет амортизационных отчислений:
———Амортизация НМА
calc_not_fill_states_expenditure - не заполненные статьи расходов -  - 2026-09-07 11:22:16 - При анализе ЗаказНаВнутреннееПотребление - не заполненные статьи расходов в СоответствиеСтатейРасходовИСтатейБюджетирования:
2025:
——Отдел продаж оборудования пневмотранспорта и сажеобдувочных аппаратов (Пауэрз): 'Приобретение нематериальных активов'
——Сталелитейный цех (ТатКуз): 'Водоотведение и канализация (прям)'
——Отдел персонала (ТатКуз): 'Задолженность клиентов'
——Сборочный цех Производства (Пауэрз): 'Инструмент общепроизвод.25'
——Сборочный цех Производства (Келаст): 'Резерв под выданные гарантии (96.09)'
——Административно-хозяйственный отдел (ТатКуз): 'РБП Таткуз: Прочие материальные расходы'
——Цех выпуска готовой продукции Производства (Пауэрз): 'Спецодежда общепроизвод.25'
——Дирекция (КБЖ): 'Прочие расходы (не учит. в НУ)       '
——Отдел управления Производства (ТатКуз): 'РБП Таткуз: Прочие материальные расходы'
——Сборочный цех Производства (Келаст): 'Прочие расходы (не учит. в НУ)  '
——Отдел продаж газоочистного оборудования (Пауэрз): 'Задолженность клиентов'
——Столярный цех Производства (Келаст): 'РБП Келаст: Лизинг'
——Отдел снабжения (Пауэрз): 'Задолженность клиентов'
——Сборочный цех Производства (Пауэрз): 'Резерв под выданные гарантии (96.09)'
——Отдел складской логистики (Келаст): 'Прочие расходы (не учит. в НУ)   '
——Отдел безопасности (Келаст): 'Приобретение нематериальных активов'
2024:
——Сборочный цех Производства (Келаст): 'Задолженность клиентов'
——Административно-хозяйственный отдел (Келаст): 'Прочие расходы (не учит. в НУ) '
——Бухгалтерия (КБЖ): 'Задолженность клиентов'
——Сборочный цех Производства (Пауэрз): 'Задолженность клиентов'
——Отдел складской логистики (Пауэрз): 'не использовать_Средства индивидуальной защиты (общепроизвод.)'
——Цех механической обработки Производства (Пауэрз): 'Задолженность клиентов'
——Отдел технического контроля Производства (Пауэрз): 'не использовать_Средства индивидуальной защиты (общепроизвод.)'
——Отдел складской логистики (Пауэрз): 'Задолженность клиентов'
——Административно-хозяйственный отдел (Келаст): 'Ремонт основных средств (общепроизвод.)'
——Отдел продаж (Келаст): 'Резерв под выданные гарантии'
——Сборочный цех Производства (Пауэрз): 'НЕ ИСПОЛЬЗОВАТЬ с 01.01.2024 Инструмент (общепроизвод.) '
——Швейный цех Производства (Келаст): 'Прочие расходы (не учит. в НУ)    '
——Планово-диспетчерский отдел Производства (Пауэрз): 'Задолженность клиентов'
——Отдел технического контроля (Келаст): 'не использовать_Средства индивидуальной защиты (общепроизвод.)'
——Отдел складской логистики (Келаст): 'не использовать_строительные материалы (общепроизвод.)'
——Отдел маркетинга (Келаст): 'Н_Реклама и маркетинг'
——Технологический отдел Производства (Пауэрз): 'не использовать_Канцелярские товары (общепроизвод.)'
——Отдел комплектации (Пауэрз): 'Задолженность клиентов'
——Технологический отдел Производства (Келаст): 'Задолженность клиентов'
——Отдел складской логистики (Келаст): 'Прочие расходы (не учит. в НУ)   '
——Производственный цех Пауэрз: 'Ремонт, ТО оборудования общепроизвод.25'
——Отдел продаж оборудования пневмотранспорта и сажеобдувочных аппаратов (Пауэрз): 'Резерв под выданные гарантии'
——Административно-хозяйственный отдел (Келаст): 'не использовать_строительные материалы (управленч.)'
——Сборочный цех Производства (Пауэрз): 'Инструмент общепроизвод.25'
——Отдел складской логистики (Келаст): 'Прочие расходные материалы (прям)'
——Отдел продаж (Пауэрз): 'Резерв под выданные гарантии'
——Отдел охраны труда (Келаст): 'не использовать_прочие расходы на текущий ремонт (общепроизвод.)'
——Швейный цех Производства (Келаст): 'Задолженность клиентов'
——Цех механической обработки Производства (Пауэрз): 'Инвентарь общепроизвод.25'
——Отдел продаж (Пауэрз): 'Резерв под выданные гарантии (96.09)'
——Отдел продаж (Пауэрз): 'Задолженность клиентов'
——Ремонтный цех Производства (Пауэрз): 'Задолженность клиентов'
——Цех механической обработки Производства (Пауэрз): 'Спецодежда общепроизвод.25'
——Отдел логистики (Келаст): 'Резерв под выданные гарантии (96.09)'
——Отдел продаж (Келаст): 'Резерв под выданные гарантии (96.09)'
——Ремонтный цех Производства (Пауэрз): 'НЕ ИСПОЛЬЗОВАТЬ с 01.01.2024 Инструмент (общепроизвод.) '
——Отдел персонала (Пауэрз): 'Представительские расходы'
——Дирекция (КБЖ): 'не использовать_строительные материалы (управленч.)'
——Отдел продаж газоочистного оборудования (Пауэрз): 'Резерв под выданные гарантии'
——Административно-хозяйственный отдел (Пауэрз): 'Задолженность клиентов'
——Отдел складской логистики (Келаст): 'не использовать_Средства индивидуальной защиты (общепроизвод.)'
——Отдел продаж (Пауэрз): 'не использовать_Канцелярские товары (коммерч.)'
——Отдел продаж оборудования пневмотранспорта и сажеобдувочных аппаратов (Пауэрз): 'Резерв под выданные гарантии (96.09)'
——Сталелитейный цех (КБЖ): 'Доходы прошлых периодов'
2026:
——Сборочный цех Производства (Пауэрз): 'Инструмент общепроизвод.25'
——Сборочный цех Производства (Келаст): 'Резерв под выданные гарантии (96.09)'
——Отдел управления Производства (Келаст): 'Резерв под выданные гарантии (96.09)'
——Цех механической обработки Производства (Пауэрз): 'Инвентарь общепроизвод.25'
——Отдел управления Производства (ТатКуз): 'РБП Таткуз: Прочие материальные расходы'
——Отдел персонала (Келаст): 'Задолженность клиентов'
——Цех выпуска готовой продукции Производства (Пауэрз): 'Задолженность клиентов'
——Отдел продаж (Пауэрз): 'Задолженность клиентов'
——Сталелитейный цех (ТатКуз): 'Задолженность клиентов'
——Отдел комплектации (Келаст): 'Задолженность клиентов'
——Отдел внешнего монтажа  и сервиса Производства (Пауэрз): 'Инвентарь общепроизвод.25'
——Конструкторский отдел (Келаст): 'Задолженность клиентов'
2023:
——Отдел транспортной логистики (Пауэрз): 'не использовать_Средства индивидуальной защиты (общепроизвод.)'
——Цех выпуска готовой продукции Производства (Пауэрз): 'Материалы прочие (производ.)'
——Отдел технического контроля Производства (Пауэрз): 'НЕ ИСПОЛЬЗОВАТЬ с 01.01.2024 Инструмент (общепроизвод.) '
——Набивочный цех Производства (Келаст): 'не использовать_строительные материалы (производ.)'
——Заготовительный цех Производства (Пауэрз): 'Материалы прочие (производ.)'
——Цех выпуска готовой продукции Производства (Пауэрз): 'Спецодежда общепроизвод.25'
——Сборочный цех Производства (Пауэрз): 'Прочие расходы общепроизвод.25'
——Отдел продаж (Келаст): 'Н_Реклама и маркетинг'
——Отдел комплектации (Пауэрз): 'Спецодежда общепроизвод.25'
——Ремонтный цех Производства (Келаст): 'Прочие расходы общепроизвод.25'
——Отдел капитального строительства и ремонта (Пауэрз): 'Ремонт основных средств  (производ.)'
——Цех тканевых компенсаторов Производства (Келаст): 'Спецодежда общепроизвод.25'
——Планово-диспетчерский отдел Производства (Пауэрз): 'не использовать_Прочие расходные материалы (общепроизвод.) '
——Конструкторский отдел (Келаст): 'Ремонт основных средств (общепроизвод.)'
——Конструкторский отдел (Келаст): 'НЕ ИСПОЛЬЗОВАТЬ С 01.01.2024 Эксплуатационные расходы (производ.)'
——Заготовительный цех Производства (Пауэрз): 'Прочие расходы общепроизвод.25'
——Ремонтный цех Производства (Келаст): 'НЕ ИСПОЛЬЗОВАТЬ С 01.01.2024 Эксплуатационные расходы (общепроизвод.)'
——Отдел маркетинга (Келаст): 'Н_Реклама и маркетинг'
——Отдел складской логистики (Келаст): 'не использовать_строительные материалы (общепроизвод.)'
——Цех выпуска готовой продукции Производства (Пауэрз): 'Инструмент общепроизвод.25'
——Отдел персонала (Келаст): 'Представительские расходы'
——Отдел складской логистики (Пауэрз): 'НЕ ИСПОЛЬЗОВАТЬ с 01.01.2024 Инструмент (общепроизвод.) '
——Отдел информационных технологий (Келаст): 'Прочие расходы общехоз26 Келаст'
——Отдел технического контроля Производства (Пауэрз): 'не использовать_Прочие расходные материалы (общепроизвод.) '
——Сборочный цех Производства (Пауэрз): 'НЕ ИСПОЛЬЗОВАТЬ_Коммунальные услуги (производ.)'
——Отдел маркетинга (Пауэрз): 'Н_Реклама и маркетинг'
——Планово-диспетчерский отдел Производства (Пауэрз): 'НЕ ИСПОЛЬЗОВАТЬ с 01.01.2024 Инструмент (общепроизвод.) '
——Административно-хозяйственный отдел (Пауэрз): 'не использовать_строительные материалы (управленч.)'
——Хозяйственный отдел Производства (Келаст): 'НЕ ИСПОЛЬЗОВАТЬ С 01.01.2024 Эксплуатационные расходы (производ.)'
——Сборочный цех Производства (Пауэрз): 'Контроль и испытания продукции общепроизвод.25'
——Технологический отдел Производства (Келаст): 'не использовать_Прочие расходные материалы (общепроизвод.) '
——Отдел управления Производства (Келаст): 'Ремонт основных средств (общепроизвод.)'
——Отдел продаж быстросъемной изоляции (Келаст): 'Н_Реклама и маркетинг'
——Административно-хозяйственный отдел (Келаст): 'не использовать_строительные материалы (управленч.)'
——Отдел охраны труда (Пауэрз): 'не использовать_прочие расходы на текущий ремонт (общепроизвод.)'
——Сборочный цех Производства (Пауэрз): 'Инструмент общепроизвод.25'
——Цех механической обработки Производства (Пауэрз): 'Ремонт, ТО оборудования общепроизвод.25'
——Отдел охраны труда (Келаст): 'не использовать_прочие расходы на текущий ремонт (общепроизвод.)'
——Отдел складской логистики (Келаст): 'не использовать_Прочие расходные материалы (общепроизвод.) '
——Административно-хозяйственный отдел (Пауэрз): 'прочие расходы на текущий ремонт (управленч.)'
——Цех выпуска готовой продукции Производства (Пауэрз): 'Инвентарь общепроизвод.25'
——Планово-диспетчерский отдел Производства (Пауэрз): 'не использовать_Средства индивидуальной защиты (общепроизвод.)'
——Технологический отдел Производства (Пауэрз): 'НЕ ИСПОЛЬЗОВАТЬ с 01.01.2024 Инструмент (общепроизвод.) '
——Цех механической обработки Производства (Пауэрз): 'НЕ ИСПОЛЬЗОВАТЬ_Коммунальные услуги (производ.)'
——Ремонтный цех Производства (Пауэрз): 'Прочие расходы общепроизвод.25'
——Отдел управления Производства (Пауэрз): 'не использовать_строительные материалы (общепроизвод.)'
——Отдел персонала (Келаст): 'Корпоративные мероприятия'
——Цех выпуска готовой продукции Производства (Пауэрз): 'Канцтовары общепроизвод.25'
——Цех тканевых компенсаторов Производства (Келаст): 'Инвентарь общепроизвод.25'
——Сборочный цех Производства (Пауэрз): 'Материалы прочие (производ.)'
——Ремонтный цех Производства (Пауэрз): 'НЕ ИСПОЛЬЗОВАТЬ с 01.01.2024 Инструмент (общепроизвод.) '
——Отдел капитального строительства и ремонта (Келаст): 'Спецодежда общехоз26 Келаст'
——Цех выпуска готовой продукции Производства (Пауэрз): 'Ремонт основных средств  (производ.)'
——Отдел управления Производства (Келаст): 'НЕ ИСПОЛЬЗОВАТЬ С 01.01.2024 Эксплуатационные расходы (общепроизвод.)'
——Цех механической обработки Производства (Пауэрз): 'Ремонт основных средств  (производ.)'
——Дирекция (КБЖ): 'не использовать_строительные материалы (управленч.)'
——Отдел комплектации (Пауэрз): 'Прочие расходы общепроизвод.25'
——Отдел комплектации (Пауэрз): 'Канцтовары общепроизвод.25'
——Отдел персонала (Пауэрз): 'Представительские расходы'
——Отдел управления Производства (Пауэрз): 'НЕ ИСПОЛЬЗОВАТЬ_Коммунальные услуги'
——Отдел продаж газоочистного оборудования (Пауэрз): 'не использовать_Канцелярские товары (коммерч.)'
——Сборочный цех Производства (Пауэрз): 'Инвентарь общепроизвод.25'
——Сборочный цех Производства (Пауэрз): 'Ремонт основных средств  (производ.)'
——Отдел технического контроля (Келаст): 'НЕ ИСПОЛЬЗОВАТЬ с 01.01.2024 Инструмент (общепроизвод.) '
——Отдел складской логистики (Пауэрз): 'не использовать_Прочие расходные материалы (общепроизвод.) '
——Швейный цех Производства (Келаст): 'Спецодежда общепроизвод.25'
——Отдел управления Производства (Пауэрз): 'Ремонт основных средств (общепроизвод.)'
——Отдел складской логистики (Келаст): 'Ремонт основных средств (общепроизвод.)'
——Цех выпуска готовой продукции Производства (Пауэрз): 'Прочие расходы общепроизвод.25'
——Сборочный цех Производства (Пауэрз): 'Представительские расходы'
——Отдел персонала (Пауэрз): 'Корпоративные мероприятия'
get_prices -  -  - 2026-09-07 11:22:16 -
==== Объединение цен по номенклатуре из трех источников ====
get_prices -  -  - 2026-09-07 11:22:16 - 2026-09-07 11:22:16 Load req
"SELECT s_num, resp_date,
            CASE WHEN datetime(resp_date) >= datetime('2026-09-06 11:22:16.697983')
        THEN file
        ELSE null
        END AS file,

              hash_file FROM odata_lazy_resps
            where resp = 'd80db345fff8dc29f229e7270a0179dd' limit 1"
 from db: 0.016337 secs.
get_prices -  -  - 2026-09-07 11:22:16 - 2026-09-07 11:22:16 Load req
"SELECT s_num, resp_date,
            CASE WHEN datetime(resp_date) >= datetime('2026-09-07 11:07:16.791147')
        THEN file
        ELSE null
        END AS file,

              hash_file FROM odata_lazy_resps
            where resp = '6315f2844d117869758be140aeefa739' limit 1"
 from db: 0.06375 secs.
get_prices -  -  - 2026-09-07 11:22:17 - 2026-09-07 11:22:17 Load req
"SELECT s_num, resp_date,
            CASE WHEN datetime(resp_date) >= datetime('2026-09-07 11:07:16.943251')
        THEN file
        ELSE null
        END AS file,

              hash_file FROM odata_lazy_resps
            where resp = 'f80ceac8bcba534ae0d2db6ac163d375' limit 1"
 from db: 0.058859 secs.
get_prices -  -  - 2026-09-07 11:22:17 - 2026-09-07 11:22:17 Load req
"SELECT s_num, resp_date,
            CASE WHEN datetime(resp_date) >= datetime('2026-09-07 11:07:17.096914')
        THEN file
        ELSE null
        END AS file,

              hash_file FROM odata_lazy_resps
            where resp = '3c5da930ff1356a68a29eaaaabccbf17' limit 1"
 from db: 0.083979 secs.
get_prices -  -  - 2026-09-07 11:22:17 - —Номенклатура: 00-00000006 БСТВ (МТПБ) 50 мм  Цена: 6110
—Номенклатура: 00-00000013 Изо Керам 19 мм (128 кг/м3)  Цена: 486.3
—Номенклатура: 00-00000026 Оксфорд (чёрный)  Цена: 67.42
—Номенклатура: 00-00000030 Полифом 5 мм  Цена: 183.61
—Номенклатура: 00-00000037 Ткань стеклянная TG-660  Цена: 153.4
—Номенклатура: 00-00000046 Герметик 310 мл  Цена: 453.9
—Номенклатура: 00-00000108 Фастекс  Цена: 5.76
—Номенклатура: 00-00000122 Кабель силовой ВВГ 3х1,5  Цена: 31
—Номенклатура: 00-00000124 Кабель силовой морозостойкий 3х1,5  Цена: 170
—Номенклатура: 00-00000157 Кабель греющий 28 Вт/м  Цена: 1520.01
—Номенклатура: 00-00000169 Коробка взрывозащищённая КР-В-100  Цена: 1746.4
—Номенклатура: 00-00000685 Гайка М16 оцинк.  Цена: 4.42
—Номенклатура: 00-00001175 Лист 1,5 08ПС  Цена: 44
—Номенклатура: 00-00001192 Лист 3,0 Ст3сп5 ГОСТ 14637-89  Цена: 42
—Номенклатура: 00-00001201 Лист 14,0 Ст3  Цена: 42
—Номенклатура: 00-00001865 Шайба М16 оцинк.  Цена: 1.08
—Номенклатура: 00-00001963 Брус 200х100х6000  Цена: 1083.33
—Номенклатура: 00-00002247 Брус 200х200х6000  Цена: 1800
—Номенклатура: 00-00002345 Элатекс Изо ИПС  Цена: 49.4
—Номенклатура: 00-00005609 Лист 8,0 Ст3  Цена: 42
—Номенклатура: 00-00006528 Лист 6,0 09Г2С  Цена: 42
—Номенклатура: 00-00006652 Лист 5,0 Ст3Сп5  Цена: 42
—Номенклатура: 00-00006945 Лист 12,0 Ст3 ГОСТ 14637-89  Цена: 42
—Номенклатура: 00-00006946 Лист 4,0 Ст3  Цена: 42
—Номенклатура: 00-00007662 Антисептик  Цена: 60.63
—Номенклатура: 00-00008140 Лист 1,0 Ст3  Цена: 42
—Номенклатура: 00-00008385 Шпилька оцинк. М16х1000  Цена: 128
—Номенклатура: 00-00008943 Лист 10,0 Ст3 ГОСТ 14637-89  Цена: 42
—Номенклатура: 00-00015374 Лист 10,0 Ст20  Цена: 52
—Номенклатура: 00-00016216 Пластина соедин.200х50х2мм оцинк.  Цена: 25.89
—Номенклатура: 00-00016218 Шуруп 12х200  Цена: 20.81
—Номенклатура: 00-00017002 Лист 2,5 12Х18Н10Т  Цена: 220
—Номенклатура: 00-00017004 Лист 2,5 Ст3  Цена: 42
—Номенклатура: 00-00017275 Изоляционный картон Isoplan 1100  Цена: 2109
—Номенклатура: 00-00018558 Лист 2,5 Ст20  Цена: 52
—Номенклатура: 00-00018576 Лист 4,0 Ст20  Цена: 52
—Номенклатура: 00-00018626 Лист 11,0 Ст3  Цена: 42
—Номенклатура: 00-00019909 Синтекрон  Цена: 65.7
—Номенклатура: 00-00020199 Шпилька резьбовая М16х2000  Цена: 200
—Номенклатура: 00-00020567 Лист 9,0 Ст3  Цена: 42
—Номенклатура: 00-00021302 Лист 5,0 09Г2С  Цена: 42
—Номенклатура: 00-00021949 Лист 1,0 09Г2С  Цена: 42
—Номенклатура: 00-00021950 Уголок 63х63х6 09Г2С  Цена: 43
—Номенклатура: 00-00022204 Лист 1,5 09Г2С  Цена: 42
—Номенклатура: 00-00022374 Лист 1,5 12Х18Н10Т  Цена: 220
—Номенклатура: 00-00046706 Клапан контр.  Цена: 250
—Номенклатура: 00-00051621 Клапан газоплотный 1912064.02  Цена: 273164
—Номенклатура: 00-00055770 Изо Керам 25 мм (160 кг/м3)  Цена: 588.1
—Номенклатура: 00-00068050 Клапан ПГВУ 2010109.01  Цена: 44763.57
—Номенклатура: 00-00074815 Элатекс НейлонПУ 60  Цена: 182
—Номенклатура: 00-00106808 КЛ.1802015.04.001 Вал передний  Цена: 3286.53
—Номенклатура: 00-00106811 КЛ.1802015.04.10 Корпус  Цена: 12878.51
—Номенклатура: 00-00106815 КЛ.1802015.04.004 Дистанционное кольцо  Цена: 7.46
—Номенклатура: 00-00106818 КЛ.1802015.04.20 Створка  Цена: 30542.15
—Номенклатура: 00-00106820 КЛ.1802015.04.005 Стойка  Цена: 134.93
—Номенклатура: 00-00106822 КЛ.1802015.04.002 Вал задний  Цена: 688.45
—Номенклатура: 00-00106823 КЛ.1802015.04.30 Корпус уплотнения  Цена: 1331.61
—Номенклатура: 00-00106828 КЛ.1802015.04.007 Упор  Цена: 18.43
—Номенклатура: 00-00106829 КЛ.1802015.04.011 Лимб  Цена: 162.83
—Номенклатура: 00-00106836 КЛ.1802015.04.009-1 Шкала  Цена: 1284.77
—Номенклатура: 00-00106842 КЛ.1802015.04.010 Штифт  Цена: 55.83
—Номенклатура: 00-00106846 КЛ.1802015.04.003 Кольцо  Цена: 2.74
—Номенклатура: 00-00106848 КЛ.1802015.04.006 Упор  Цена: 272.14
—Номенклатура: 00-00106850 КТ.2109044.01.05.002 Конус  Цена: 1345.76
—Номенклатура: 00-00106731 КТ.2109044.01.05.001 Фланец  Цена: 2365.03
—Номенклатура: 00-00136631 Набивка ШПС.2110122.01  Цена: 33409
—Номенклатура: 00-00127742 Набивка ШСГ.2304050.02  Цена: 8829
—Номенклатура: 00-00148203 Набивка ШСГ.2203030.01  Цена: 608
—Номенклатура: 00-00148229 Набивка ШПС.2308050.01  Цена: 35334
—Номенклатура: 00-00148230 Набивка ШПС.2304131.01  Цена: 5546
—Номенклатура: 00-00180395 Модельная оснастка АЛ.2501065.01.23 Ящик стержневой  Цена: 67564.31
—Номенклатура: 00-00181435 Термочехол для клапана 3000x1100 FRI 2601121.01  Цена: 121684.04
—Номенклатура: 00-00181436 Термочехол для клапана 1800x1200 FRI 2601121.02  Цена: 82002.16
—Номенклатура: 00-00181515 Тканевый компенсатор КТ.2601121.01.00  Цена: 1
—Номенклатура: 00-00184773 РФ.2604152.01 (124х350)  Цена: 89.02
—Номенклатура: 00-00160244 Кольцо внутреннее FRI.2402035.03.02  Цена: 1
—Номенклатура: 00-00160245 Кольцо внешнее FRI.2402035.03.03  Цена: 1
—Номенклатура: 00-00160246 Кольцо внутреннее FRI.2402035.04.02  Цена: 1
—Номенклатура: 00-00160247 Кольцо внешнее FRI.2402035.04.03  Цена: 1
—Номенклатура: 00-00171181 Дробеструйка: Отливка корпуса  Цена: 1
—Номенклатура: 00-00181978 Металлическая арматура для компенсатора КТ.2601121.01.00  Цена: 1
—Номенклатура: 00-00185978 Механообработка ЛЗ.2512042.01 Отвод 15°  Цена: 1
—Номенклатура: 00-00185979 Механообработка ЛЗ.2512042.02 Отвод 30°  Цена: 1
—Номенклатура: 00-00189501 ПН.26.068 Стеллаж для Таткуза  Цена: 1
—Номенклатура: 00-00046484 Металлическая арматура для компенсатора КТ.1507029.06.00  Цена: 52895.52
—Номенклатура: 00-00069698 Металлическая арматура для компенсатора КТ.1507029.15.00  Цена: 70716.45
—Номенклатура: 00-00069824 Металлическая арматура для компенсатора КТ.1507029.36.00  Цена: 26464.98
—Номенклатура: 00-00157978 Металлическая арматура для компенсатора КТ.1507029.13.00  Цена: 18239.98
—Номенклатура: 00-00130926 Соединение разъемное НР 1/2"  Цена: 90
—Номенклатура: 00-00093768 Стелаж  Цена: 11137.5
—Номенклатура: 00-00184993 Сверло по металлу 4,0х119 мм  Цена: 90.17
—Номенклатура: 00-00009450 Наконечник штыревой НШвИ 2,5х12  Цена: 38.34
—Номенклатура: 00-00028987 Штуцер папа с внешн.резьбой 1/4М  Цена: 35
—Номенклатура: 00-00041313 Шланг высокого давления G 1 1/4  Цена: 163.33
—Номенклатура: 00-00056177 Тройник равный ВР 1 1/2 латунь"  Цена: 186.67
—Номенклатура: 00-00091937 Сгон Ду15 резьба 1/2"  Цена: 70
—Номенклатура: 00-00145552 Регулятор давления с манометром резьба 1/4 Pegas pneumatic 4604  Цена: 933.34
—Номенклатура: 00-00130919 Сгон Valtec НР 1/2"  Цена: 390
—Номенклатура: 00-00130920 Контргайка Valtec ВР 1/2"  Цена: 12.75
—Номенклатура: 00-00130922 Кольцо уплотнительное под американку 1/2"  Цена: 9.17
—Номенклатура: 00-00007443 Штукатурка гипсовая ротбанд 30 кг  Цена: 460.83
—Номенклатура: 00-00011831 Валик сменный 250мм  Цена: 167.5
—Номенклатура: 00-00011922 Шпаклевка  Цена: 836.67
—Номенклатура: 00-00018108 Саморез 4,5х40  Цена: 1.77
—Номенклатура: 00-00018634 Песок 25 кг  Цена: 74.59
—Номенклатура: 00-00024410 Перчатки хай фит 7.710  Цена: 24.17
—Номенклатура: 00-00041338 Краска ВД бел.  Цена: 972.5
—Номенклатура: 00-00057924 Мешки для мусора (уп)  Цена: 9.75
—Номенклатура: 00-00105206 Саморез 3,5х25  Цена: 1.03
—Номенклатура: 00-00010743 Кабель-удлинитель 1,8м  Цена: 150
—Номенклатура: 00-00025072 Монитор HP 23.8"VH240a  Цена: 16850
—Номенклатура: 00-00066498 Жесткий диск HDD 6ТБ, Western Dijital Purple  Цена: 12458.34
—Номенклатура: 00-00084330 Инструмент для заделки и обрезки витой пары 110  Цена: 625
—Номенклатура: 00-00093401 SSD накопитель INTEL DC D3-S4510 SSDSC2KB019T801 1.9TБ 2.5", SATA |||  Цена: 20833.33
—Номенклатура: 00-00027749 Хомут червячный 80-100мм  Цена: 15.83
—Номенклатура: 00-00045361 Хомут червячный  Цена: 23.17
—Номенклатура: 00-00134794 Винт с цилиндрической головкой и шестигранным углублением под ключ ГОСТ Р ИСО 4762 - M16x70-8.8-A6J  Цена: 44
—Номенклатура: 00-00134795 Винт с цилиндрической головкой и шестигранным углублением под ключ ГОСТ Р ИСО 4762 - M16x80-8.8-A6J  Цена: 48.58
—Номенклатура: 00-00141516 Винт с шестигранной головкой ГОСТ Р ИСО 4017 - M36x100-8.8-A6J  Цена: 413.92
—Номенклатура: 00-00162615 Куртка СПЕЦ-АВАНГАРД  Цена: 2728.72
—Номенклатура: 00-00162616 Брюки СПЕЦ-АВАНГАРД  Цена: 2425
—Номенклатура: 00-00140951 Костюм  сигнальный 3 класса защиты СПЕЦ-АНТИСТАТ  Цена: 4486.25
—Номенклатура: 00-00145551 Кран трёхходовой с фторопластовой прокладкой и натяжной гайкой  Цена: 533.33
—Номенклатура: 00-00146466 Элатекс Сил 1С рус  Цена: 450
—Номенклатура: 00-00026699 Подшипниковый узел  480210 UCР  Цена: 635.83
—Номенклатура: 00-00109569 Пружина растяжения 1727х10х1,3(мм) EN 10270-1-SM-Zn  Цена: 487.5
—Номенклатура: 00-00134792 Винт с цилиндрической головкой и шестигранным углублением под ключ ГОСТ Р ИСО 4762 - M16x50-8.8-A6J  Цена: 20.25
—Номенклатура: 00-00134796 Винт с цилиндрической головкой и шестигранным углублением под ключ ГОСТ Р ИСО 4762 - M20x70-8.8-A6J  Цена: 48.66
—Номенклатура: 00-00002305 Файл А4  Цена: 3.38
—Номенклатура: 00-00008228 Набор настольный  Цена: 329.83
—Номенклатура: 00-00013348 Накопитель вертикальный  Цена: 135
—Номенклатура: 00-00031050 Подставка для бумаг  Цена: 404.55
—Номенклатура: 00-00058243 Лоток  Цена: 174.74
—Номенклатура: 00-00083402 Стикер  Цена: 155.58
—Номенклатура: 00-00009555 Папка файл-вкладыш  Цена: 66.54
—Номенклатура: 00-00024168 Папка файловая 60  Цена: 152.44
—Номенклатура: 00-00039808 Бумага для цв. струй. печ.  Цена: 345.87
—Номенклатура: 00-00110283 Бумага широкоформатная ProMEGA engineer (80 г/кв.м, длина 45 м, ширина 610 мм, диаметр втулки 50,8 мм)  Цена: 408.16
—Номенклатура: 00-00040243 Тумба приставная  Цена: 4553.12
—Номенклатура: 00-00073848 Линейка мет. 300мм ГОСТ 427-75(поверенная)  Цена: 594.12
—Номенклатура: 00-00128647 хх  Цена: 103.5
—Номенклатура: 00-00146997 Датчик ВБИ-М30-91В-2111-С  Цена: 3880.16
—Номенклатура: 00-00147762 Датчик положения ВБИ-М12-39В-2112-С.51  Цена: 2945
—Номенклатура: 00-00101679 F3AL250V, 6x30мм 3A предохранитель плавкий, стеклянный  Цена: 3
—Номенклатура: 00-00185150 Маска сварщика с блоком очистки воздуха  Цена: 36885.25
—Номенклатура: 00-00185151 Фильтр к блоку очистки воздуха для маски сварщика  Цена: 1423.77
—Номенклатура: 00-00065172 Видеокарта  Цена: 2781
—Номенклатура: 00-00049793 Клемма 221-413  Цена: 441.67
—Номенклатура: 00-00144911 Коробка соединительная КСА12 - (-60+40)12 - 1x20sКНК Ni(А) - 1x25КБУ Ni(В) - (В)  Цена: 3666.67
—Номенклатура: 00-00146083 Лента AISI 321 0,1х400 М  Цена: 2250
—Номенклатура: 00-00146084 Лента AISI 321 0,15х400 М  Цена: 2250
—Номенклатура: 00-00146085 Лента AISI 321 0,2х400 М  Цена: 2250
—Номенклатура: 00-00146086 Лента AISI 321 0,3х400 М  Цена: 2250
—Номенклатура: 00-00144866 Блок пружинный 07 ОСТ24.125.166-01  Цена: 5908.33
—Номенклатура: 00-00146455 Талреп 02 ОСТ24.125.105-01  Цена: 2433.33
—Номенклатура: 00-00135478 Герметик ЭКОН Силиконовый 280мл  Цена: 339.4
—Номенклатура: 00-00115556 Полотно ленточное по дереву 3480х25х0,9 (3 зуба)  Цена: 2416.67
—Номенклатура: 00-00115557 Полотно ленточное по дереву 3480х20х0,8 (4 зуба)  Цена: 1975
—Номенклатура: 00-00187949 Закалка деталей КМД.2604064.01_78257.11 Втулка  Цена: 1
get_prices -  -  - 2026-09-07 11:22:17 - ==== END  Объединение цен по номенклатуре из трех источников ====
load_budgets_prices - Загрузка_бюджетов -  - 2026-09-07 11:22:17 - 2026-09-07 11:22:17 == Загрузка_бюджетов ОК===
load_budgets_states -  -  - 2026-09-07 11:22:17 - не найдены в БИТ_СоответствиеСтатейРасходовИСтатейБюджетирования статьи бюджетов:
2023:
—ф.5.1. Бюджет расходов по оплате труда, резервов, страховые взносы  по подразделениям компании:
———Резерв отпусков
———Премиальная часть
2024:
—ф.6.3. Бюджет по кредитам и займам, финансовым вложениям (год):
———% по полученным займам и кредитам
—ф.1.1. Инвестиционный бюджет (CAPEX) на год:
———Основные средства
—ф.5.1. Бюджет расходов по оплате труда, резервов, страховые взносы  по подразделениям компании:
———Резерв отпусков
—ф.5.2. Бюджет затрат на обучение и подбор персонала (год):
———Кадровое делопроизводство
2026:
—ф.4.3. Бюджет расходов на  безопасность и охрану объектов (год) :
———Техника и оборудование (системы безопасности)
—ф.6.1. Бюджет амортизационных отчислений:
———Амортизация НМА
calc_not_fill_states_expenditure - не заполненные статьи расходов -  - 2026-09-07 11:22:21 - При анализе ЗаказНаВнутреннееПотребление - не заполненные статьи расходов в СоответствиеСтатейРасходовИСтатейБюджетирования:
2025:
——Отдел продаж оборудования пневмотранспорта и сажеобдувочных аппаратов (Пауэрз): 'Приобретение нематериальных активов'
——Сталелитейный цех (ТатКуз): 'Водоотведение и канализация (прям)'
——Отдел персонала (ТатКуз): 'Задолженность клиентов'
——Сборочный цех Производства (Пауэрз): 'Инструмент общепроизвод.25'
——Сборочный цех Производства (Келаст): 'Резерв под выданные гарантии (96.09)'
——Административно-хозяйственный отдел (ТатКуз): 'РБП Таткуз: Прочие материальные расходы'
——Цех выпуска готовой продукции Производства (Пауэрз): 'Спецодежда общепроизвод.25'
——Дирекция (КБЖ): 'Прочие расходы (не учит. в НУ)       '
——Отдел управления Производства (ТатКуз): 'РБП Таткуз: Прочие материальные расходы'
——Сборочный цех Производства (Келаст): 'Прочие расходы (не учит. в НУ)  '
——Отдел продаж газоочистного оборудования (Пауэрз): 'Задолженность клиентов'
——Столярный цех Производства (Келаст): 'РБП Келаст: Лизинг'
——Отдел снабжения (Пауэрз): 'Задолженность клиентов'
——Сборочный цех Производства (Пауэрз): 'Резерв под выданные гарантии (96.09)'
——Отдел складской логистики (Келаст): 'Прочие расходы (не учит. в НУ)   '
——Отдел безопасности (Келаст): 'Приобретение нематериальных активов'
2024:
——Сборочный цех Производства (Келаст): 'Задолженность клиентов'
——Административно-хозяйственный отдел (Келаст): 'Прочие расходы (не учит. в НУ) '
——Бухгалтерия (КБЖ): 'Задолженность клиентов'
——Сборочный цех Производства (Пауэрз): 'Задолженность клиентов'
——Отдел складской логистики (Пауэрз): 'не использовать_Средства индивидуальной защиты (общепроизвод.)'
——Цех механической обработки Производства (Пауэрз): 'Задолженность клиентов'
——Отдел технического контроля Производства (Пауэрз): 'не использовать_Средства индивидуальной защиты (общепроизвод.)'
——Отдел складской логистики (Пауэрз): 'Задолженность клиентов'
——Административно-хозяйственный отдел (Келаст): 'Ремонт основных средств (общепроизвод.)'
——Отдел продаж (Келаст): 'Резерв под выданные гарантии'
——Сборочный цех Производства (Пауэрз): 'НЕ ИСПОЛЬЗОВАТЬ с 01.01.2024 Инструмент (общепроизвод.) '
——Швейный цех Производства (Келаст): 'Прочие расходы (не учит. в НУ)    '
——Планово-диспетчерский отдел Производства (Пауэрз): 'Задолженность клиентов'
——Отдел технического контроля (Келаст): 'не использовать_Средства индивидуальной защиты (общепроизвод.)'
——Отдел складской логистики (Келаст): 'не использовать_строительные материалы (общепроизвод.)'
——Отдел маркетинга (Келаст): 'Н_Реклама и маркетинг'
——Технологический отдел Производства (Пауэрз): 'не использовать_Канцелярские товары (общепроизвод.)'
——Отдел комплектации (Пауэрз): 'Задолженность клиентов'
——Технологический отдел Производства (Келаст): 'Задолженность клиентов'
——Отдел складской логистики (Келаст): 'Прочие расходы (не учит. в НУ)   '
——Производственный цех Пауэрз: 'Ремонт, ТО оборудования общепроизвод.25'
——Отдел продаж оборудования пневмотранспорта и сажеобдувочных аппаратов (Пауэрз): 'Резерв под выданные гарантии'
——Административно-хозяйственный отдел (Келаст): 'не использовать_строительные материалы (управленч.)'
——Сборочный цех Производства (Пауэрз): 'Инструмент общепроизвод.25'
——Отдел складской логистики (Келаст): 'Прочие расходные материалы (прям)'
——Отдел продаж (Пауэрз): 'Резерв под выданные гарантии'
——Отдел охраны труда (Келаст): 'не использовать_прочие расходы на текущий ремонт (общепроизвод.)'
——Швейный цех Производства (Келаст): 'Задолженность клиентов'
——Цех механической обработки Производства (Пауэрз): 'Инвентарь общепроизвод.25'
——Отдел продаж (Пауэрз): 'Резерв под выданные гарантии (96.09)'
——Отдел продаж (Пауэрз): 'Задолженность клиентов'
——Ремонтный цех Производства (Пауэрз): 'Задолженность клиентов'
——Цех механической обработки Производства (Пауэрз): 'Спецодежда общепроизвод.25'
——Отдел логистики (Келаст): 'Резерв под выданные гарантии (96.09)'
——Отдел продаж (Келаст): 'Резерв под выданные гарантии (96.09)'
——Ремонтный цех Производства (Пауэрз): 'НЕ ИСПОЛЬЗОВАТЬ с 01.01.2024 Инструмент (общепроизвод.) '
——Отдел персонала (Пауэрз): 'Представительские расходы'
——Дирекция (КБЖ): 'не использовать_строительные материалы (управленч.)'
——Отдел продаж газоочистного оборудования (Пауэрз): 'Резерв под выданные гарантии'
——Административно-хозяйственный отдел (Пауэрз): 'Задолженность клиентов'
——Отдел складской логистики (Келаст): 'не использовать_Средства индивидуальной защиты (общепроизвод.)'
——Отдел продаж (Пауэрз): 'не использовать_Канцелярские товары (коммерч.)'
——Отдел продаж оборудования пневмотранспорта и сажеобдувочных аппаратов (Пауэрз): 'Резерв под выданные гарантии (96.09)'
——Сталелитейный цех (КБЖ): 'Доходы прошлых периодов'
2026:
——Сборочный цех Производства (Пауэрз): 'Инструмент общепроизвод.25'
——Сборочный цех Производства (Келаст): 'Резерв под выданные гарантии (96.09)'
——Отдел управления Производства (Келаст): 'Резерв под выданные гарантии (96.09)'
——Цех механической обработки Производства (Пауэрз): 'Инвентарь общепроизвод.25'
——Отдел управления Производства (ТатКуз): 'РБП Таткуз: Прочие материальные расходы'
——Отдел персонала (Келаст): 'Задолженность клиентов'
——Цех выпуска готовой продукции Производства (Пауэрз): 'Задолженность клиентов'
——Отдел продаж (Пауэрз): 'Задолженность клиентов'
——Сталелитейный цех (ТатКуз): 'Задолженность клиентов'
——Отдел комплектации (Келаст): 'Задолженность клиентов'
——Отдел внешнего монтажа  и сервиса Производства (Пауэрз): 'Инвентарь общепроизвод.25'
——Конструкторский отдел (Келаст): 'Задолженность клиентов'
2023:
——Отдел транспортной логистики (Пауэрз): 'не использовать_Средства индивидуальной защиты (общепроизвод.)'
——Цех выпуска готовой продукции Производства (Пауэрз): 'Материалы прочие (производ.)'
——Отдел технического контроля Производства (Пауэрз): 'НЕ ИСПОЛЬЗОВАТЬ с 01.01.2024 Инструмент (общепроизвод.) '
——Набивочный цех Производства (Келаст): 'не использовать_строительные материалы (производ.)'
——Заготовительный цех Производства (Пауэрз): 'Материалы прочие (производ.)'
——Цех выпуска готовой продукции Производства (Пауэрз): 'Спецодежда общепроизвод.25'
——Сборочный цех Производства (Пауэрз): 'Прочие расходы общепроизвод.25'
——Отдел продаж (Келаст): 'Н_Реклама и маркетинг'
——Отдел комплектации (Пауэрз): 'Спецодежда общепроизвод.25'
——Ремонтный цех Производства (Келаст): 'Прочие расходы общепроизвод.25'
——Отдел капитального строительства и ремонта (Пауэрз): 'Ремонт основных средств  (производ.)'
——Цех тканевых компенсаторов Производства (Келаст): 'Спецодежда общепроизвод.25'
——Планово-диспетчерский отдел Производства (Пауэрз): 'не использовать_Прочие расходные материалы (общепроизвод.) '
——Конструкторский отдел (Келаст): 'Ремонт основных средств (общепроизвод.)'
——Конструкторский отдел (Келаст): 'НЕ ИСПОЛЬЗОВАТЬ С 01.01.2024 Эксплуатационные расходы (производ.)'
——Заготовительный цех Производства (Пауэрз): 'Прочие расходы общепроизвод.25'
——Ремонтный цех Производства (Келаст): 'НЕ ИСПОЛЬЗОВАТЬ С 01.01.2024 Эксплуатационные расходы (общепроизвод.)'
——Отдел маркетинга (Келаст): 'Н_Реклама и маркетинг'
——Отдел складской логистики (Келаст): 'не использовать_строительные материалы (общепроизвод.)'
——Цех выпуска готовой продукции Производства (Пауэрз): 'Инструмент общепроизвод.25'
——Отдел персонала (Келаст): 'Представительские расходы'
——Отдел складской логистики (Пауэрз): 'НЕ ИСПОЛЬЗОВАТЬ с 01.01.2024 Инструмент (общепроизвод.) '
——Отдел информационных технологий (Келаст): 'Прочие расходы общехоз26 Келаст'
——Отдел технического контроля Производства (Пауэрз): 'не использовать_Прочие расходные материалы (общепроизвод.) '
——Сборочный цех Производства (Пауэрз): 'НЕ ИСПОЛЬЗОВАТЬ_Коммунальные услуги (производ.)'
——Отдел маркетинга (Пауэрз): 'Н_Реклама и маркетинг'
——Планово-диспетчерский отдел Производства (Пауэрз): 'НЕ ИСПОЛЬЗОВАТЬ с 01.01.2024 Инструмент (общепроизвод.) '
——Административно-хозяйственный отдел (Пауэрз): 'не использовать_строительные материалы (управленч.)'
——Хозяйственный отдел Производства (Келаст): 'НЕ ИСПОЛЬЗОВАТЬ С 01.01.2024 Эксплуатационные расходы (производ.)'
——Сборочный цех Производства (Пауэрз): 'Контроль и испытания продукции общепроизвод.25'
——Технологический отдел Производства (Келаст): 'не использовать_Прочие расходные материалы (общепроизвод.) '
——Отдел управления Производства (Келаст): 'Ремонт основных средств (общепроизвод.)'
——Отдел продаж быстросъемной изоляции (Келаст): 'Н_Реклама и маркетинг'
——Административно-хозяйственный отдел (Келаст): 'не использовать_строительные материалы (управленч.)'
——Отдел охраны труда (Пауэрз): 'не использовать_прочие расходы на текущий ремонт (общепроизвод.)'
——Сборочный цех Производства (Пауэрз): 'Инструмент общепроизвод.25'
——Цех механической обработки Производства (Пауэрз): 'Ремонт, ТО оборудования общепроизвод.25'
——Отдел охраны труда (Келаст): 'не использовать_прочие расходы на текущий ремонт (общепроизвод.)'
——Отдел складской логистики (Келаст): 'не использовать_Прочие расходные материалы (общепроизвод.) '
——Административно-хозяйственный отдел (Пауэрз): 'прочие расходы на текущий ремонт (управленч.)'
——Цех выпуска готовой продукции Производства (Пауэрз): 'Инвентарь общепроизвод.25'
——Планово-диспетчерский отдел Производства (Пауэрз): 'не использовать_Средства индивидуальной защиты (общепроизвод.)'
——Технологический отдел Производства (Пауэрз): 'НЕ ИСПОЛЬЗОВАТЬ с 01.01.2024 Инструмент (общепроизвод.) '
——Цех механической обработки Производства (Пауэрз): 'НЕ ИСПОЛЬЗОВАТЬ_Коммунальные услуги (производ.)'
——Ремонтный цех Производства (Пауэрз): 'Прочие расходы общепроизвод.25'
——Отдел управления Производства (Пауэрз): 'не использовать_строительные материалы (общепроизвод.)'
——Отдел персонала (Келаст): 'Корпоративные мероприятия'
——Цех выпуска готовой продукции Производства (Пауэрз): 'Канцтовары общепроизвод.25'
——Цех тканевых компенсаторов Производства (Келаст): 'Инвентарь общепроизвод.25'
——Сборочный цех Производства (Пауэрз): 'Материалы прочие (производ.)'
——Ремонтный цех Производства (Пауэрз): 'НЕ ИСПОЛЬЗОВАТЬ с 01.01.2024 Инструмент (общепроизвод.) '
——Отдел капитального строительства и ремонта (Келаст): 'Спецодежда общехоз26 Келаст'
——Цех выпуска готовой продукции Производства (Пауэрз): 'Ремонт основных средств  (производ.)'
——Отдел управления Производства (Келаст): 'НЕ ИСПОЛЬЗОВАТЬ С 01.01.2024 Эксплуатационные расходы (общепроизвод.)'
——Цех механической обработки Производства (Пауэрз): 'Ремонт основных средств  (производ.)'
——Дирекция (КБЖ): 'не использовать_строительные материалы (управленч.)'
——Отдел комплектации (Пауэрз): 'Прочие расходы общепроизвод.25'
——Отдел комплектации (Пауэрз): 'Канцтовары общепроизвод.25'
——Отдел персонала (Пауэрз): 'Представительские расходы'
——Отдел управления Производства (Пауэрз): 'НЕ ИСПОЛЬЗОВАТЬ_Коммунальные услуги'
——Отдел продаж газоочистного оборудования (Пауэрз): 'не использовать_Канцелярские товары (коммерч.)'
——Сборочный цех Производства (Пауэрз): 'Инвентарь общепроизвод.25'
——Сборочный цех Производства (Пауэрз): 'Ремонт основных средств  (производ.)'
——Отдел технического контроля (Келаст): 'НЕ ИСПОЛЬЗОВАТЬ с 01.01.2024 Инструмент (общепроизвод.) '
——Отдел складской логистики (Пауэрз): 'не использовать_Прочие расходные материалы (общепроизвод.) '
——Швейный цех Производства (Келаст): 'Спецодежда общепроизвод.25'
——Отдел управления Производства (Пауэрз): 'Ремонт основных средств (общепроизвод.)'
——Отдел складской логистики (Келаст): 'Ремонт основных средств (общепроизвод.)'
——Цех выпуска готовой продукции Производства (Пауэрз): 'Прочие расходы общепроизвод.25'
——Сборочный цех Производства (Пауэрз): 'Представительские расходы'
——Отдел персонала (Пауэрз): 'Корпоративные мероприятия'
INFO:     IS_TEST_BASE: '0'
INFO:     [bitrix24.РаспоряжениеНаДоставку.СинхронизацияТабличнойЧасти] Ответ успешно принят: {'title': '000008088 от 27.08.2026',
 'ufCrm18CountSpots': 1,
 'ufCrm18Customer': 'Пауэрз',
 'ufCrm18DateShipment': '28.08.2026',
 'ufCrm18DimensionsSpots': '200x200x200',
 'ufCrm18GrossWeight': 1.0,
 'ufCrm18Info': 'груз небольшой - Саша\n36 комплеков щеток',
 'ufCrm18Insurance': 0.0,
 'ufCrm18NetWeigth': 1.0,
 'ufCrm18PackingType': 'коробка',
 'ufCrm18Payment': 'Организация',
 'ufCrm18Products': ' Щетки угольные AEG 4931428732 (см. описание) - 39 компл',
 'ufCrm18Recipient': 'Пауэрз, ИНН ',
 'ufCrm18RecipientAddress': '173526, Новгородская обл, р-н Новгородский, рп '
                            'Панковка, ул Индустриальная, д. 19',
 'ufCrm18RecipientContact': 'Шаляпина Марина Сергеевна, +7+79210250050',
 'ufCrm18Shipper': 'ООО "ПАУЭРЗ"',
 'ufCrm18Shipper2': 'ИНТЕРНЕТ РЕШЕНИЯ ООО поставщик',
 'ufCrm18ShipperContact': 'интернет магазин менеджера нет, +78002347000',
 'ufCrm18ShippingAddress': '',
 'ufCrm18ShippingAddress2': 'Панковка, Строительная ул., 17',
 'ufCrm18ShippingMethod': 'На усмотрение транспортной службы',
 'ufCrm18Volume': 0.008,
 'xmlId': '361d26c1-a1ef-11f1-a4b9-30e1716be59e'}
INFO:     192.168.100.50:58812 - "POST /hs/mes/exchange/v1/order-delivery/ HTTP/1.1" 200 OK
INFO:     192.168.17.97:58243 - "POST /authenticate HTTP/1.1" 200 OK
INFO:     IS_TEST_BASE: '0'
INFO:     [bitrix24.ЗаказПоставщику.СинхронизацияЗаказа/ТабличнойЧасти] Ответ успешно принят: {'DeletionMark': False,
 'Ref_Key': '6d6da5a5-9d1d-11f1-a4b8-30e1716be59f',
 'data_version': 'AAAAAATeTe8=',
 'description': 'ПУ00-002476 от 21.08.2026',
 'products': [{'Ref_Key': '31faefae-054f-11f0-a3a8-30e1716be59f',
               'count': 32.0,
               'description': 'Лист Б-ПН-8 ГОСТ 19903-2015 / AISI 410S (08Х13) '
                              '1500 x 3000',
               'measure_code': '    ',
               'measure_code_nomen': 'кг',
               'measure_code_pos': 'шт',
               'price': 85542.19,
               'ratio_for_report': 280.8},
              {'Ref_Key': 'e316fb82-6895-11f1-a4a9-30e1716be59f',
               'count': 6.7,
               'description': 'Труба 42x5 - AISI 321 (12Х18Н10Т)',
               'measure_code': '006 ',
               'measure_code_nomen': 'кг',
               'measure_code_pos': 'м',
               'price': 3146.27,
               'ratio_for_report': 4.558},
              {'Ref_Key': '97ee4ebd-5d8a-11f1-a4a7-30e1716be59f',
               'count': 3.0,
               'description': 'Лист Б-ПН-20 ГОСТ 19903-2015 / AISI 304 '
                              '(08Х18Н10) 1500 x 3000',
               'measure_code': '    ',
               'measure_code_nomen': 'кг',
               'measure_code_pos': 'шт',
               'price': 257375.0,
               'ratio_for_report': 715.5}],
 'status': 'Подтвержден'}
INFO:     192.168.100.50:59104 - "POST /hs/mes/exchange/v1/order-supplier/ HTTP/1.1" 200 OK
INFO:     192.168.17.97:58245 - "POST /check-actual-password HTTP/1.1" 200 OK
INFO:     192.168.17.140:61605 - "POST /api/v1/revit/types/ HTTP/1.1" 404 Not Found
INFO:     192.168.17.140:61606 - "POST /api/v1/revit/nomens/bycodearray/ HTTP/1.1" 404 Not Found
INFO:root:zp_etaps: obj_full_name='ДокументОбъект.ЭтапПроизводства2_2' GUID=UUID('be58b2bf-9ae5-11f1-a4b8-30e1716be59f') action_type='MES.ERP/ЗП.Этапы.КонтрольИзменений' is_test=False status='Начат' is_deleted=False timestamp=1788780393
INFO:root:Запись завершена, результат: 1201148
INFO:     192.168.100.50:59315 - "POST /hs/mes/exchange/v1/zp_etaps/changes/ HTTP/1.1" 200 OK
INFO:     IS_TEST_BASE: '0'
INFO:     [bitrix24.РаспоряжениеНаДоставку.СинхронизацияТабличнойЧасти] Ответ успешно принят: {'title': '000008088 от 27.08.2026',
 'ufCrm18CountSpots': 1,
 'ufCrm18Customer': 'Пауэрз',
 'ufCrm18DateShipment': '28.08.2026',
 'ufCrm18DimensionsSpots': '200x200x200',
 'ufCrm18GrossWeight': 1.0,
 'ufCrm18Info': 'груз небольшой - Саша\n36 комплеков щеток',
 'ufCrm18Insurance': 0.0,
 'ufCrm18NetWeigth': 1.0,
 'ufCrm18PackingType': 'коробка',
 'ufCrm18Payment': 'Организация',
 'ufCrm18Products': ' Щетки угольные AEG 4931428732 (см. описание) - 39 компл',
 'ufCrm18Recipient': 'Пауэрз, ИНН ',
 'ufCrm18RecipientAddress': '173526, Новгородская обл, р-н Новгородский, рп '
                            'Панковка, ул Индустриальная, д. 19',
 'ufCrm18RecipientContact': 'Шаляпина Марина Сергеевна, +7+79210250050',
 'ufCrm18Shipper': 'ООО "ПАУЭРЗ"',
 'ufCrm18Shipper2': 'ИНТЕРНЕТ РЕШЕНИЯ ООО поставщик',
 'ufCrm18ShipperContact': 'интернет магазин менеджера нет, +78002347000',
 'ufCrm18ShippingAddress': '',
 'ufCrm18ShippingAddress2': 'Панковка, Строительная ул., 17',
 'ufCrm18ShippingMethod': 'На усмотрение транспортной службы',
 'ufCrm18Volume': 0.008,
 'xmlId': '361d26c1-a1ef-11f1-a4b9-30e1716be59e'}
INFO:     192.168.100.50:59377 - "POST /hs/mes/exchange/v1/order-delivery/ HTTP/1.1" 200 OK
INFO:root:zp_etaps: obj_full_name='ДокументОбъект.ЗаказНаПроизводство2_2' GUID=UUID('beee42f5-a6bd-11f1-a4ba-30e1716be59f') action_type='MES.ERP/ЗП.Этапы.КонтрольИзменений' is_test=False status='' is_deleted=False timestamp=None
INFO:root:Запись завершена, результат: 1201150
INFO:     192.168.100.50:59635 - "POST /hs/mes/exchange/v1/zp_etaps/changes/ HTTP/1.1" 200 OK
INFO:     Shutting down
INFO:     Waiting for application shutdown.
INFO:     Application shutdown complete.
INFO:     Finished server process [62156]

---------------
2026-09-07 11:29:34.503482 wet_req start:
            ВЫБРАТЬ
        СтруктураПредприятия.Наименование КАК Наименование,
        СтруктураПредприятия.Родитель.Представление КАК РодительПредставление,
        СтруктураПредприятия.Код КАК Код
    ИЗ
        Справочник.СтруктураПредприятия КАК СтруктураПредприятия
    ГДЕ
        СтруктураПредприятия.ПометкаУдаления = ЛОЖЬ
        И СтруктураПредприятия.Родитель.Ссылка В ИЕРАРХИИ            (ВЫБРАТЬ ПЕРВЫЕ 1
                СтруктураПредприятия.Ссылка КАК Ссылка
            ИЗ
                Справочник.СтруктураПредприятия КАК СтруктураПредприятия
            ГДЕ
                СтруктураПредприятия.ПометкаУдаления = ЛОЖЬ
                )
    УПОРЯДОЧИТЬ ПО
        Наименование

wet_req end PC 0.007956 secs.

---------------
2026-09-07 11:29:34.511809 wet_req start:
            ВЫБРАТЬ
                РесурсныеСпецификации.Наименование КАК Наименование,
                РесурсныеСпецификации.Родитель.Представление КАК РодительПредставление,
                РесурсныеСпецификации.Код КАК Код
            ИЗ
                Справочник.РесурсныеСпецификации КАК РесурсныеСпецификации
            ГДЕ
                РесурсныеСпецификации.ПометкаУдаления = ЛОЖЬ
                И РесурсныеСпецификации.ЭтоГруппа = ИСТИНА

            УПОРЯДОЧИТЬ ПО
                Наименование

wet_req end PC 0.000779 secs.

---------------
2026-09-07 11:29:34.514773 wet_req start:
            ВЫБРАТЬ
    ПРЕДСТАВЛЕНИЕ(СпособыРаспределенияЗатратНаВыходныеИзделия.Ссылка) КАК Наименование,
    СпособыРаспределенияЗатратНаВыходныеИзделия.Порядок КАК Порядок,
        УНИКАЛЬНЫЙИДЕНТИФИКАТОР(СпособыРаспределенияЗатратНаВыходныеИзделия.Ссылка) КАК ref_key
ИЗ
    Перечисление.СпособыРаспределенияЗатратНаВыходныеИзделия КАК СпособыРаспределенияЗатратНаВыходныеИзделия


wet_req end PC 0.000532 secs.

---------------
2026-09-07 11:29:34.515400 wet_req start: ВЫБРАТЬ
                СтатьиКалькуляции.Наименование КАК Наименование,
                УНИКАЛЬНЫЙИДЕНТИФИКАТОР(СтатьиКалькуляции.Ссылка) КАК ref_key,
                СтатьиКалькуляции.Родитель.Наименование КАК РодительПредставление
            ИЗ
                Справочник.СтатьиКалькуляции КАК СтатьиКалькуляции
            ГДЕ
                СтатьиКалькуляции.ЭтоГруппа = ЛОЖЬ
                И СтатьиКалькуляции.ПометкаУдаления = ЛОЖЬ
wet_req end PC 0.000722 secs.

---------------
2026-09-07 11:29:34.517494 wet_req start:
            ВЫБРАТЬ
    ПРЕДСТАВЛЕНИЕ(СпособыПолученияМатериаловВСпецификации.Ссылка) КАК Наименование,
    СпособыПолученияМатериаловВСпецификации.Порядок КАК Порядок,
        УНИКАЛЬНЫЙИДЕНТИФИКАТОР(СпособыПолученияМатериаловВСпецификации.Ссылка) КАК ref_key
ИЗ
    Перечисление.СпособыПолученияМатериаловВСпецификации КАК СпособыПолученияМатериаловВСпецификации


wet_req end PC 0.000577 secs.

---------------
2026-09-07 11:29:34.518136 wet_req start:
        ВЫБРАТЬ

            ВидыРаботСотрудников.Наименование КАК Наименование,
            ВидыРаботСотрудников.Код КАК Код,
            ВидыРаботСотрудников.Родитель.Представление КАК Родитель,
            УНИКАЛЬНЫЙИДЕНТИФИКАТОР(ВидыРаботСотрудников.Ссылка) КАК ref_key
        ИЗ
            Справочник.ВидыРаботСотрудников КАК ВидыРаботСотрудников
        ГДЕ
            ВидыРаботСотрудников.ПометкаУдаления = ЛОЖЬ

        УПОРЯДОЧИТЬ ПО
            Наименование

wet_req end PC 0.000691 secs.

---------------
2026-09-07 11:29:34.520749 wet_req start:
ВЫБРАТЬ
    СтавкиНДС.Наименование КАК Наименование,
    УНИКАЛЬНЫЙИДЕНТИФИКАТОР(СтавкиНДС.Ссылка) КАК ref_key
ИЗ
    Справочник.СтавкиНДС КАК СтавкиНДС
 ГДЕ
            СтавкиНДС.ПометкаУдаления = ЛОЖЬ
        УПОРЯДОЧИТЬ ПО
            Наименование

wet_req end PC 0.000543 secs.

---------------
2026-09-07 11:29:34.521449 wet_req start:
ВЫБРАТЬ
    ПРЕДСТАВЛЕНИЕ(ТипыНоменклатуры.Ссылка) КАК Наименование,
    ТипыНоменклатуры.Порядок КАК Порядок,
        УНИКАЛЬНЫЙИДЕНТИФИКАТОР(ТипыНоменклатуры.Ссылка) КАК ref_key
ИЗ
    Перечисление.ТипыНоменклатуры КАК ТипыНоменклатуры

wet_req end PC 0.000572 secs.

---------------
2026-09-07 11:29:34.522100 wet_req start:
ВЫБРАТЬ
    ВидыНоменклатуры.Родитель.Наименование КАК РодительНаименование,
    ВидыНоменклатуры.Наименование КАК Наименование,
    ВидыНоменклатуры.ЭтоГруппа КАК ЭтоГруппа,
    УНИКАЛЬНЫЙИДЕНТИФИКАТОР(ВидыНоменклатуры.Ссылка) КАК ref_key
ИЗ
    Справочник.ВидыНоменклатуры КАК ВидыНоменклатуры
ГДЕ
    ВидыНоменклатуры.ЭтоГруппа = ЛОЖЬ
    И ВидыНоменклатуры.ПометкаУдаления = ЛОЖЬ

wet_req end PC 0.001471 secs.

---------------
2026-09-07 11:29:34.533206 wet_req start:
ВЫБРАТЬ
    Номенклатура.Наименование КАК Наименование,
    Номенклатура.Код КАК Код,
    УНИКАЛЬНЫЙИДЕНТИФИКАТОР(Номенклатура.Ссылка) КАК ref_key,
    Номенклатура.ЭтоГруппа КАК ЭтоГруппа,
    Номенклатура.Родитель.Код + " " + Номенклатура.Родитель.Наименование КАК Родитель
ИЗ
    Справочник.Номенклатура КАК Номенклатура
ГДЕ
    Номенклатура.ЭтоГруппа = ИСТИНА
    И Номенклатура.ПометкаУдаления = ЛОЖЬ            import config try...
import config success
==== Проверка подключения диска: 'Z:' ====
Диск 'Z:' подключен
======Загрузка настроек C:\srv_mes\srv_mes\API_server\======
    C:\srv_mes\srv_mes\Config\CFG.cfg
    Z:\Data
    SRV:Naryad.db
    ОТК,контоль,контроля
    SRV:DB_kplan.db
    SRV:BD_resxml.db
    SRV:BD_dse.db
    SRV:DB_nomenklatura_erp.db
    SRV:BD_files.db
    SRV:BD_users.db
=====Успешно=====
Cursors imported
2026-09-07 11:29:34 Load req
"SELECT * FROM config "
 from db: 0.016883 secs.

2026-09-07 11:29:34 Load req
"SELECT COUNT(*) as cnt FROM app_config  WHERE module = ?"
 from db: 0.008699 secs.

Приложение "API_server.py" не найдено в таблице "app_config"
2026-09-07 11:29:34 Load req
"SELECT "Имя" FROM places"
 from db: 0.029788 secs.

2026-09-07 11:29:34 Load req
"SELECT name FROM "bases_ERP" where type_base = ?; "
 from db: 0.007826 secs.

2026-09-07 11:29:34 Load req
"SELECT name FROM "bases_ERP" where type_base = ?; "
 from db: 0.00778 secs.

2026-09-07 11:29:34 Load req
"
    SELECT "s_num",
       "name",
       "КластерСерверов"
  FROM "bases_ERP" WHERE name = ?;
"
 from db: 0.007595 secs.

2026-09-07 11:29:34 Load req
"
    SELECT "s_num",
       "name",
       "КластерСерверов"
  FROM "bases_ERP" WHERE name = ?;
"
 from db: 0.008431 secs.

2026-09-07 11:29:34 Load req
"
        WITH slice AS (
            SELECT *
              FROM (
                       SELECT "КадроваяИстория"."ФизическоеЛицо_Key",
                                "КадроваяИстория"."Должность_Key",
                                "Должности"."Наименование" as "Должность_Наименование",
                                "КадроваяИстория"."Подразделение_Key",
                                "КадроваяИстория"."Организация_Key",
                                "КадроваяИстория"."Сотрудник_Key",
                                "КадроваяИстория"."Период",
                                "КадроваяИстория".id,
                                "Подразделения"."Организация_poki",
                              ROW_NUMBER() OVER (PARTITION BY "КадроваяИстория"."ФизическоеЛицо_Key" ORDER BY "КадроваяИстория"."Период" DESC) AS rn
                         FROM "КадроваяИстория"
                         inner join "ФизическиеЛица" ON "ФизическиеЛица"."ФизическоеЛицо_Key" = "КадроваяИстория"."ФизическоеЛицо_Key"
                         inner join "Должности" ON "Должности"."Ref_Key" = "КадроваяИстория"."Должность_Key"
                         inner join "Подразделения" ON "Подразделения"."Подразделение_Key" = "КадроваяИстория"."Подразделение_Key"
                        WHERE "ФизическиеЛица"."Наименование" = ?
                   )
                   AS ranked
             WHERE rn = 1
             ORDER BY id
)
 SELECT
        "employee"."ФИО" as "ФИО",
        "employee"."Пномер" as "Пномер",
        "employee"."Должность" as "Должность",
        "employee"."Статус" as "Статус",
        "employee"."Подразделение" as "Подразделение",
        "employee"."Режим" as "Режим",
        "employee"."Компания" as "Компания",
        "employee"."ID_ФизЛица" as "ID_ФизЛица",
        "employee"."ВидЗанятости" as "ВидЗанятости",
        "employee"."ДатаИзмененияДолжности" as "ДатаИзмененияДолжности",
        "ФизическиеЛица"."Фамилия" as "Фамилия",
        "ФизическиеЛица"."Имя" as "Имя",
        "ФизическиеЛица"."Отчество" as "Отчество",
        "ФизическиеЛица"."Пол" as "Пол",
        "ФизическиеЛица".login as login,
        "ФизическиеЛица".id_bitrix as id_bitrix,
        "slice"."Должность_Key" as "current_Должность_Key",
        "slice"."Должность_Наименование" as "current_Должность",
        "slice"."Подразделение_Key" as "current_Подразделение_Key",
        "slice"."Организация_Key" as "current_Организация_Key",
        "slice"."Сотрудник_Key" as "current_Сотрудник_Key",
        "slice"."Организация_poki" as "current_Организация_poki"
         FROM employee
         LEFT JOIN "ФизическиеЛица" ON "ФизическиеЛица"."ФизическоеЛицо_Key" = "employee"."ID_ФизЛица"
         LEFT JOIN "slice" on "slice"."ФизическоеЛицо_Key" = "ФизическиеЛица"."ФизическоеЛицо_Key"
        WHERE "employee"."ФИО" = ? ;"
 from db: 0.01929 secs.

INFO:     Started server process [51480]
INFO:     Waiting for application startup.
INFO:     Application startup complete.
INFO:     Uvicorn running on http://192.168.100.135:20011 (Press CTRL+C to quit)
INFO:root:zp_etaps: obj_full_name='ДокументОбъект.ЭтапПроизводства2_2' GUID=UUID('45524d04-aa96-11f1-a4bb-30e1716be59f') action_type='MES.ERP/ЗП.Этапы.КонтрольИзменений' is_test=False status='Формируется' is_deleted=False timestamp=1788780589
INFO:root:Запись завершена, результат: 1201151

wet_req end PC 0.000905 secs.

---------------
2026-09-07 11:29:34.534258 wet_req start:
ВЫБРАТЬ
    ГруппыДоступаНоменклатуры.Наименование КАК Наименование,
    УНИКАЛЬНЫЙИДЕНТИФИКАТОР(ГруппыДоступаНоменклатуры.Ссылка) КАК ref_key
ИЗ
    Справочник.ГруппыДоступаНоменклатуры КАК ГруппыДоступаНоменклатуры
 ГДЕ
            ГруппыДоступаНоменклатуры.ПометкаУдаления = ЛОЖЬ
        УПОРЯДОЧИТЬ ПО
            Наименование

wet_req end PC 0.000678 secs.

---------------
2026-09-07 11:29:34.535955 wet_req start:
ВЫБРАТЬ
    ПРЕДСТАВЛЕНИЕ(ВариантыОформленияПродажи.Ссылка) КАК Наименование,
    ВариантыОформленияПродажи.Порядок КАК Порядок,
        УНИКАЛЬНЫЙИДЕНТИФИКАТОР(ВариантыОформленияПродажи.Ссылка) КАК ref_key
ИЗ
    Перечисление.ВариантыОформленияПродажи КАК ВариантыОформленияПродажи

wet_req end PC 0.000574 secs.

---------------
2026-09-07 11:29:34.536659 wet_req start:
            ВЫБРАТЬ РАЗЛИЧНЫЕ
                УНИКАЛЬНЫЙИДЕНТИФИКАТОР(УпаковкиЕдиницыИзмерения.Ссылка) КАК ref_key,
                УпаковкиЕдиницыИзмерения.Код КАК Код,
                УпаковкиЕдиницыИзмерения.Наименование КАК Наименование,
                УпаковкиЕдиницыИзмерения.НаименованиеПолное КАК НаименованиеПолное
            ИЗ
                Справочник.УпаковкиЕдиницыИзмерения КАК УпаковкиЕдиницыИзмерения
            ГДЕ
                УпаковкиЕдиницыИзмерения.ПометкаУдаления = ЛОЖЬ
                И УпаковкиЕдиницыИзмерения.НаименованиеПолное <> ""

            УПОРЯДОЧИТЬ ПО
                Наименование

wet_req end PC 0.001297 secs.

---------------
2026-09-07 11:29:34.543540 wet_req start:
ВЫБРАТЬ
УНИКАЛЬНЫЙИДЕНТИФИКАТОР(ГруппыАналитическогоУчетаНоменклатуры.Ссылка) КАК ref_key,
    ГруппыАналитическогоУчетаНоменклатуры.Наименование КАК Наименование,
    ГруппыАналитическогоУчетаНоменклатуры.Родитель.Представление КАК РодительПредставление,
    ГруппыАналитическогоУчетаНоменклатуры.ЭтоГруппа КАК ЭтоГруппа
ИЗ
    Справочник.ГруппыАналитическогоУчетаНоменклатуры КАК ГруппыАналитическогоУчетаНоменклатуры
ГДЕ
    ГруппыАналитическогоУчетаНоменклатуры.ЭтоГруппа = ЛОЖЬ
    И ГруппыАналитическогоУчетаНоменклатуры.ПометкаУдаления = ЛОЖЬ

wet_req end PC 0.000718 secs.

---------------
2026-09-07 11:29:34.545410 wet_req start:
ВЫБРАТЬ
    УНИКАЛЬНЫЙИДЕНТИФИКАТОР(ГруппыФинансовогоУчетаНоменклатуры.Ссылка) КАК ref_key,
    ГруппыФинансовогоУчетаНоменклатуры.Родитель.Представление КАК Родитель,

    ГруппыФинансовогоУчетаНоменклатуры.Наименование КАК Наименование,
    ГруппыФинансовогоУчетаНоменклатуры.ЭтоГруппа КАК ЭтоГруппа,

    ГруппыФинансовогоУчетаНоменклатуры.ВидЦенностиНДС КАК ВидЦенностиНДС
ИЗ
    Справочник.ГруппыФинансовогоУчетаНоменклатуры КАК ГруппыФинансовогоУчетаНоменклатуры
ГДЕ
    ГруппыФинансовогоУчетаНоменклатуры.ЭтоГруппа = ЛОЖЬ
    И ГруппыФинансовогоУчетаНоменклатуры.ПометкаУдаления = ЛОЖЬ

wet_req end PC 0.000687 secs.
attempted relative import with no known parent package
INFO:     192.168.100.50:59711 - "POST /hs/mes/exchange/v1/zp_etaps/changes/ HTTP/1.1" 200 OK
INFO:     192.168.17.48:57079 - "POST /authenticate HTTP/1.1" 200 OK
INFO:     192.168.17.97:58270 - "POST /authenticate HTTP/1.1" 200 OK
INFO:     192.168.20.92:55949 - "POST /check-actual-password HTTP/1.1" 200 OK
INFO:     192.168.19.127:52634 - "POST /authenticate HTTP/1.1" 200 OK
get_prices -  -  - 2026-09-07 11:30:55 -
==== Объединение цен по номенклатуре из трех источников ====
get_prices -  -  - 2026-09-07 11:30:56 - 2026-09-07 11:30:56 Load req
"SELECT s_num, resp_date,
            CASE WHEN datetime(resp_date) >= datetime('2026-09-06 11:30:55.991709')
        THEN file
        ELSE null
        END AS file,

              hash_file FROM odata_lazy_resps
            where resp = 'd80db345fff8dc29f229e7270a0179dd' limit 1"
 from db: 0.016346 secs.
get_prices -  -  - 2026-09-07 11:30:56 - 2026-09-07 11:30:56 Load req
"SELECT s_num, resp_date,
            CASE WHEN datetime(resp_date) >= datetime('2026-09-07 11:15:56.088027')
        THEN file
        ELSE null
        END AS file,

              hash_file FROM odata_lazy_resps
            where resp = '6315f2844d117869758be140aeefa739' limit 1"
 from db: 0.052715 secs.
get_prices -  -  - 2026-09-07 11:30:56 - 2026-09-07 11:30:56 Load req
"SELECT s_num, resp_date,
            CASE WHEN datetime(resp_date) >= datetime('2026-09-07 11:15:56.233096')
        THEN file
        ELSE null
        END AS file,

              hash_file FROM odata_lazy_resps
            where resp = 'f80ceac8bcba534ae0d2db6ac163d375' limit 1"
 from db: 0.058271 secs.
get_prices -  -  - 2026-09-07 11:30:56 - 2026-09-07 11:30:56 Load req
"SELECT s_num, resp_date,
            CASE WHEN datetime(resp_date) >= datetime('2026-09-07 11:15:56.390975')
        THEN file
        ELSE null
        END AS file,

              hash_file FROM odata_lazy_resps
            where resp = '3c5da930ff1356a68a29eaaaabccbf17' limit 1"
 from db: 0.092542 secs.
get_prices -  -  - 2026-09-07 11:30:56 - —Номенклатура: 00-00000006 БСТВ (МТПБ) 50 мм  Цена: 6110
—Номенклатура: 00-00000013 Изо Керам 19 мм (128 кг/м3)  Цена: 486.3
—Номенклатура: 00-00000026 Оксфорд (чёрный)  Цена: 67.42
—Номенклатура: 00-00000030 Полифом 5 мм  Цена: 183.61
—Номенклатура: 00-00000037 Ткань стеклянная TG-660  Цена: 153.4
—Номенклатура: 00-00000046 Герметик 310 мл  Цена: 453.9
—Номенклатура: 00-00000108 Фастекс  Цена: 5.76
—Номенклатура: 00-00000122 Кабель силовой ВВГ 3х1,5  Цена: 31
—Номенклатура: 00-00000124 Кабель силовой морозостойкий 3х1,5  Цена: 170
—Номенклатура: 00-00000157 Кабель греющий 28 Вт/м  Цена: 1520.01
—Номенклатура: 00-00000169 Коробка взрывозащищённая КР-В-100  Цена: 1746.4
—Номенклатура: 00-00000685 Гайка М16 оцинк.  Цена: 4.42
—Номенклатура: 00-00001175 Лист 1,5 08ПС  Цена: 44
—Номенклатура: 00-00001192 Лист 3,0 Ст3сп5 ГОСТ 14637-89  Цена: 42
—Номенклатура: 00-00001201 Лист 14,0 Ст3  Цена: 42
—Номенклатура: 00-00001865 Шайба М16 оцинк.  Цена: 1.08
—Номенклатура: 00-00001963 Брус 200х100х6000  Цена: 1083.33
—Номенклатура: 00-00002247 Брус 200х200х6000  Цена: 1800
—Номенклатура: 00-00002345 Элатекс Изо ИПС  Цена: 49.4
—Номенклатура: 00-00005609 Лист 8,0 Ст3  Цена: 42
—Номенклатура: 00-00006528 Лист 6,0 09Г2С  Цена: 42
—Номенклатура: 00-00006652 Лист 5,0 Ст3Сп5  Цена: 42
—Номенклатура: 00-00006945 Лист 12,0 Ст3 ГОСТ 14637-89  Цена: 42
—Номенклатура: 00-00006946 Лист 4,0 Ст3  Цена: 42
—Номенклатура: 00-00007662 Антисептик  Цена: 60.63
—Номенклатура: 00-00008140 Лист 1,0 Ст3  Цена: 42
—Номенклатура: 00-00008385 Шпилька оцинк. М16х1000  Цена: 128
—Номенклатура: 00-00008943 Лист 10,0 Ст3 ГОСТ 14637-89  Цена: 42
—Номенклатура: 00-00015374 Лист 10,0 Ст20  Цена: 52
—Номенклатура: 00-00016216 Пластина соедин.200х50х2мм оцинк.  Цена: 25.89
—Номенклатура: 00-00016218 Шуруп 12х200  Цена: 20.81
—Номенклатура: 00-00017002 Лист 2,5 12Х18Н10Т  Цена: 220
—Номенклатура: 00-00017004 Лист 2,5 Ст3  Цена: 42
—Номенклатура: 00-00017275 Изоляционный картон Isoplan 1100  Цена: 2109
—Номенклатура: 00-00018558 Лист 2,5 Ст20  Цена: 52
—Номенклатура: 00-00018576 Лист 4,0 Ст20  Цена: 52
—Номенклатура: 00-00018626 Лист 11,0 Ст3  Цена: 42
—Номенклатура: 00-00019909 Синтекрон  Цена: 65.7
—Номенклатура: 00-00020199 Шпилька резьбовая М16х2000  Цена: 200
—Номенклатура: 00-00020567 Лист 9,0 Ст3  Цена: 42
—Номенклатура: 00-00021302 Лист 5,0 09Г2С  Цена: 42
—Номенклатура: 00-00021949 Лист 1,0 09Г2С  Цена: 42
—Номенклатура: 00-00021950 Уголок 63х63х6 09Г2С  Цена: 43
—Номенклатура: 00-00022204 Лист 1,5 09Г2С  Цена: 42
—Номенклатура: 00-00022374 Лист 1,5 12Х18Н10Т  Цена: 220
—Номенклатура: 00-00046706 Клапан контр.  Цена: 250
—Номенклатура: 00-00051621 Клапан газоплотный 1912064.02  Цена: 273164
—Номенклатура: 00-00055770 Изо Керам 25 мм (160 кг/м3)  Цена: 588.1
—Номенклатура: 00-00068050 Клапан ПГВУ 2010109.01  Цена: 44763.57
—Номенклатура: 00-00074815 Элатекс НейлонПУ 60  Цена: 182
—Номенклатура: 00-00106808 КЛ.1802015.04.001 Вал передний  Цена: 3286.53
—Номенклатура: 00-00106811 КЛ.1802015.04.10 Корпус  Цена: 12878.51
—Номенклатура: 00-00106815 КЛ.1802015.04.004 Дистанционное кольцо  Цена: 7.46
—Номенклатура: 00-00106818 КЛ.1802015.04.20 Створка  Цена: 30542.15
—Номенклатура: 00-00106820 КЛ.1802015.04.005 Стойка  Цена: 134.93
—Номенклатура: 00-00106822 КЛ.1802015.04.002 Вал задний  Цена: 688.45
—Номенклатура: 00-00106823 КЛ.1802015.04.30 Корпус уплотнения  Цена: 1331.61
—Номенклатура: 00-00106828 КЛ.1802015.04.007 Упор  Цена: 18.43
—Номенклатура: 00-00106829 КЛ.1802015.04.011 Лимб  Цена: 162.83
—Номенклатура: 00-00106836 КЛ.1802015.04.009-1 Шкала  Цена: 1284.77
—Номенклатура: 00-00106842 КЛ.1802015.04.010 Штифт  Цена: 55.83
—Номенклатура: 00-00106846 КЛ.1802015.04.003 Кольцо  Цена: 2.74
—Номенклатура: 00-00106848 КЛ.1802015.04.006 Упор  Цена: 272.14
—Номенклатура: 00-00106850 КТ.2109044.01.05.002 Конус  Цена: 1345.76
—Номенклатура: 00-00106731 КТ.2109044.01.05.001 Фланец  Цена: 2365.03
—Номенклатура: 00-00136631 Набивка ШПС.2110122.01  Цена: 33409
—Номенклатура: 00-00127742 Набивка ШСГ.2304050.02  Цена: 8829
—Номенклатура: 00-00148203 Набивка ШСГ.2203030.01  Цена: 608
—Номенклатура: 00-00148229 Набивка ШПС.2308050.01  Цена: 35334
—Номенклатура: 00-00148230 Набивка ШПС.2304131.01  Цена: 5546
—Номенклатура: 00-00180395 Модельная оснастка АЛ.2501065.01.23 Ящик стержневой  Цена: 67564.31
—Номенклатура: 00-00181435 Термочехол для клапана 3000x1100 FRI 2601121.01  Цена: 121684.04
—Номенклатура: 00-00181436 Термочехол для клапана 1800x1200 FRI 2601121.02  Цена: 82002.16
—Номенклатура: 00-00181515 Тканевый компенсатор КТ.2601121.01.00  Цена: 1
—Номенклатура: 00-00184773 РФ.2604152.01 (124х350)  Цена: 89.02
—Номенклатура: 00-00160244 Кольцо внутреннее FRI.2402035.03.02  Цена: 1
—Номенклатура: 00-00160245 Кольцо внешнее FRI.2402035.03.03  Цена: 1
—Номенклатура: 00-00160246 Кольцо внутреннее FRI.2402035.04.02  Цена: 1
—Номенклатура: 00-00160247 Кольцо внешнее FRI.2402035.04.03  Цена: 1
—Номенклатура: 00-00171181 Дробеструйка: Отливка корпуса  Цена: 1
—Номенклатура: 00-00181978 Металлическая арматура для компенсатора КТ.2601121.01.00  Цена: 1
—Номенклатура: 00-00185978 Механообработка ЛЗ.2512042.01 Отвод 15°  Цена: 1
—Номенклатура: 00-00185979 Механообработка ЛЗ.2512042.02 Отвод 30°  Цена: 1
—Номенклатура: 00-00189501 ПН.26.068 Стеллаж для Таткуза  Цена: 1
—Номенклатура: 00-00046484 Металлическая арматура для компенсатора КТ.1507029.06.00  Цена: 52895.52
—Номенклатура: 00-00069698 Металлическая арматура для компенсатора КТ.1507029.15.00  Цена: 70716.45
—Номенклатура: 00-00069824 Металлическая арматура для компенсатора КТ.1507029.36.00  Цена: 26464.98
—Номенклатура: 00-00157978 Металлическая арматура для компенсатора КТ.1507029.13.00  Цена: 18239.98
—Номенклатура: 00-00130926 Соединение разъемное НР 1/2"  Цена: 90
—Номенклатура: 00-00093768 Стелаж  Цена: 11137.5
—Номенклатура: 00-00184993 Сверло по металлу 4,0х119 мм  Цена: 90.17
—Номенклатура: 00-00009450 Наконечник штыревой НШвИ 2,5х12  Цена: 38.34
—Номенклатура: 00-00028987 Штуцер папа с внешн.резьбой 1/4М  Цена: 35
—Номенклатура: 00-00041313 Шланг высокого давления G 1 1/4  Цена: 163.33
—Номенклатура: 00-00056177 Тройник равный ВР 1 1/2 латунь"  Цена: 186.67
—Номенклатура: 00-00091937 Сгон Ду15 резьба 1/2"  Цена: 70
—Номенклатура: 00-00145552 Регулятор давления с манометром резьба 1/4 Pegas pneumatic 4604  Цена: 933.34
—Номенклатура: 00-00130919 Сгон Valtec НР 1/2"  Цена: 390
—Номенклатура: 00-00130920 Контргайка Valtec ВР 1/2"  Цена: 12.75
—Номенклатура: 00-00130922 Кольцо уплотнительное под американку 1/2"  Цена: 9.17
—Номенклатура: 00-00007443 Штукатурка гипсовая ротбанд 30 кг  Цена: 460.83
—Номенклатура: 00-00011831 Валик сменный 250мм  Цена: 167.5
—Номенклатура: 00-00011922 Шпаклевка  Цена: 836.67
—Номенклатура: 00-00018108 Саморез 4,5х40  Цена: 1.77
—Номенклатура: 00-00018634 Песок 25 кг  Цена: 74.59
—Номенклатура: 00-00024410 Перчатки хай фит 7.710  Цена: 24.17
—Номенклатура: 00-00041338 Краска ВД бел.  Цена: 972.5
—Номенклатура: 00-00057924 Мешки для мусора (уп)  Цена: 9.75
—Номенклатура: 00-00105206 Саморез 3,5х25  Цена: 1.03
—Номенклатура: 00-00010743 Кабель-удлинитель 1,8м  Цена: 150
—Номенклатура: 00-00025072 Монитор HP 23.8"VH240a  Цена: 16850
—Номенклатура: 00-00066498 Жесткий диск HDD 6ТБ, Western Dijital Purple  Цена: 12458.34
—Номенклатура: 00-00084330 Инструмент для заделки и обрезки витой пары 110  Цена: 625
—Номенклатура: 00-00093401 SSD накопитель INTEL DC D3-S4510 SSDSC2KB019T801 1.9TБ 2.5", SATA |||  Цена: 20833.33
—Номенклатура: 00-00027749 Хомут червячный 80-100мм  Цена: 15.83
—Номенклатура: 00-00045361 Хомут червячный  Цена: 23.17
—Номенклатура: 00-00134794 Винт с цилиндрической головкой и шестигранным углублением под ключ ГОСТ Р ИСО 4762 - M16x70-8.8-A6J  Цена: 44
—Номенклатура: 00-00134795 Винт с цилиндрической головкой и шестигранным углублением под ключ ГОСТ Р ИСО 4762 - M16x80-8.8-A6J  Цена: 48.58
—Номенклатура: 00-00141516 Винт с шестигранной головкой ГОСТ Р ИСО 4017 - M36x100-8.8-A6J  Цена: 413.92
—Номенклатура: 00-00162615 Куртка СПЕЦ-АВАНГАРД  Цена: 2728.72
—Номенклатура: 00-00162616 Брюки СПЕЦ-АВАНГАРД  Цена: 2425
—Номенклатура: 00-00140951 Костюм  сигнальный 3 класса защиты СПЕЦ-АНТИСТАТ  Цена: 4486.25
—Номенклатура: 00-00145551 Кран трёхходовой с фторопластовой прокладкой и натяжной гайкой  Цена: 533.33
—Номенклатура: 00-00146466 Элатекс Сил 1С рус  Цена: 450
—Номенклатура: 00-00026699 Подшипниковый узел  480210 UCР  Цена: 635.83
—Номенклатура: 00-00109569 Пружина растяжения 1727х10х1,3(мм) EN 10270-1-SM-Zn  Цена: 487.5
—Номенклатура: 00-00134792 Винт с цилиндрической головкой и шестигранным углублением под ключ ГОСТ Р ИСО 4762 - M16x50-8.8-A6J  Цена: 20.25
—Номенклатура: 00-00134796 Винт с цилиндрической головкой и шестигранным углублением под ключ ГОСТ Р ИСО 4762 - M20x70-8.8-A6J  Цена: 48.66
—Номенклатура: 00-00002305 Файл А4  Цена: 3.38
—Номенклатура: 00-00008228 Набор настольный  Цена: 329.83
—Номенклатура: 00-00013348 Накопитель вертикальный  Цена: 135
—Номенклатура: 00-00031050 Подставка для бумаг  Цена: 404.55
—Номенклатура: 00-00058243 Лоток  Цена: 174.74
—Номенклатура: 00-00083402 Стикер  Цена: 155.58
—Номенклатура: 00-00009555 Папка файл-вкладыш  Цена: 66.54
—Номенклатура: 00-00024168 Папка файловая 60  Цена: 152.44
—Номенклатура: 00-00039808 Бумага для цв. струй. печ.  Цена: 345.87
—Номенклатура: 00-00110283 Бумага широкоформатная ProMEGA engineer (80 г/кв.м, длина 45 м, ширина 610 мм, диаметр втулки 50,8 мм)  Цена: 408.16
—Номенклатура: 00-00040243 Тумба приставная  Цена: 4553.12
—Номенклатура: 00-00073848 Линейка мет. 300мм ГОСТ 427-75(поверенная)  Цена: 594.12
—Номенклатура: 00-00128647 хх  Цена: 103.5
—Номенклатура: 00-00146997 Датчик ВБИ-М30-91В-2111-С  Цена: 3880.16
—Номенклатура: 00-00147762 Датчик положения ВБИ-М12-39В-2112-С.51  Цена: 2945
—Номенклатура: 00-00101679 F3AL250V, 6x30мм 3A предохранитель плавкий, стеклянный  Цена: 3
—Номенклатура: 00-00185150 Маска сварщика с блоком очистки воздуха  Цена: 36885.25
—Номенклатура: 00-00185151 Фильтр к блоку очистки воздуха для маски сварщика  Цена: 1423.77
—Номенклатура: 00-00065172 Видеокарта  Цена: 2781
—Номенклатура: 00-00049793 Клемма 221-413  Цена: 441.67
—Номенклатура: 00-00144911 Коробка соединительная КСА12 - (-60+40)12 - 1x20sКНК Ni(А) - 1x25КБУ Ni(В) - (В)  Цена: 3666.67
—Номенклатура: 00-00146083 Лента AISI 321 0,1х400 М  Цена: 2250
—Номенклатура: 00-00146084 Лента AISI 321 0,15х400 М  Цена: 2250
—Номенклатура: 00-00146085 Лента AISI 321 0,2х400 М  Цена: 2250
—Номенклатура: 00-00146086 Лента AISI 321 0,3х400 М  Цена: 2250
—Номенклатура: 00-00144866 Блок пружинный 07 ОСТ24.125.166-01  Цена: 5908.33
—Номенклатура: 00-00146455 Талреп 02 ОСТ24.125.105-01  Цена: 2433.33
—Номенклатура: 00-00135478 Герметик ЭКОН Силиконовый 280мл  Цена: 339.4
—Номенклатура: 00-00115556 Полотно ленточное по дереву 3480х25х0,9 (3 зуба)  Цена: 2416.67
—Номенклатура: 00-00115557 Полотно ленточное по дереву 3480х20х0,8 (4 зуба)  Цена: 1975
—Номенклатура: 00-00187949 Закалка деталей КМД.2604064.01_78257.11 Втулка  Цена: 1
get_prices -  -  - 2026-09-07 11:30:56 - ==== END  Объединение цен по номенклатуре из трех источников ====
load_budgets_prices - Загрузка_бюджетов -  - 2026-09-07 11:30:56 - 2026-09-07 11:30:56 == Загрузка_бюджетов ОК===
load_budgets_states -  -  - 2026-09-07 11:30:57 - не найдены в БИТ_СоответствиеСтатейРасходовИСтатейБюджетирования статьи бюджетов:
2023:
—ф.5.1. Бюджет расходов по оплате труда, резервов, страховые взносы  по подразделениям компании:
———Резерв отпусков
———Премиальная часть
2024:
—ф.6.3. Бюджет по кредитам и займам, финансовым вложениям (год):
———% по полученным займам и кредитам
—ф.1.1. Инвестиционный бюджет (CAPEX) на год:
———Основные средства
—ф.5.1. Бюджет расходов по оплате труда, резервов, страховые взносы  по подразделениям компании:
———Резерв отпусков
—ф.5.2. Бюджет затрат на обучение и подбор персонала (год):
———Кадровое делопроизводство
2026:
—ф.4.3. Бюджет расходов на  безопасность и охрану объектов (год) :
———Техника и оборудование (системы безопасности)
—ф.6.1. Бюджет амортизационных отчислений:
———Амортизация НМА
INFO:     192.168.17.48:57092 - "POST /check-actual-password HTTP/1.1" 200 OK
calc_not_fill_states_expenditure - не заполненные статьи расходов -  - 2026-09-07 11:31:03 - При анализе ЗаказНаВнутреннееПотребление - не заполненные статьи расходов в СоответствиеСтатейРасходовИСтатейБюджетирования:
2026:
——Отдел управления Производства (Келаст): 'Резерв под выданные гарантии (96.09)'
——Отдел персонала (Келаст): 'Задолженность клиентов'
——Конструкторский отдел (Келаст): 'Задолженность клиентов'
——Сборочный цех Производства (Пауэрз): 'Инструмент общепроизвод.25'
——Отдел продаж (Пауэрз): 'Задолженность клиентов'
——Сталелитейный цех (ТатКуз): 'Задолженность клиентов'
——Цех механической обработки Производства (Пауэрз): 'Инвентарь общепроизвод.25'
——Отдел управления Производства (ТатКуз): 'РБП Таткуз: Прочие материальные расходы'
——Цех выпуска готовой продукции Производства (Пауэрз): 'Задолженность клиентов'
——Отдел комплектации (Келаст): 'Задолженность клиентов'
——Отдел внешнего монтажа  и сервиса Производства (Пауэрз): 'Инвентарь общепроизвод.25'
——Сборочный цех Производства (Келаст): 'Резерв под выданные гарантии (96.09)'
2023:
——Технологический отдел Производства (Пауэрз): 'НЕ ИСПОЛЬЗОВАТЬ с 01.01.2024 Инструмент (общепроизвод.) '
——Сборочный цех Производства (Пауэрз): 'Контроль и испытания продукции общепроизвод.25'
——Отдел охраны труда (Пауэрз): 'не использовать_прочие расходы на текущий ремонт (общепроизвод.)'
——Швейный цех Производства (Келаст): 'Спецодежда общепроизвод.25'
——Отдел персонала (Келаст): 'Корпоративные мероприятия'
——Цех выпуска готовой продукции Производства (Пауэрз): 'Инструмент общепроизвод.25'
——Цех тканевых компенсаторов Производства (Келаст): 'Инвентарь общепроизвод.25'
——Отдел транспортной логистики (Пауэрз): 'не использовать_Средства индивидуальной защиты (общепроизвод.)'
——Отдел информационных технологий (Келаст): 'Прочие расходы общехоз26 Келаст'
——Отдел капитального строительства и ремонта (Пауэрз): 'Ремонт основных средств  (производ.)'
——Цех механической обработки Производства (Пауэрз): 'НЕ ИСПОЛЬЗОВАТЬ_Коммунальные услуги (производ.)'
——Отдел маркетинга (Келаст): 'Н_Реклама и маркетинг'
——Административно-хозяйственный отдел (Пауэрз): 'не использовать_строительные материалы (управленч.)'
——Отдел управления Производства (Пауэрз): 'НЕ ИСПОЛЬЗОВАТЬ_Коммунальные услуги'
——Цех выпуска готовой продукции Производства (Пауэрз): 'Канцтовары общепроизвод.25'
——Отдел комплектации (Пауэрз): 'Прочие расходы общепроизвод.25'
——Отдел персонала (Пауэрз): 'Корпоративные мероприятия'
——Цех выпуска готовой продукции Производства (Пауэрз): 'Материалы прочие (производ.)'
——Отдел персонала (Пауэрз): 'Представительские расходы'
——Административно-хозяйственный отдел (Келаст): 'не использовать_строительные материалы (управленч.)'
——Отдел управления Производства (Келаст): 'НЕ ИСПОЛЬЗОВАТЬ С 01.01.2024 Эксплуатационные расходы (общепроизвод.)'
——Конструкторский отдел (Келаст): 'Ремонт основных средств (общепроизвод.)'
——Отдел складской логистики (Келаст): 'не использовать_Прочие расходные материалы (общепроизвод.) '
——Конструкторский отдел (Келаст): 'НЕ ИСПОЛЬЗОВАТЬ С 01.01.2024 Эксплуатационные расходы (производ.)'
——Отдел складской логистики (Келаст): 'Ремонт основных средств (общепроизвод.)'
——Сборочный цех Производства (Пауэрз): 'Материалы прочие (производ.)'
——Цех механической обработки Производства (Пауэрз): 'Ремонт основных средств  (производ.)'
——Сборочный цех Производства (Пауэрз): 'Прочие расходы общепроизвод.25'
——Цех выпуска готовой продукции Производства (Пауэрз): 'Спецодежда общепроизвод.25'
——Отдел охраны труда (Келаст): 'не использовать_прочие расходы на текущий ремонт (общепроизвод.)'
——Отдел технического контроля Производства (Пауэрз): 'не использовать_Прочие расходные материалы (общепроизвод.) '
——Отдел складской логистики (Келаст): 'не использовать_строительные материалы (общепроизвод.)'
——Сборочный цех Производства (Пауэрз): 'Ремонт основных средств  (производ.)'
——Отдел складской логистики (Пауэрз): 'не использовать_Прочие расходные материалы (общепроизвод.) '
——Сборочный цех Производства (Пауэрз): 'НЕ ИСПОЛЬЗОВАТЬ_Коммунальные услуги (производ.)'
——Дирекция (КБЖ): 'не использовать_строительные материалы (управленч.)'
——Отдел продаж газоочистного оборудования (Пауэрз): 'не использовать_Канцелярские товары (коммерч.)'
——Цех выпуска готовой продукции Производства (Пауэрз): 'Прочие расходы общепроизвод.25'
——Ремонтный цех Производства (Келаст): 'НЕ ИСПОЛЬЗОВАТЬ С 01.01.2024 Эксплуатационные расходы (общепроизвод.)'
——Сборочный цех Производства (Пауэрз): 'Инструмент общепроизвод.25'
——Отдел складской логистики (Пауэрз): 'НЕ ИСПОЛЬЗОВАТЬ с 01.01.2024 Инструмент (общепроизвод.) '
——Отдел технического контроля Производства (Пауэрз): 'НЕ ИСПОЛЬЗОВАТЬ с 01.01.2024 Инструмент (общепроизвод.) '
——Заготовительный цех Производства (Пауэрз): 'Прочие расходы общепроизвод.25'
——Хозяйственный отдел Производства (Келаст): 'НЕ ИСПОЛЬЗОВАТЬ С 01.01.2024 Эксплуатационные расходы (производ.)'
——Отдел технического контроля (Келаст): 'НЕ ИСПОЛЬЗОВАТЬ с 01.01.2024 Инструмент (общепроизвод.) '
——Цех выпуска готовой продукции Производства (Пауэрз): 'Ремонт основных средств  (производ.)'
——Сборочный цех Производства (Пауэрз): 'Инвентарь общепроизвод.25'
——Технологический отдел Производства (Келаст): 'не использовать_Прочие расходные материалы (общепроизвод.) '
——Отдел маркетинга (Пауэрз): 'Н_Реклама и маркетинг'
——Отдел управления Производства (Пауэрз): 'Ремонт основных средств (общепроизвод.)'
——Отдел управления Производства (Келаст): 'Ремонт основных средств (общепроизвод.)'
——Планово-диспетчерский отдел Производства (Пауэрз): 'не использовать_Прочие расходные материалы (общепроизвод.) '
——Ремонтный цех Производства (Пауэрз): 'Прочие расходы общепроизвод.25'
——Заготовительный цех Производства (Пауэрз): 'Материалы прочие (производ.)'
——Административно-хозяйственный отдел (Пауэрз): 'прочие расходы на текущий ремонт (управленч.)'
——Сборочный цех Производства (Пауэрз): 'Представительские расходы'
——Отдел продаж (Келаст): 'Н_Реклама и маркетинг'
——Ремонтный цех Производства (Келаст): 'Прочие расходы общепроизвод.25'
——Цех тканевых компенсаторов Производства (Келаст): 'Спецодежда общепроизвод.25'
——Цех механической обработки Производства (Пауэрз): 'Ремонт, ТО оборудования общепроизвод.25'
——Цех выпуска готовой продукции Производства (Пауэрз): 'Инвентарь общепроизвод.25'
——Набивочный цех Производства (Келаст): 'не использовать_строительные материалы (производ.)'
——Отдел управления Производства (Пауэрз): 'не использовать_строительные материалы (общепроизвод.)'
——Отдел капитального строительства и ремонта (Келаст): 'Спецодежда общехоз26 Келаст'
——Планово-диспетчерский отдел Производства (Пауэрз): 'НЕ ИСПОЛЬЗОВАТЬ с 01.01.2024 Инструмент (общепроизвод.) '
——Отдел комплектации (Пауэрз): 'Канцтовары общепроизвод.25'
——Ремонтный цех Производства (Пауэрз): 'НЕ ИСПОЛЬЗОВАТЬ с 01.01.2024 Инструмент (общепроизвод.) '
——Отдел комплектации (Пауэрз): 'Спецодежда общепроизвод.25'
——Отдел продаж быстросъемной изоляции (Келаст): 'Н_Реклама и маркетинг'
——Отдел персонала (Келаст): 'Представительские расходы'
——Планово-диспетчерский отдел Производства (Пауэрз): 'не использовать_Средства индивидуальной защиты (общепроизвод.)'
2025:
——Административно-хозяйственный отдел (ТатКуз): 'РБП Таткуз: Прочие материальные расходы'
——Сборочный цех Производства (Келаст): 'Прочие расходы (не учит. в НУ)  '
——Отдел продаж газоочистного оборудования (Пауэрз): 'Задолженность клиентов'
——Сборочный цех Производства (Пауэрз): 'Резерв под выданные гарантии (96.09)'
——Сборочный цех Производства (Пауэрз): 'Инструмент общепроизвод.25'
——Столярный цех Производства (Келаст): 'РБП Келаст: Лизинг'
——Отдел складской логистики (Келаст): 'Прочие расходы (не учит. в НУ)   '
——Отдел снабжения (Пауэрз): 'Задолженность клиентов'
——Отдел персонала (ТатКуз): 'Задолженность клиентов'
——Цех выпуска готовой продукции Производства (Пауэрз): 'Спецодежда общепроизвод.25'
——Отдел управления Производства (ТатКуз): 'РБП Таткуз: Прочие материальные расходы'
——Отдел безопасности (Келаст): 'Приобретение нематериальных активов'
——Сталелитейный цех (ТатКуз): 'Водоотведение и канализация (прям)'
——Отдел продаж оборудования пневмотранспорта и сажеобдувочных аппаратов (Пауэрз): 'Приобретение нематериальных активов'
——Сборочный цех Производства (Келаст): 'Резерв под выданные гарантии (96.09)'
——Дирекция (КБЖ): 'Прочие расходы (не учит. в НУ)       '
2024:
——Отдел продаж (Пауэрз): 'не использовать_Канцелярские товары (коммерч.)'
——Технологический отдел Производства (Келаст): 'Задолженность клиентов'
——Отдел продаж (Пауэрз): 'Задолженность клиентов'
——Отдел складской логистики (Келаст): 'Прочие расходы (не учит. в НУ)   '
——Отдел маркетинга (Келаст): 'Н_Реклама и маркетинг'
——Отдел продаж (Пауэрз): 'Резерв под выданные гарантии'
——Отдел продаж оборудования пневмотранспорта и сажеобдувочных аппаратов (Пауэрз): 'Резерв под выданные гарантии'
——Отдел складской логистики (Келаст): 'не использовать_Средства индивидуальной защиты (общепроизвод.)'
——Административно-хозяйственный отдел (Келаст): 'Ремонт основных средств (общепроизвод.)'
——Планово-диспетчерский отдел Производства (Пауэрз): 'Задолженность клиентов'
——Отдел складской логистики (Келаст): 'Прочие расходные материалы (прям)'
——Административно-хозяйственный отдел (Келаст): 'не использовать_строительные материалы (управленч.)'
——Административно-хозяйственный отдел (Келаст): 'Прочие расходы (не учит. в НУ) '
——Производственный цех Пауэрз: 'Ремонт, ТО оборудования общепроизвод.25'
——Ремонтный цех Производства (Пауэрз): 'Задолженность клиентов'
——Цех механической обработки Производства (Пауэрз): 'Задолженность клиентов'
——Отдел продаж (Келаст): 'Резерв под выданные гарантии'
——Отдел комплектации (Пауэрз): 'Задолженность клиентов'
——Отдел охраны труда (Келаст): 'не использовать_прочие расходы на текущий ремонт (общепроизвод.)'
——Отдел продаж газоочистного оборудования (Пауэрз): 'Резерв под выданные гарантии'
——Отдел складской логистики (Келаст): 'не использовать_строительные материалы (общепроизвод.)'
——Отдел продаж (Пауэрз): 'Резерв под выданные гарантии (96.09)'
——Швейный цех Производства (Келаст): 'Задолженность клиентов'
——Дирекция (КБЖ): 'не использовать_строительные материалы (управленч.)'
——Отдел продаж оборудования пневмотранспорта и сажеобдувочных аппаратов (Пауэрз): 'Резерв под выданные гарантии (96.09)'
——Цех механической обработки Производства (Пауэрз): 'Спецодежда общепроизвод.25'
——Сборочный цех Производства (Пауэрз): 'Инструмент общепроизвод.25'
——Швейный цех Производства (Келаст): 'Прочие расходы (не учит. в НУ)    '
——Отдел складской логистики (Пауэрз): 'Задолженность клиентов'
——Технологический отдел Производства (Пауэрз): 'не использовать_Канцелярские товары (общепроизвод.)'
——Цех механической обработки Производства (Пауэрз): 'Инвентарь общепроизвод.25'
——Отдел логистики (Келаст): 'Резерв под выданные гарантии (96.09)'
——Сборочный цех Производства (Келаст): 'Задолженность клиентов'
——Отдел технического контроля Производства (Пауэрз): 'не использовать_Средства индивидуальной защиты (общепроизвод.)'
——Сборочный цех Производства (Пауэрз): 'НЕ ИСПОЛЬЗОВАТЬ с 01.01.2024 Инструмент (общепроизвод.) '
——Сборочный цех Производства (Пауэрз): 'Задолженность клиентов'
——Административно-хозяйственный отдел (Пауэрз): 'Задолженность клиентов'
——Отдел продаж (Келаст): 'Резерв под выданные гарантии (96.09)'
——Отдел технического контроля (Келаст): 'не использовать_Средства индивидуальной защиты (общепроизвод.)'
——Отдел складской логистики (Пауэрз): 'не использовать_Средства индивидуальной защиты (общепроизвод.)'
——Бухгалтерия (КБЖ): 'Задолженность клиентов'
——Ремонтный цех Производства (Пауэрз): 'НЕ ИСПОЛЬЗОВАТЬ с 01.01.2024 Инструмент (общепроизвод.) '
——Сталелитейный цех (КБЖ): 'Доходы прошлых периодов'
——Отдел персонала (Пауэрз): 'Представительские расходы'
get_prices -  -  - 2026-09-07 11:31:04 -
==== Объединение цен по номенклатуре из трех источников ====
get_prices -  -  - 2026-09-07 11:31:04 - 2026-09-07 11:31:04 Load req
"SELECT s_num, resp_date,
            CASE WHEN datetime(resp_date) >= datetime('2026-09-06 11:31:04.166659')
        THEN file
        ELSE null
        END AS file,

              hash_file FROM odata_lazy_resps
            where resp = 'd80db345fff8dc29f229e7270a0179dd' limit 1"
 from db: 0.016979 secs.
get_prices -  -  - 2026-09-07 11:31:04 - 2026-09-07 11:31:04 Load req
"SELECT s_num, resp_date,
            CASE WHEN datetime(resp_date) >= datetime('2026-09-07 11:16:04.273624')
        THEN file
        ELSE null
        END AS file,

              hash_file FROM odata_lazy_resps
            where resp = '6315f2844d117869758be140aeefa739' limit 1"
 from db: 0.052364 secs.
get_prices -  -  - 2026-09-07 11:31:04 - 2026-09-07 11:31:04 Load req
"SELECT s_num, resp_date,
            CASE WHEN datetime(resp_date) >= datetime('2026-09-07 11:16:04.417428')
        THEN file
        ELSE null
        END AS file,

              hash_file FROM odata_lazy_resps
            where resp = 'f80ceac8bcba534ae0d2db6ac163d375' limit 1"
 from db: 0.068875 secs.
get_prices -  -  - 2026-09-07 11:31:04 - 2026-09-07 11:31:04 Load req
"SELECT s_num, resp_date,
            CASE WHEN datetime(resp_date) >= datetime('2026-09-07 11:16:04.593258')
        THEN file
        ELSE null
        END AS file,

              hash_file FROM odata_lazy_resps
            where resp = '3c5da930ff1356a68a29eaaaabccbf17' limit 1"
 from db: 0.072995 secs.
get_prices -  -  - 2026-09-07 11:31:04 - —Номенклатура: 00-00000006 БСТВ (МТПБ) 50 мм  Цена: 6110
—Номенклатура: 00-00000013 Изо Керам 19 мм (128 кг/м3)  Цена: 486.3
—Номенклатура: 00-00000026 Оксфорд (чёрный)  Цена: 67.42
—Номенклатура: 00-00000030 Полифом 5 мм  Цена: 183.61
—Номенклатура: 00-00000037 Ткань стеклянная TG-660  Цена: 153.4
—Номенклатура: 00-00000046 Герметик 310 мл  Цена: 453.9
—Номенклатура: 00-00000108 Фастекс  Цена: 5.76
—Номенклатура: 00-00000122 Кабель силовой ВВГ 3х1,5  Цена: 31
—Номенклатура: 00-00000124 Кабель силовой морозостойкий 3х1,5  Цена: 170
—Номенклатура: 00-00000157 Кабель греющий 28 Вт/м  Цена: 1520.01
—Номенклатура: 00-00000169 Коробка взрывозащищённая КР-В-100  Цена: 1746.4
—Номенклатура: 00-00000685 Гайка М16 оцинк.  Цена: 4.42
—Номенклатура: 00-00001175 Лист 1,5 08ПС  Цена: 44
—Номенклатура: 00-00001192 Лист 3,0 Ст3сп5 ГОСТ 14637-89  Цена: 42
—Номенклатура: 00-00001201 Лист 14,0 Ст3  Цена: 42
—Номенклатура: 00-00001865 Шайба М16 оцинк.  Цена: 1.08
—Номенклатура: 00-00001963 Брус 200х100х6000  Цена: 1083.33
—Номенклатура: 00-00002247 Брус 200х200х6000  Цена: 1800
—Номенклатура: 00-00002345 Элатекс Изо ИПС  Цена: 49.4
—Номенклатура: 00-00005609 Лист 8,0 Ст3  Цена: 42
—Номенклатура: 00-00006528 Лист 6,0 09Г2С  Цена: 42
—Номенклатура: 00-00006652 Лист 5,0 Ст3Сп5  Цена: 42
—Номенклатура: 00-00006945 Лист 12,0 Ст3 ГОСТ 14637-89  Цена: 42
—Номенклатура: 00-00006946 Лист 4,0 Ст3  Цена: 42
—Номенклатура: 00-00007662 Антисептик  Цена: 60.63
—Номенклатура: 00-00008140 Лист 1,0 Ст3  Цена: 42
—Номенклатура: 00-00008385 Шпилька оцинк. М16х1000  Цена: 128
—Номенклатура: 00-00008943 Лист 10,0 Ст3 ГОСТ 14637-89  Цена: 42
—Номенклатура: 00-00015374 Лист 10,0 Ст20  Цена: 52
—Номенклатура: 00-00016216 Пластина соедин.200х50х2мм оцинк.  Цена: 25.89
—Номенклатура: 00-00016218 Шуруп 12х200  Цена: 20.81
—Номенклатура: 00-00017002 Лист 2,5 12Х18Н10Т  Цена: 220
—Номенклатура: 00-00017004 Лист 2,5 Ст3  Цена: 42
—Номенклатура: 00-00017275 Изоляционный картон Isoplan 1100  Цена: 2109
—Номенклатура: 00-00018558 Лист 2,5 Ст20  Цена: 52
—Номенклатура: 00-00018576 Лист 4,0 Ст20  Цена: 52
—Номенклатура: 00-00018626 Лист 11,0 Ст3  Цена: 42
—Номенклатура: 00-00019909 Синтекрон  Цена: 65.7
—Номенклатура: 00-00020199 Шпилька резьбовая М16х2000  Цена: 200
—Номенклатура: 00-00020567 Лист 9,0 Ст3  Цена: 42
—Номенклатура: 00-00021302 Лист 5,0 09Г2С  Цена: 42
—Номенклатура: 00-00021949 Лист 1,0 09Г2С  Цена: 42
—Номенклатура: 00-00021950 Уголок 63х63х6 09Г2С  Цена: 43
—Номенклатура: 00-00022204 Лист 1,5 09Г2С  Цена: 42
—Номенклатура: 00-00022374 Лист 1,5 12Х18Н10Т  Цена: 220
—Номенклатура: 00-00046706 Клапан контр.  Цена: 250
—Номенклатура: 00-00051621 Клапан газоплотный 1912064.02  Цена: 273164
—Номенклатура: 00-00055770 Изо Керам 25 мм (160 кг/м3)  Цена: 588.1
—Номенклатура: 00-00068050 Клапан ПГВУ 2010109.01  Цена: 44763.57
—Номенклатура: 00-00074815 Элатекс НейлонПУ 60  Цена: 182
—Номенклатура: 00-00106808 КЛ.1802015.04.001 Вал передний  Цена: 3286.53
—Номенклатура: 00-00106811 КЛ.1802015.04.10 Корпус  Цена: 12878.51
—Номенклатура: 00-00106815 КЛ.1802015.04.004 Дистанционное кольцо  Цена: 7.46
—Номенклатура: 00-00106818 КЛ.1802015.04.20 Створка  Цена: 30542.15
—Номенклатура: 00-00106820 КЛ.1802015.04.005 Стойка  Цена: 134.93
—Номенклатура: 00-00106822 КЛ.1802015.04.002 Вал задний  Цена: 688.45
—Номенклатура: 00-00106823 КЛ.1802015.04.30 Корпус уплотнения  Цена: 1331.61
—Номенклатура: 00-00106828 КЛ.1802015.04.007 Упор  Цена: 18.43
—Номенклатура: 00-00106829 КЛ.1802015.04.011 Лимб  Цена: 162.83
—Номенклатура: 00-00106836 КЛ.1802015.04.009-1 Шкала  Цена: 1284.77
—Номенклатура: 00-00106842 КЛ.1802015.04.010 Штифт  Цена: 55.83
—Номенклатура: 00-00106846 КЛ.1802015.04.003 Кольцо  Цена: 2.74
—Номенклатура: 00-00106848 КЛ.1802015.04.006 Упор  Цена: 272.14
—Номенклатура: 00-00106850 КТ.2109044.01.05.002 Конус  Цена: 1345.76
—Номенклатура: 00-00106731 КТ.2109044.01.05.001 Фланец  Цена: 2365.03
—Номенклатура: 00-00136631 Набивка ШПС.2110122.01  Цена: 33409
—Номенклатура: 00-00127742 Набивка ШСГ.2304050.02  Цена: 8829
—Номенклатура: 00-00148203 Набивка ШСГ.2203030.01  Цена: 608
—Номенклатура: 00-00148229 Набивка ШПС.2308050.01  Цена: 35334
—Номенклатура: 00-00148230 Набивка ШПС.2304131.01  Цена: 5546
—Номенклатура: 00-00180395 Модельная оснастка АЛ.2501065.01.23 Ящик стержневой  Цена: 67564.31
—Номенклатура: 00-00181435 Термочехол для клапана 3000x1100 FRI 2601121.01  Цена: 121684.04
—Номенклатура: 00-00181436 Термочехол для клапана 1800x1200 FRI 2601121.02  Цена: 82002.16
—Номенклатура: 00-00181515 Тканевый компенсатор КТ.2601121.01.00  Цена: 1
—Номенклатура: 00-00184773 РФ.2604152.01 (124х350)  Цена: 89.02
—Номенклатура: 00-00160244 Кольцо внутреннее FRI.2402035.03.02  Цена: 1
—Номенклатура: 00-00160245 Кольцо внешнее FRI.2402035.03.03  Цена: 1
—Номенклатура: 00-00160246 Кольцо внутреннее FRI.2402035.04.02  Цена: 1
—Номенклатура: 00-00160247 Кольцо внешнее FRI.2402035.04.03  Цена: 1
—Номенклатура: 00-00171181 Дробеструйка: Отливка корпуса  Цена: 1
—Номенклатура: 00-00181978 Металлическая арматура для компенсатора КТ.2601121.01.00  Цена: 1
—Номенклатура: 00-00185978 Механообработка ЛЗ.2512042.01 Отвод 15°  Цена: 1
—Номенклатура: 00-00185979 Механообработка ЛЗ.2512042.02 Отвод 30°  Цена: 1
—Номенклатура: 00-00189501 ПН.26.068 Стеллаж для Таткуза  Цена: 1
—Номенклатура: 00-00046484 Металлическая арматура для компенсатора КТ.1507029.06.00  Цена: 52895.52
—Номенклатура: 00-00069698 Металлическая арматура для компенсатора КТ.1507029.15.00  Цена: 70716.45
—Номенклатура: 00-00069824 Металлическая арматура для компенсатора КТ.1507029.36.00  Цена: 26464.98
—Номенклатура: 00-00157978 Металлическая арматура для компенсатора КТ.1507029.13.00  Цена: 18239.98
—Номенклатура: 00-00130926 Соединение разъемное НР 1/2"  Цена: 90
—Номенклатура: 00-00093768 Стелаж  Цена: 11137.5
—Номенклатура: 00-00184993 Сверло по металлу 4,0х119 мм  Цена: 90.17
—Номенклатура: 00-00009450 Наконечник штыревой НШвИ 2,5х12  Цена: 38.34
—Номенклатура: 00-00028987 Штуцер папа с внешн.резьбой 1/4М  Цена: 35
—Номенклатура: 00-00041313 Шланг высокого давления G 1 1/4  Цена: 163.33
—Номенклатура: 00-00056177 Тройник равный ВР 1 1/2 латунь"  Цена: 186.67
—Номенклатура: 00-00091937 Сгон Ду15 резьба 1/2"  Цена: 70
—Номенклатура: 00-00145552 Регулятор давления с манометром резьба 1/4 Pegas pneumatic 4604  Цена: 933.34
—Номенклатура: 00-00130919 Сгон Valtec НР 1/2"  Цена: 390
—Номенклатура: 00-00130920 Контргайка Valtec ВР 1/2"  Цена: 12.75
—Номенклатура: 00-00130922 Кольцо уплотнительное под американку 1/2"  Цена: 9.17
—Номенклатура: 00-00007443 Штукатурка гипсовая ротбанд 30 кг  Цена: 460.83
—Номенклатура: 00-00011831 Валик сменный 250мм  Цена: 167.5
—Номенклатура: 00-00011922 Шпаклевка  Цена: 836.67
—Номенклатура: 00-00018108 Саморез 4,5х40  Цена: 1.77
—Номенклатура: 00-00018634 Песок 25 кг  Цена: 74.59
—Номенклатура: 00-00024410 Перчатки хай фит 7.710  Цена: 24.17
—Номенклатура: 00-00041338 Краска ВД бел.  Цена: 972.5
—Номенклатура: 00-00057924 Мешки для мусора (уп)  Цена: 9.75
—Номенклатура: 00-00105206 Саморез 3,5х25  Цена: 1.03
—Номенклатура: 00-00010743 Кабель-удлинитель 1,8м  Цена: 150
—Номенклатура: 00-00025072 Монитор HP 23.8"VH240a  Цена: 16850
—Номенклатура: 00-00066498 Жесткий диск HDD 6ТБ, Western Dijital Purple  Цена: 12458.34
—Номенклатура: 00-00084330 Инструмент для заделки и обрезки витой пары 110  Цена: 625
—Номенклатура: 00-00093401 SSD накопитель INTEL DC D3-S4510 SSDSC2KB019T801 1.9TБ 2.5", SATA |||  Цена: 20833.33
—Номенклатура: 00-00027749 Хомут червячный 80-100мм  Цена: 15.83
—Номенклатура: 00-00045361 Хомут червячный  Цена: 23.17
—Номенклатура: 00-00134794 Винт с цилиндрической головкой и шестигранным углублением под ключ ГОСТ Р ИСО 4762 - M16x70-8.8-A6J  Цена: 44
—Номенклатура: 00-00134795 Винт с цилиндрической головкой и шестигранным углублением под ключ ГОСТ Р ИСО 4762 - M16x80-8.8-A6J  Цена: 48.58
—Номенклатура: 00-00141516 Винт с шестигранной головкой ГОСТ Р ИСО 4017 - M36x100-8.8-A6J  Цена: 413.92
—Номенклатура: 00-00162615 Куртка СПЕЦ-АВАНГАРД  Цена: 2728.72
—Номенклатура: 00-00162616 Брюки СПЕЦ-АВАНГАРД  Цена: 2425
—Номенклатура: 00-00140951 Костюм  сигнальный 3 класса защиты СПЕЦ-АНТИСТАТ  Цена: 4486.25
—Номенклатура: 00-00145551 Кран трёхходовой с фторопластовой прокладкой и натяжной гайкой  Цена: 533.33
—Номенклатура: 00-00146466 Элатекс Сил 1С рус  Цена: 450
—Номенклатура: 00-00026699 Подшипниковый узел  480210 UCР  Цена: 635.83
—Номенклатура: 00-00109569 Пружина растяжения 1727х10х1,3(мм) EN 10270-1-SM-Zn  Цена: 487.5
—Номенклатура: 00-00134792 Винт с цилиндрической головкой и шестигранным углублением под ключ ГОСТ Р ИСО 4762 - M16x50-8.8-A6J  Цена: 20.25
—Номенклатура: 00-00134796 Винт с цилиндрической головкой и шестигранным углублением под ключ ГОСТ Р ИСО 4762 - M20x70-8.8-A6J  Цена: 48.66
—Номенклатура: 00-00002305 Файл А4  Цена: 3.38
—Номенклатура: 00-00008228 Набор настольный  Цена: 329.83
—Номенклатура: 00-00013348 Накопитель вертикальный  Цена: 135
—Номенклатура: 00-00031050 Подставка для бумаг  Цена: 404.55
—Номенклатура: 00-00058243 Лоток  Цена: 174.74
—Номенклатура: 00-00083402 Стикер  Цена: 155.58
—Номенклатура: 00-00009555 Папка файл-вкладыш  Цена: 66.54
—Номенклатура: 00-00024168 Папка файловая 60  Цена: 152.44
—Номенклатура: 00-00039808 Бумага для цв. струй. печ.  Цена: 345.87
—Номенклатура: 00-00110283 Бумага широкоформатная ProMEGA engineer (80 г/кв.м, длина 45 м, ширина 610 мм, диаметр втулки 50,8 мм)  Цена: 408.16
—Номенклатура: 00-00040243 Тумба приставная  Цена: 4553.12
—Номенклатура: 00-00073848 Линейка мет. 300мм ГОСТ 427-75(поверенная)  Цена: 594.12
—Номенклатура: 00-00128647 хх  Цена: 103.5
—Номенклатура: 00-00146997 Датчик ВБИ-М30-91В-2111-С  Цена: 3880.16
—Номенклатура: 00-00147762 Датчик положения ВБИ-М12-39В-2112-С.51  Цена: 2945
—Номенклатура: 00-00101679 F3AL250V, 6x30мм 3A предохранитель плавкий, стеклянный  Цена: 3
—Номенклатура: 00-00185150 Маска сварщика с блоком очистки воздуха  Цена: 36885.25
—Номенклатура: 00-00185151 Фильтр к блоку очистки воздуха для маски сварщика  Цена: 1423.77
—Номенклатура: 00-00065172 Видеокарта  Цена: 2781
—Номенклатура: 00-00049793 Клемма 221-413  Цена: 441.67
—Номенклатура: 00-00144911 Коробка соединительная КСА12 - (-60+40)12 - 1x20sКНК Ni(А) - 1x25КБУ Ni(В) - (В)  Цена: 3666.67
—Номенклатура: 00-00146083 Лента AISI 321 0,1х400 М  Цена: 2250
—Номенклатура: 00-00146084 Лента AISI 321 0,15х400 М  Цена: 2250
—Номенклатура: 00-00146085 Лента AISI 321 0,2х400 М  Цена: 2250
—Номенклатура: 00-00146086 Лента AISI 321 0,3х400 М  Цена: 2250
—Номенклатура: 00-00144866 Блок пружинный 07 ОСТ24.125.166-01  Цена: 5908.33
—Номенклатура: 00-00146455 Талреп 02 ОСТ24.125.105-01  Цена: 2433.33
—Номенклатура: 00-00135478 Герметик ЭКОН Силиконовый 280мл  Цена: 339.4
—Номенклатура: 00-00115556 Полотно ленточное по дереву 3480х25х0,9 (3 зуба)  Цена: 2416.67
—Номенклатура: 00-00115557 Полотно ленточное по дереву 3480х20х0,8 (4 зуба)  Цена: 1975
—Номенклатура: 00-00187949 Закалка деталей КМД.2604064.01_78257.11 Втулка  Цена: 1
get_prices -  -  - 2026-09-07 11:31:04 - ==== END  Объединение цен по номенклатуре из трех источников ====
load_budgets_prices - Загрузка_бюджетов -  - 2026-09-07 11:31:05 - 2026-09-07 11:31:05 == Загрузка_бюджетов ОК===
load_budgets_states -  -  - 2026-09-07 11:31:05 - не найдены в БИТ_СоответствиеСтатейРасходовИСтатейБюджетирования статьи бюджетов:
2023:
—ф.5.1. Бюджет расходов по оплате труда, резервов, страховые взносы  по подразделениям компании:
———Резерв отпусков
———Премиальная часть
2024:
—ф.6.3. Бюджет по кредитам и займам, финансовым вложениям (год):
———% по полученным займам и кредитам
—ф.1.1. Инвестиционный бюджет (CAPEX) на год:
———Основные средства
—ф.5.1. Бюджет расходов по оплате труда, резервов, страховые взносы  по подразделениям компании:
———Резерв отпусков
—ф.5.2. Бюджет затрат на обучение и подбор персонала (год):
———Кадровое делопроизводство
2026:
—ф.4.3. Бюджет расходов на  безопасность и охрану объектов (год) :
———Техника и оборудование (системы безопасности)
—ф.6.1. Бюджет амортизационных отчислений:
———Амортизация НМА
INFO:     192.168.17.97:58273 - "POST /check-actual-password HTTP/1.1" 200 OK
calc_not_fill_states_expenditure - не заполненные статьи расходов -  - 2026-09-07 11:31:09 - При анализе ЗаказНаВнутреннееПотребление - не заполненные статьи расходов в СоответствиеСтатейРасходовИСтатейБюджетирования:
2026:
——Отдел управления Производства (Келаст): 'Резерв под выданные гарантии (96.09)'
——Отдел персонала (Келаст): 'Задолженность клиентов'
——Конструкторский отдел (Келаст): 'Задолженность клиентов'
——Сборочный цех Производства (Пауэрз): 'Инструмент общепроизвод.25'
——Отдел продаж (Пауэрз): 'Задолженность клиентов'
——Сталелитейный цех (ТатКуз): 'Задолженность клиентов'
——Цех механической обработки Производства (Пауэрз): 'Инвентарь общепроизвод.25'
——Отдел управления Производства (ТатКуз): 'РБП Таткуз: Прочие материальные расходы'
——Цех выпуска готовой продукции Производства (Пауэрз): 'Задолженность клиентов'
——Отдел комплектации (Келаст): 'Задолженность клиентов'
——Отдел внешнего монтажа  и сервиса Производства (Пауэрз): 'Инвентарь общепроизвод.25'
——Сборочный цех Производства (Келаст): 'Резерв под выданные гарантии (96.09)'
2023:
——Технологический отдел Производства (Пауэрз): 'НЕ ИСПОЛЬЗОВАТЬ с 01.01.2024 Инструмент (общепроизвод.) '
——Сборочный цех Производства (Пауэрз): 'Контроль и испытания продукции общепроизвод.25'
——Отдел охраны труда (Пауэрз): 'не использовать_прочие расходы на текущий ремонт (общепроизвод.)'
——Швейный цех Производства (Келаст): 'Спецодежда общепроизвод.25'
——Отдел персонала (Келаст): 'Корпоративные мероприятия'
——Цех выпуска готовой продукции Производства (Пауэрз): 'Инструмент общепроизвод.25'
——Цех тканевых компенсаторов Производства (Келаст): 'Инвентарь общепроизвод.25'
——Отдел транспортной логистики (Пауэрз): 'не использовать_Средства индивидуальной защиты (общепроизвод.)'
——Отдел информационных технологий (Келаст): 'Прочие расходы общехоз26 Келаст'
——Отдел капитального строительства и ремонта (Пауэрз): 'Ремонт основных средств  (производ.)'
——Цех механической обработки Производства (Пауэрз): 'НЕ ИСПОЛЬЗОВАТЬ_Коммунальные услуги (производ.)'
——Отдел маркетинга (Келаст): 'Н_Реклама и маркетинг'
——Административно-хозяйственный отдел (Пауэрз): 'не использовать_строительные материалы (управленч.)'
——Отдел управления Производства (Пауэрз): 'НЕ ИСПОЛЬЗОВАТЬ_Коммунальные услуги'
——Цех выпуска готовой продукции Производства (Пауэрз): 'Канцтовары общепроизвод.25'
——Отдел комплектации (Пауэрз): 'Прочие расходы общепроизвод.25'
——Отдел персонала (Пауэрз): 'Корпоративные мероприятия'
——Цех выпуска готовой продукции Производства (Пауэрз): 'Материалы прочие (производ.)'
——Отдел персонала (Пауэрз): 'Представительские расходы'
——Административно-хозяйственный отдел (Келаст): 'не использовать_строительные материалы (управленч.)'
——Отдел управления Производства (Келаст): 'НЕ ИСПОЛЬЗОВАТЬ С 01.01.2024 Эксплуатационные расходы (общепроизвод.)'
——Конструкторский отдел (Келаст): 'Ремонт основных средств (общепроизвод.)'
——Отдел складской логистики (Келаст): 'не использовать_Прочие расходные материалы (общепроизвод.) '
——Конструкторский отдел (Келаст): 'НЕ ИСПОЛЬЗОВАТЬ С 01.01.2024 Эксплуатационные расходы (производ.)'
——Отдел складской логистики (Келаст): 'Ремонт основных средств (общепроизвод.)'
——Сборочный цех Производства (Пауэрз): 'Материалы прочие (производ.)'
——Цех механической обработки Производства (Пауэрз): 'Ремонт основных средств  (производ.)'
——Сборочный цех Производства (Пауэрз): 'Прочие расходы общепроизвод.25'
——Цех выпуска готовой продукции Производства (Пауэрз): 'Спецодежда общепроизвод.25'
——Отдел охраны труда (Келаст): 'не использовать_прочие расходы на текущий ремонт (общепроизвод.)'
——Отдел технического контроля Производства (Пауэрз): 'не использовать_Прочие расходные материалы (общепроизвод.) '
——Отдел складской логистики (Келаст): 'не использовать_строительные материалы (общепроизвод.)'
——Сборочный цех Производства (Пауэрз): 'Ремонт основных средств  (производ.)'
——Отдел складской логистики (Пауэрз): 'не использовать_Прочие расходные материалы (общепроизвод.) '
——Сборочный цех Производства (Пауэрз): 'НЕ ИСПОЛЬЗОВАТЬ_Коммунальные услуги (производ.)'
——Дирекция (КБЖ): 'не использовать_строительные материалы (управленч.)'
——Отдел продаж газоочистного оборудования (Пауэрз): 'не использовать_Канцелярские товары (коммерч.)'
——Цех выпуска готовой продукции Производства (Пауэрз): 'Прочие расходы общепроизвод.25'
——Ремонтный цех Производства (Келаст): 'НЕ ИСПОЛЬЗОВАТЬ С 01.01.2024 Эксплуатационные расходы (общепроизвод.)'
——Сборочный цех Производства (Пауэрз): 'Инструмент общепроизвод.25'
——Отдел складской логистики (Пауэрз): 'НЕ ИСПОЛЬЗОВАТЬ с 01.01.2024 Инструмент (общепроизвод.) '
——Отдел технического контроля Производства (Пауэрз): 'НЕ ИСПОЛЬЗОВАТЬ с 01.01.2024 Инструмент (общепроизвод.) '
——Заготовительный цех Производства (Пауэрз): 'Прочие расходы общепроизвод.25'
——Хозяйственный отдел Производства (Келаст): 'НЕ ИСПОЛЬЗОВАТЬ С 01.01.2024 Эксплуатационные расходы (производ.)'
——Отдел технического контроля (Келаст): 'НЕ ИСПОЛЬЗОВАТЬ с 01.01.2024 Инструмент (общепроизвод.) '
——Цех выпуска готовой продукции Производства (Пауэрз): 'Ремонт основных средств  (производ.)'
——Сборочный цех Производства (Пауэрз): 'Инвентарь общепроизвод.25'
——Технологический отдел Производства (Келаст): 'не использовать_Прочие расходные материалы (общепроизвод.) '
——Отдел маркетинга (Пауэрз): 'Н_Реклама и маркетинг'
——Отдел управления Производства (Пауэрз): 'Ремонт основных средств (общепроизвод.)'
——Отдел управления Производства (Келаст): 'Ремонт основных средств (общепроизвод.)'
——Планово-диспетчерский отдел Производства (Пауэрз): 'не использовать_Прочие расходные материалы (общепроизвод.) '
——Ремонтный цех Производства (Пауэрз): 'Прочие расходы общепроизвод.25'
——Заготовительный цех Производства (Пауэрз): 'Материалы прочие (производ.)'
——Административно-хозяйственный отдел (Пауэрз): 'прочие расходы на текущий ремонт (управленч.)'
——Сборочный цех Производства (Пауэрз): 'Представительские расходы'
——Отдел продаж (Келаст): 'Н_Реклама и маркетинг'
——Ремонтный цех Производства (Келаст): 'Прочие расходы общепроизвод.25'
——Цех тканевых компенсаторов Производства (Келаст): 'Спецодежда общепроизвод.25'
——Цех механической обработки Производства (Пауэрз): 'Ремонт, ТО оборудования общепроизвод.25'
——Цех выпуска готовой продукции Производства (Пауэрз): 'Инвентарь общепроизвод.25'
——Набивочный цех Производства (Келаст): 'не использовать_строительные материалы (производ.)'
——Отдел управления Производства (Пауэрз): 'не использовать_строительные материалы (общепроизвод.)'
——Отдел капитального строительства и ремонта (Келаст): 'Спецодежда общехоз26 Келаст'
——Планово-диспетчерский отдел Производства (Пауэрз): 'НЕ ИСПОЛЬЗОВАТЬ с 01.01.2024 Инструмент (общепроизвод.) '
——Отдел комплектации (Пауэрз): 'Канцтовары общепроизвод.25'
——Ремонтный цех Производства (Пауэрз): 'НЕ ИСПОЛЬЗОВАТЬ с 01.01.2024 Инструмент (общепроизвод.) '
——Отдел комплектации (Пауэрз): 'Спецодежда общепроизвод.25'
——Отдел продаж быстросъемной изоляции (Келаст): 'Н_Реклама и маркетинг'
——Отдел персонала (Келаст): 'Представительские расходы'
——Планово-диспетчерский отдел Производства (Пауэрз): 'не использовать_Средства индивидуальной защиты (общепроизвод.)'
2025:
——Административно-хозяйственный отдел (ТатКуз): 'РБП Таткуз: Прочие материальные расходы'
——Сборочный цех Производства (Келаст): 'Прочие расходы (не учит. в НУ)  '
——Отдел продаж газоочистного оборудования (Пауэрз): 'Задолженность клиентов'
——Сборочный цех Производства (Пауэрз): 'Резерв под выданные гарантии (96.09)'
——Сборочный цех Производства (Пауэрз): 'Инструмент общепроизвод.25'
——Столярный цех Производства (Келаст): 'РБП Келаст: Лизинг'
——Отдел складской логистики (Келаст): 'Прочие расходы (не учит. в НУ)   '
——Отдел снабжения (Пауэрз): 'Задолженность клиентов'
——Отдел персонала (ТатКуз): 'Задолженность клиентов'
——Цех выпуска готовой продукции Производства (Пауэрз): 'Спецодежда общепроизвод.25'
——Отдел управления Производства (ТатКуз): 'РБП Таткуз: Прочие материальные расходы'
——Отдел безопасности (Келаст): 'Приобретение нематериальных активов'
——Сталелитейный цех (ТатКуз): 'Водоотведение и канализация (прям)'
——Отдел продаж оборудования пневмотранспорта и сажеобдувочных аппаратов (Пауэрз): 'Приобретение нематериальных активов'
——Сборочный цех Производства (Келаст): 'Резерв под выданные гарантии (96.09)'
——Дирекция (КБЖ): 'Прочие расходы (не учит. в НУ)       '
2024:
——Отдел продаж (Пауэрз): 'не использовать_Канцелярские товары (коммерч.)'
——Технологический отдел Производства (Келаст): 'Задолженность клиентов'
——Отдел продаж (Пауэрз): 'Задолженность клиентов'
——Отдел складской логистики (Келаст): 'Прочие расходы (не учит. в НУ)   '
——Отдел маркетинга (Келаст): 'Н_Реклама и маркетинг'
——Отдел продаж (Пауэрз): 'Резерв под выданные гарантии'
——Отдел продаж оборудования пневмотранспорта и сажеобдувочных аппаратов (Пауэрз): 'Резерв под выданные гарантии'
——Отдел складской логистики (Келаст): 'не использовать_Средства индивидуальной защиты (общепроизвод.)'
——Административно-хозяйственный отдел (Келаст): 'Ремонт основных средств (общепроизвод.)'
——Планово-диспетчерский отдел Производства (Пауэрз): 'Задолженность клиентов'
——Отдел складской логистики (Келаст): 'Прочие расходные материалы (прям)'
——Административно-хозяйственный отдел (Келаст): 'не использовать_строительные материалы (управленч.)'
——Административно-хозяйственный отдел (Келаст): 'Прочие расходы (не учит. в НУ) '
——Производственный цех Пауэрз: 'Ремонт, ТО оборудования общепроизвод.25'
——Ремонтный цех Производства (Пауэрз): 'Задолженность клиентов'
——Цех механической обработки Производства (Пауэрз): 'Задолженность клиентов'
——Отдел продаж (Келаст): 'Резерв под выданные гарантии'
——Отдел комплектации (Пауэрз): 'Задолженность клиентов'
——Отдел охраны труда (Келаст): 'не использовать_прочие расходы на текущий ремонт (общепроизвод.)'
——Отдел продаж газоочистного оборудования (Пауэрз): 'Резерв под выданные гарантии'
——Отдел складской логистики (Келаст): 'не использовать_строительные материалы (общепроизвод.)'
——Отдел продаж (Пауэрз): 'Резерв под выданные гарантии (96.09)'
——Швейный цех Производства (Келаст): 'Задолженность клиентов'
——Дирекция (КБЖ): 'не использовать_строительные материалы (управленч.)'
——Отдел продаж оборудования пневмотранспорта и сажеобдувочных аппаратов (Пауэрз): 'Резерв под выданные гарантии (96.09)'
——Цех механической обработки Производства (Пауэрз): 'Спецодежда общепроизвод.25'
——Сборочный цех Производства (Пауэрз): 'Инструмент общепроизвод.25'
——Швейный цех Производства (Келаст): 'Прочие расходы (не учит. в НУ)    '
——Отдел складской логистики (Пауэрз): 'Задолженность клиентов'
——Технологический отдел Производства (Пауэрз): 'не использовать_Канцелярские товары (общепроизвод.)'
——Цех механической обработки Производства (Пауэрз): 'Инвентарь общепроизвод.25'
——Отдел логистики (Келаст): 'Резерв под выданные гарантии (96.09)'
——Сборочный цех Производства (Келаст): 'Задолженность клиентов'
——Отдел технического контроля Производства (Пауэрз): 'не использовать_Средства индивидуальной защиты (общепроизвод.)'
——Сборочный цех Производства (Пауэрз): 'НЕ ИСПОЛЬЗОВАТЬ с 01.01.2024 Инструмент (общепроизвод.) '
——Сборочный цех Производства (Пауэрз): 'Задолженность клиентов'
——Административно-хозяйственный отдел (Пауэрз): 'Задолженность клиентов'
——Отдел продаж (Келаст): 'Резерв под выданные гарантии (96.09)'
——Отдел технического контроля (Келаст): 'не использовать_Средства индивидуальной защиты (общепроизвод.)'
——Отдел складской логистики (Пауэрз): 'не использовать_Средства индивидуальной защиты (общепроизвод.)'
——Бухгалтерия (КБЖ): 'Задолженность клиентов'
——Ремонтный цех Производства (Пауэрз): 'НЕ ИСПОЛЬЗОВАТЬ с 01.01.2024 Инструмент (общепроизвод.) '
——Сталелитейный цех (КБЖ): 'Доходы прошлых периодов'
——Отдел персонала (Пауэрз): 'Представительские расходы'
INFO:     IS_TEST_BASE: '0'
INFO:     [bitrix24.РаспоряжениеНаДоставку.СинхронизацияТабличнойЧасти] Ответ успешно принят: {'title': '000008138 от 04.09.2026',
 'ufCrm18CountSpots': 6,
 'ufCrm18Customer': 'Келаст',
 'ufCrm18DateShipment': '08.09.2026',
 'ufCrm18DimensionsSpots': '1150x150x150, 1150x150x150, 1150x150x150, '
                           '1150x150x150, 1150x150x150, 1150x150x150',
 'ufCrm18GrossWeight': 100.02,
 'ufCrm18Info': '100кг, 6 коробок, каждая коробка 15х15х115 см\n'
                '\n'
                'ООО «ГАЛОГЕН» ИНН 5904298904 Идентификатор\n'
                'ЭДО ООО КОМПАНИЯ «ТЕНЗОР»\n'
                '2BE577abdc06b3c11e3bacf005056917125\n'
                'Дата отгрузки изменена на основании задачи в Битрикс от '
                'Кудрявцевой Юлии\n',
 'ufCrm18Insurance': 0.0,
 'ufCrm18NetWeigth': 97.8,
 'ufCrm18PackingType': '',
 'ufCrm18Payment': 'Организация',
 'ufCrm18Products': ' Элатекс Фтор 340 - 287,647 м2',
 'ufCrm18Recipient': 'Келаст, ИНН ',
 'ufCrm18RecipientAddress': '173526, Новгородская обл, р-н Новгородский, рп '
                            'Панковка, ул Индустриальная, д. 18А, офис 1',
 'ufCrm18RecipientContact': 'Шаляпина Марина Сергеевна, +7+79210250050',
 'ufCrm18Shipper': 'ООО "КЕЛАСТ"',
 'ufCrm18Shipper2': 'ГАЛОГЕН ООО',
 'ufCrm18ShipperContact': 'Отдел реализации, +7(342)2506835',
 'ufCrm18ShippingAddress': '',
 'ufCrm18ShippingAddress2': 'г. Пермь, ул. Гальперина, 6, к. 11',
 'ufCrm18ShippingMethod': 'На усмотрение транспортной службы',
 'ufCrm18Volume': 0.156,
 'xmlId': '8c120d64-a845-11f1-a4ba-30e1716be59f'}
INFO:     192.168.100.50:59842 - "POST /hs/mes/exchange/v1/order-delivery/ HTTP/1.1" 200 OK
INFO:     192.168.17.140:62158 - "POST /api/v1/revit/nomens HTTP/1.1" 404 Not Found
INFO:     192.168.17.48:57097 - "POST /authenticate HTTP/1.1" 200 OK
INFO:     192.168.19.84:59137 - "GET /files/py/packages/list/ HTTP/1.1" 200 OK
INFO:     192.168.19.127:52663 - "POST /check-actual-password HTTP/1.1" 200 OK
INFO:     192.168.17.140:62158 - "POST /api/v1/revit/nomens HTTP/1.1" 404 Not Found
INFO:     192.168.19.84:59142 - "GET / HTTP/1.1" 200 OK
INFO:     192.168.19.84:59143 - "GET /files/project-cust/hash/ HTTP/1.1" 200 OK
INFO:     192.168.17.48:57101 - "POST /check-actual-password HTTP/1.1" 200 OK
INFO:     192.168.19.127:52678 - "POST /authenticate HTTP/1.1" 200 OK
INFO:root:zp_etaps: obj_full_name='ДокументОбъект.ЭтапПроизводства2_2' GUID=UUID('2b14cb05-aa91-11f1-a4bb-30e1716be59f') action_type='MES.ERP/ЗП.Этапы.КонтрольИзменений' is_test=False status='Сформирован' is_deleted=False timestamp=1788780703
INFO:root:Запись завершена, результат: 1201153
INFO:     192.168.100.50:59926 - "POST /hs/mes/exchange/v1/zp_etaps/changes/ HTTP/1.1" 200 OK
INFO:     192.168.19.84:59162 - "POST /authenticate HTTP/1.1" 200 OK
INFO:     192.168.19.84:59201 - "POST /check-actual-password HTTP/1.1" 200 OK
INFO:     192.168.17.48:57110 - "POST /authenticate HTTP/1.1" 200 OK
INFO:root:zp_etaps: obj_full_name='ДокументОбъект.ЭтапПроизводства2_2' GUID=UUID('2dbff9dd-5f12-11f1-a4a7-30e1716be59f') action_type='MES.ERP/ЗП.Этапы.КонтрольИзменений' is_test=False status='Завершен' is_deleted=False timestamp=1788780715
INFO:root:Запись завершена, результат: 1201154
INFO:     192.168.100.50:59943 - "POST /hs/mes/exchange/v1/zp_etaps/changes/ HTTP/1.1" 200 OK
